filename,actor_id,gender,emotion_label,discrepancy,oof_pred_Random_Baseline,oof_prob_Random_Baseline,oof_pred_Logistic_Regression,oof_prob_Logistic_Regression,oof_pred_SVM_Linear,oof_prob_SVM_Linear,oof_pred_SVM_RBF,oof_prob_SVM_RBF,oof_pred_Random_Forest,oof_prob_Random_Forest,oof_pred_Gradient_Boosting,oof_prob_Gradient_Boosting,oof_pred_XGBoost,oof_prob_XGBoost,oof_pred_LightGBM,oof_prob_LightGBM
03-01-01-01-01-01-01.wav,1,male,neutral,0,1,1.0,0,0.4553243712866318,0,0.7858004065454107,1,0.9749764591414867,1,0.98,1,0.9542351183601011,1,0.9958301186561584,1,0.9991705380307712
03-01-01-01-01-02-01.wav,1,male,neutral,0,0,0.0,0,0.4739080414896425,0,0.7194111413803038,0,0.7886965762642487,0,0.4,1,0.537593399449598,0,0.04265478625893593,0,0.14938316217927192
03-01-01-01-02-01-01.wav,1,male,neutral,0,1,1.0,0,0.33865831595133766,0,0.653078835499039,0,0.7391698211209634,1,0.79,1,0.903598765246943,1,0.9531185626983643,1,0.9992037098567865
03-01-01-01-02-02-01.wav,1,male,neutral,0,1,1.0,0,0.3777109373963987,0,0.6717071117387383,0,0.808508657651865,1,0.81,1,0.8997721794220506,1,0.8252319097518921,1,0.9973776646750436
03-01-02-01-01-01-01.wav,1,male,calm,0,1,1.0,0,0.07061442913298882,0,0.38289057130151144,0,0.5445900447907532,0,0.19,0,0.035337895307662105,0,0.0057036783546209335,0,0.00038481356380566016
03-01-02-01-01-02-01.wav,1,male,calm,0,1,1.0,0,0.01331800542758733,0,0.08062882092864385,0,0.22233967663925958,0,0.01,0,0.02670474450155443,0,0.003749710973352194,0,0.0007263207821796841
03-01-02-01-02-01-01.wav,1,male,calm,0,1,1.0,0,0.033770483222118404,0,0.3038400796415577,0,0.25508057032090076,0,0.08,0,0.0242185037065059,0,0.0024841204285621643,0,0.0003012413711847537
03-01-02-01-02-02-01.wav,1,male,calm,0,0,0.0,0,0.0208936331349694,0,0.18252733080011047,0,0.22087328988274546,0,0.15,0,0.02510390610042751,0,0.006710044573992491,0,0.0002519140391934857
03-01-02-02-01-01-01.wav,1,male,calm,0,1,1.0,0,0.0236332493673634,0,0.18162490394656264,0,0.3154945622426042,0,0.08,0,0.17744357805264382,0,0.004950855392962694,0,0.0005477162673460781
03-01-02-02-01-02-01.wav,1,male,calm,0,1,1.0,0,0.042926051681468104,0,0.3287102014146568,0,0.41629403059916803,0,0.16,0,0.057356690054243646,0,0.007880176417529583,0,0.00033714570182355637
03-01-02-02-02-01-01.wav,1,male,calm,0,1,1.0,0,0.019417694116861468,0,0.15434371067596508,0,0.15762213479649442,0,0.05,0,0.02845664103068838,0,0.01732136309146881,0,0.00043293566495808844
03-01-02-02-02-02-01.wav,1,male,calm,0,0,0.0,0,0.02811532509848733,0,0.19952860942251163,0,0.135304682663055,0,0.01,0,0.027760189312687776,0,0.002174684777855873,0,0.00030987975389634324
03-01-03-01-01-01-01.wav,1,male,happy,1,0,0.0,1,0.7999756679276352,1,0.9292120370939865,1,0.9973348807113861,1,0.96,1,0.9861293383304416,1,0.9979836940765381,1,0.9999337864052945
03-01-03-01-01-02-01.wav,1,male,happy,1,1,1.0,1,0.9140807730304876,1,0.970865086486125,1,0.9966918636195814,1,0.93,1,0.9883435052500786,1,0.9978864789009094,1,0.9998979077856918
03-01-03-01-02-01-01.wav,1,male,happy,1,1,1.0,1,0.8017865593667945,1,0.9416304779825447,1,0.9838177020515703,1,0.89,1,0.9813631962861632,1,0.9974615573883057,1,0.9998094784898837
03-01-03-01-02-02-01.wav,1,male,happy,1,1,1.0,1,0.8437092973252065,1,0.955068988712078,1,0.978130328353621,1,0.98,1,0.9894977925408697,1,0.9994900226593018,1,0.9998994964991833
03-01-03-02-01-01-01.wav,1,male,happy,1,1,1.0,1,0.935038531907237,1,0.97228049204449,1,0.9999951363003904,1,1.0,1,0.9946316998182375,1,0.9989173412322998,1,0.9999551407365519
03-01-03-02-01-02-01.wav,1,male,happy,1,1,1.0,1,0.9412260987568183,1,0.9749224979231037,1,0.9917644460831793,1,1.0,1,0.9953449627409618,1,0.9997642636299133,1,0.9999853727497795
03-01-03-02-02-01-01.wav,1,male,happy,1,1,1.0,1,0.9792884613876743,1,0.9933941928702413,1,0.9999905838042221,1,0.99,1,0.9929366994993345,1,0.9990642666816711,1,0.9999751870116047
03-01-03-02-02-02-01.wav,1,male,happy,1,1,1.0,1,0.9749216018763429,1,0.9941850339750022,1,0.9999987122053762,1,1.0,1,0.995984220572115,1,0.9998753070831299,1,0.9999854241501089
03-01-04-01-01-01-01.wav,1,male,sad,1,1,1.0,0,0.07018450846155039,0,0.2940198393561984,0,0.3556827318075691,0,0.47,0,0.39423638325345894,0,0.08395954966545105,0,0.001322257934942642
03-01-04-01-01-02-01.wav,1,male,sad,1,1,1.0,0,0.467838991725267,0,0.7275432860839054,0,0.7406455996613237,1,0.59,1,0.7152605556717642,0,0.44510579109191895,0,0.008004977822905034
03-01-04-01-02-01-01.wav,1,male,sad,1,1,1.0,0,0.14375471000611661,0,0.4933453940935388,0,0.45932901465738,0,0.39,0,0.43245642079920643,0,0.05565813556313515,0,0.009928283127027974
03-01-04-01-02-02-01.wav,1,male,sad,1,1,1.0,1,0.8153212617834666,1,0.9461525986430152,1,0.9897790995110295,1,0.89,1,0.9415553893112232,1,0.971564769744873,1,0.9997596727221746
03-01-04-02-01-01-01.wav,1,male,sad,1,1,1.0,1,0.5937359898487857,1,0.8476178395729645,1,0.9470695668220017,1,0.63,1,0.8809656754435307,1,0.8299091458320618,1,0.7042601227498778
03-01-04-02-01-02-01.wav,1,male,sad,1,1,1.0,1,0.6612810571599145,1,0.8231269858705903,0,0.5208797726975702,1,0.74,1,0.8940985433622614,0,0.18468262255191803,0,0.10841781183211074
03-01-04-02-02-01-01.wav,1,male,sad,1,1,1.0,1,0.9422749722907116,1,0.9817251167779727,1,0.992793994156322,1,1.0,1,0.9912644204543498,1,0.9996490478515625,1,0.9999858536024643
03-01-04-02-02-02-01.wav,1,male,sad,1,1,1.0,1,0.9304372882670132,1,0.9740313167136636,1,0.9999953575804641,1,1.0,1,0.992044712359618,1,0.9999003410339355,1,0.9999782056981171
03-01-05-01-01-01-01.wav,1,male,angry,1,1,1.0,1,0.9955974939273249,1,0.9999932078321092,1,0.9999948736617342,1,1.0,1,0.9964306897186314,1,0.999285876750946,1,0.9999689558563777
03-01-05-01-01-02-01.wav,1,male,angry,1,1,1.0,1,0.9950740464073522,1,0.9999941481510151,1,0.9999932235076449,1,1.0,1,0.9964306897186314,1,0.9994542002677917,1,0.9999740605571916
03-01-05-01-02-01-01.wav,1,male,angry,1,1,1.0,1,0.9388650882314593,1,0.9804722090008821,1,0.9999882290284571,1,0.97,1,0.9925160714118639,1,0.9987426400184631,1,0.999933368112319
03-01-05-01-02-02-01.wav,1,male,angry,1,1,1.0,1,0.9918614184343942,1,0.9999898451716693,1,0.9999954918016476,1,1.0,1,0.9963305000963328,1,0.9996877908706665,1,0.9999766813876492
03-01-05-02-01-01-01.wav,1,male,angry,1,1,1.0,1,0.9999999993447874,1,0.9999999999999699,1,0.999998777486098,1,1.0,1,0.9975606793739511,1,0.9995138645172119,1,0.9999897219223357
03-01-05-02-01-02-01.wav,1,male,angry,1,0,0.0,1,0.9999992107662194,1,0.9999999999998956,1,0.9999999504152196,1,1.0,1,0.9969640108466461,1,0.9998694658279419,1,0.9999897167098035
03-01-05-02-02-01-01.wav,1,male,angry,1,0,0.0,1,0.9999998257015821,1,0.9999999999999699,1,0.9999995646712156,1,1.0,1,0.9962010692308221,1,0.9994387030601501,1,0.9999706671750891
03-01-05-02-02-02-01.wav,1,male,angry,1,0,0.0,1,0.9999999999999998,1,0.9999999999999699,1,0.9957730806592183,1,1.0,1,0.9968628155399859,1,0.999762237071991,1,0.9999914469878117
03-01-06-01-01-01-01.wav,1,male,fearful,1,1,1.0,1,0.9093400889380973,1,0.96247796647372,1,0.994764818223675,1,0.96,1,0.9684442665939398,1,0.9958492517471313,1,0.9993477822472827
03-01-06-01-01-02-01.wav,1,male,fearful,1,1,1.0,1,0.7453339323464683,1,0.9248741359058564,1,0.990857422265403,1,0.93,1,0.94528341820317,1,0.9721845388412476,1,0.9986423051626238
03-01-06-01-02-01-01.wav,1,male,fearful,1,1,1.0,1,0.8584270674822022,1,0.9670328042677183,1,0.9999967766957345,1,0.92,1,0.9455611763938695,1,0.7530660629272461,1,0.8625625425762522
03-01-06-01-02-02-01.wav,1,male,fearful,1,1,1.0,1,0.8827149729938712,1,0.9704340849982684,1,0.9999995300732112,1,0.97,1,0.9890330196427592,1,0.9998049139976501,1,0.9999534407208293
03-01-06-02-01-01-01.wav,1,male,fearful,1,1,1.0,1,0.9999979833003966,1,0.9999999999980484,1,0.9999957988244106,1,1.0,1,0.9967623380351255,1,0.999874472618103,1,0.9999895362278207
03-01-06-02-01-02-01.wav,1,male,fearful,1,1,1.0,1,0.9999740620975206,1,0.999999999640118,1,0.999999975283944,1,1.0,1,0.9962622042464166,1,0.9993374943733215,1,0.9999832348243245
03-01-06-02-02-01-01.wav,1,male,fearful,1,1,1.0,1,0.9999997757904181,1,0.9999999999999699,1,0.9999999955791118,1,1.0,1,0.9966432620572608,1,0.9997872710227966,1,0.9999912777990022
03-01-06-02-02-02-01.wav,1,male,fearful,1,0,0.0,1,0.99997079299571,1,0.9999999997866701,1,0.9999999986854499,1,1.0,1,0.992017383865374,1,0.9998912811279297,1,0.9999858749150998
03-01-07-01-01-01-01.wav,1,male,disgust,1,1,1.0,1,0.9968767077977857,1,0.9843418854511308,1,0.9946796603615896,1,0.99,1,0.9951235793473706,1,0.9998037219047546,1,0.9999859074067492
03-01-07-01-01-02-01.wav,1,male,disgust,1,1,1.0,1,0.9585567758908247,1,0.9824650941622196,1,0.9950612224732177,1,0.98,1,0.9952037598993178,1,0.9999194145202637,1,0.9999848835765438
03-01-07-01-02-01-01.wav,1,male,disgust,1,1,1.0,1,0.9507005395023407,1,0.9875874476045521,1,0.999995525165839,1,0.95,1,0.9744524615516367,1,0.9957263469696045,1,0.9972233135947853
03-01-07-01-02-02-01.wav,1,male,disgust,1,1,1.0,1,0.9979193262298918,1,0.9941608407418941,1,0.9949019254233613,1,0.94,1,0.9091565835453164,1,0.9953387975692749,1,0.9938390700810104
03-01-07-02-01-01-01.wav,1,male,disgust,1,1,1.0,1,0.9998609563270019,1,0.9999999932246807,1,0.9999999882154725,1,1.0,1,0.9982697244228868,1,0.9999052286148071,1,0.9999852954193442
03-01-07-02-01-02-01.wav,1,male,disgust,1,1,1.0,1,0.9995659548167015,1,0.99999986078618,1,0.9999999090604311,1,1.0,1,0.9980580398788202,1,0.9998817443847656,1,0.9999852430680458
03-01-07-02-02-01-01.wav,1,male,disgust,1,0,0.0,1,0.9989614965039805,1,0.9999994572013395,1,0.9999998312221685,1,1.0,1,0.9914244232528739,1,0.9997571110725403,1,0.9999858390909261
03-01-07-02-02-02-01.wav,1,male,disgust,1,1,1.0,1,0.9992552802432901,1,0.9999997936031434,1,0.9999999881714873,1,1.0,1,0.9971823991663018,1,0.9998537302017212,1,0.9999818465161591
03-01-08-01-01-01-01.wav,1,male,surprised,1,0,0.0,1,0.7906887410694734,1,0.8984630792866144,1,0.9588569883858103,1,0.91,1,0.9678430954665532,1,0.9938464760780334,1,0.9998723170331975
03-01-08-01-01-02-01.wav,1,male,surprised,1,0,0.0,1,0.7434800285277736,1,0.894600266362808,1,0.989572670581847,1,0.84,1,0.9865907873382211,1,0.9984583854675293,1,0.9996852169433388
03-01-08-01-02-01-01.wav,1,male,surprised,1,1,1.0,1,0.8805725257703999,1,0.971667923150727,1,0.9999988388562198,1,0.91,1,0.9905984429213684,1,0.9993727803230286,1,0.9998693024803967
03-01-08-01-02-02-01.wav,1,male,surprised,1,0,0.0,1,0.8100989805032417,1,0.9256502741180322,1,0.9953186888815633,1,0.96,1,0.9852339405920819,1,0.9998210072517395,1,0.9999549603706371
03-01-08-02-01-01-01.wav,1,male,surprised,1,1,1.0,1,0.9626591114019334,1,0.986892390995636,1,0.9999998459812028,1,1.0,1,0.994053926244056,1,0.9995076656341553,1,0.9999850973838915
03-01-08-02-01-02-01.wav,1,male,surprised,1,1,1.0,1,0.97144351544469,1,0.9798657741374361,1,0.9731215678237344,1,0.97,1,0.9681280063590214,1,0.9935926795005798,1,0.9998278598373075
03-01-08-02-02-01-01.wav,1,male,surprised,1,1,1.0,1,0.958574110200152,1,0.9895621457848709,1,0.9999999877100684,1,0.98,1,0.9928796878301535,1,0.9998443126678467,1,0.9999650672504239
03-01-08-02-02-02-01.wav,1,male,surprised,1,1,1.0,1,0.9560102092653253,1,0.9837174159409741,1,0.9999994621478038,1,0.99,1,0.99236366707455,1,0.9995014667510986,1,0.9999468959153056
03-01-01-01-01-01-02.wav,2,female,neutral,0,1,1.0,1,0.6722810177519036,1,0.8465683013377019,0,0.7885857880467452,1,0.93,1,0.8982995044317754,1,0.911987841129303,1,0.8981794790620763
03-01-01-01-01-02-02.wav,2,female,neutral,0,0,0.0,1,0.6930824273902171,1,0.864241461795298,0,0.8000456640863859,1,0.96,1,0.9304367662485606,1,0.9758598208427429,1,0.9952561266739478
03-01-01-01-02-01-02.wav,2,female,neutral,0,1,1.0,1,0.7159583318643268,1,0.877538034685653,0,0.8116521798951553,1,0.87,1,0.8735994415799826,1,0.6776363253593445,0,0.31221459040568234
03-01-01-01-02-02-02.wav,2,female,neutral,0,1,1.0,1,0.654790081271348,1,0.8534788765172661,0,0.7148974757656487,1,0.83,1,0.8642691275217607,1,0.8595271110534668,1,0.8417455746311394
03-01-02-01-01-01-02.wav,2,female,calm,0,1,1.0,0,0.05242192283518062,0,0.25179426041055736,0,0.05184492366494679,0,0.2,0,0.06365160774710851,0,0.00602877140045166,0,0.0001763412581852486
03-01-02-01-01-02-02.wav,2,female,calm,0,1,1.0,0,0.012274477818252085,0,0.05747221865162524,0,0.2717746995315147,0,0.19,0,0.032606819633868425,0,0.001312456326559186,0,0.0002544942630271542
03-01-02-01-02-01-02.wav,2,female,calm,0,1,1.0,0,0.05282135222419976,0,0.3203176275151791,0,0.10591148168192625,0,0.07,0,0.036249146707364836,0,0.0007777272257953882,0,4.563134783660996e-05
03-01-02-01-02-02-02.wav,2,female,calm,0,0,0.0,0,0.02340691558121954,0,0.15794466578421984,0,0.11939779644004313,0,0.17,0,0.040466290138045306,0,0.0008100129198282957,0,0.00022365533980239346
03-01-02-02-01-01-02.wav,2,female,calm,0,1,1.0,0,0.0356668853035393,0,0.15937309768686686,0,0.07142643814028009,0,0.09,0,0.030254099790108027,0,0.0005104175070300698,0,0.00014633040591158298
03-01-02-02-01-02-02.wav,2,female,calm,0,1,1.0,0,0.02474358882415079,0,0.11020826289816425,0,0.08645483238075495,0,0.1,0,0.030254099790108027,0,0.00027753677568398416,0,7.979014093934724e-05
03-01-02-02-02-01-02.wav,2,female,calm,0,1,1.0,0,0.04244891633511573,0,0.2697161415872106,0,0.26574447602811985,0,0.09,0,0.026402772410408684,0,0.0005119032575748861,0,0.00010628351990271231
03-01-02-02-02-02-02.wav,2,female,calm,0,0,0.0,0,0.04838836703761587,0,0.3108000008227006,0,0.05691975922310462,0,0.17,0,0.030437570392811086,0,0.0005939608672633767,0,7.541073025290105e-05
03-01-03-01-01-01-02.wav,2,female,happy,1,0,0.0,1,0.8305638593580148,1,0.9184685553339504,1,0.9465502683739716,1,0.99,1,0.995087187008326,1,0.9996912479400635,1,0.9999647717484341
03-01-03-01-01-02-02.wav,2,female,happy,1,1,1.0,1,0.808222548372925,1,0.916868888115726,1,0.9279082522498723,1,1.0,1,0.9831446718112247,1,0.9987138509750366,1,0.9996424561716639
03-01-03-01-02-01-02.wav,2,female,happy,1,1,1.0,1,0.8110766602330686,1,0.9178355475262924,1,0.9217051650192466,1,0.96,1,0.9800033571091034,1,0.9991507530212402,1,0.9986522735110159
03-01-03-01-02-02-02.wav,2,female,happy,1,1,1.0,1,0.8842290021471202,1,0.9477632327576978,1,0.9206040590036674,1,0.98,1,0.9878175204445829,1,0.9997774958610535,1,0.9994212211201975
03-01-03-02-01-01-02.wav,2,female,happy,1,1,1.0,1,0.9993103367437016,1,0.9999998000276469,1,0.9999981928396835,1,1.0,1,0.9953237350953638,1,0.9998346567153931,1,0.9999907129040646
03-01-03-02-01-02-02.wav,2,female,happy,1,1,1.0,1,0.9997920249810722,1,0.9999999904179006,1,0.9999998217820341,1,1.0,1,0.9965353565456629,1,0.9999082088470459,1,0.9999906201289656
03-01-03-02-02-01-02.wav,2,female,happy,1,1,1.0,1,0.987987984131575,1,0.9957708571384397,1,0.9999912257689179,1,1.0,1,0.985885304007443,1,0.9991334080696106,1,0.9999055214698912
03-01-03-02-02-02-02.wav,2,female,happy,1,1,1.0,1,0.9929226928269748,1,0.9999847100268191,1,0.9999879472571681,1,1.0,1,0.9933905659280878,1,0.9998998641967773,1,0.999979378559812
03-01-04-01-01-01-02.wav,2,female,sad,1,1,1.0,0,0.048573262672319414,0,0.21069967712090742,0,0.050351422039651636,0,0.49,0,0.37871192095205075,0,0.01688533090054989,0,0.011106112359664928
03-01-04-01-01-02-02.wav,2,female,sad,1,1,1.0,0,0.20304799436178494,0,0.5092450263585553,0,0.17602065035341666,1,0.87,1,0.8963080813357599,1,0.9295855760574341,1,0.908068806405537
03-01-04-01-02-01-02.wav,2,female,sad,1,1,1.0,0,0.005356669380834207,0,0.038161432151407916,0,0.16185787097159857,1,0.54,1,0.6344184241564786,0,0.32274580001831055,1,0.8142226558880525
03-01-04-01-02-02-02.wav,2,female,sad,1,1,1.0,0,0.010108743362953093,0,0.07593796002730362,0,0.2430095145898771,0,0.17,0,0.03496888855680918,0,0.0894048660993576,0,0.005497753716814992
03-01-04-02-01-01-02.wav,2,female,sad,1,1,1.0,0,0.40967171396823954,0,0.626660931071778,0,0.5515646561699605,1,0.91,1,0.9655016264906612,1,0.9982990622520447,1,0.9993742442927843
03-01-04-02-01-02-02.wav,2,female,sad,1,1,1.0,0,0.39979185066217804,0,0.7244961983245994,0,0.6090041099618255,1,0.82,1,0.9249167847527621,1,0.975816011428833,1,0.9910416771033564
03-01-04-02-02-01-02.wav,2,female,sad,1,1,1.0,0,0.4608586685585275,0,0.7409124489195564,0,0.613164174628658,1,0.89,1,0.9510464462850142,1,0.9923298954963684,1,0.9962694894153368
03-01-04-02-02-02-02.wav,2,female,sad,1,1,1.0,0,0.19777240506014157,0,0.4255164805942841,0,0.7195828444077726,1,0.87,1,0.9516979979003142,1,0.9917773008346558,1,0.9997579059456565
03-01-05-01-01-01-02.wav,2,female,angry,1,1,1.0,1,0.864153151943492,1,0.9377227053245348,1,0.9940356948283204,1,1.0,1,0.9902235305726188,1,0.9995394945144653,1,0.9999886532820554
03-01-05-01-01-02-02.wav,2,female,angry,1,1,1.0,1,0.93712635006456,1,0.9753403564906772,1,0.9999813802118349,1,1.0,1,0.9939308884029219,1,0.9997900128364563,1,0.9999883868572169
03-01-05-01-02-01-02.wav,2,female,angry,1,1,1.0,1,0.9353550602421395,1,0.9801918007078791,1,0.99678918565585,1,1.0,1,0.9946523684146514,1,0.9993466734886169,1,0.999970294349759
03-01-05-01-02-02-02.wav,2,female,angry,1,1,1.0,1,0.9427922084622222,1,0.9761445855737458,1,0.9953274327966468,1,1.0,1,0.9927847374613025,1,0.9997356534004211,1,0.9999598694098905
03-01-05-02-01-01-02.wav,2,female,angry,1,1,1.0,1,0.9999466169560555,1,0.9999999992259091,1,0.9999996424685392,1,1.0,1,0.9961846962390893,1,0.9995404481887817,1,0.9999846534430993
03-01-05-02-01-02-02.wav,2,female,angry,1,0,0.0,1,0.9991643133489413,1,0.9999996831092127,1,0.9999993546863694,1,1.0,1,0.996147190978106,1,0.9995404481887817,1,0.9999846534430993
03-01-05-02-02-01-02.wav,2,female,angry,1,0,0.0,1,0.9999999965556827,1,0.9999999999999699,1,0.9999987921291607,1,1.0,1,0.9958749363171788,1,0.999687910079956,1,0.9999907018401644
03-01-05-02-02-02-02.wav,2,female,angry,1,0,0.0,1,0.9999998559655324,1,0.9999999999999699,1,0.9999996468727764,1,1.0,1,0.9958681980370689,1,0.9995505213737488,1,0.9999907018401644
03-01-06-01-01-01-02.wav,2,female,fearful,1,1,1.0,1,0.9095372252591918,1,0.962511349186242,1,0.9936896007148817,1,0.99,1,0.9915430143306829,1,0.9997326731681824,1,0.9999623572456986
03-01-06-01-01-02-02.wav,2,female,fearful,1,1,1.0,1,0.9092596486743045,1,0.9570930590921556,1,0.9920047374650411,1,1.0,1,0.9939605451286888,1,0.9997498393058777,1,0.9999864474397699
03-01-06-01-02-01-02.wav,2,female,fearful,1,1,1.0,1,0.9217322468742285,1,0.9668874517011883,1,0.99999697964553,1,1.0,1,0.9948012415126605,1,0.9998083710670471,1,0.9999891389835376
03-01-06-01-02-02-02.wav,2,female,fearful,1,1,1.0,1,0.9209059035393534,1,0.9736667647812419,1,0.9999989001217422,1,1.0,1,0.9917119183707704,1,0.9997109770774841,1,0.9999826440304665
03-01-06-02-01-01-02.wav,2,female,fearful,1,1,1.0,1,0.9900636681848553,1,0.9952471888285561,1,0.9999972471594141,1,1.0,1,0.9910668688170472,1,0.9998835325241089,1,0.9999878154264292
03-01-06-02-01-02-02.wav,2,female,fearful,1,1,1.0,1,0.997558815614321,1,0.9999974409412603,1,0.9999988517013887,1,1.0,1,0.9939605451286888,1,0.9998321533203125,1,0.9999882887138949
03-01-06-02-02-01-02.wav,2,female,fearful,1,1,1.0,1,0.9989446222919526,1,0.9999995826190555,1,0.9999999286994725,1,0.99,1,0.9955684536413952,1,0.9999102354049683,1,0.9999893841474069
03-01-06-02-02-02-02.wav,2,female,fearful,1,0,0.0,1,0.9943753924817893,1,0.9972056946294122,1,0.9999990221373097,1,1.0,1,0.9928445358637892,1,0.9997907280921936,1,0.9999883000243094
03-01-07-01-01-01-02.wav,2,female,disgust,1,1,1.0,1,0.84868846382371,1,0.9298895702746673,1,0.9904120032556342,1,0.97,1,0.9896509479985155,1,0.998748779296875,1,0.9999748272949568
03-01-07-01-01-02-02.wav,2,female,disgust,1,1,1.0,1,0.7544544413263965,1,0.8774799171713115,1,0.9625025653598454,1,0.97,1,0.9704734104468281,1,0.9994378685951233,1,0.9998877755871144
03-01-07-01-02-01-02.wav,2,female,disgust,1,1,1.0,1,0.8969146026425763,1,0.9665506844947253,1,0.9943072493982082,1,0.98,1,0.9807418251145612,1,0.9993624091148376,1,0.9998945340942232
03-01-07-01-02-02-02.wav,2,female,disgust,1,1,1.0,1,0.8593334115851089,1,0.9490651407543471,1,0.9892181693378793,1,0.97,1,0.9571786556663374,1,0.9985415935516357,1,0.9998103508120265
03-01-07-02-01-01-02.wav,2,female,disgust,1,1,1.0,1,0.9819214895586235,1,0.9930846323145507,1,0.9999995678298422,1,1.0,1,0.9963018641150212,1,0.9999123811721802,1,0.9999723369845257
03-01-07-02-01-02-02.wav,2,female,disgust,1,1,1.0,1,0.9821876395704624,1,0.9906256155160564,1,0.9999973338320123,1,1.0,1,0.9965425957702319,1,0.9998995065689087,1,0.9999835476045665
03-01-07-02-02-01-02.wav,2,female,disgust,1,0,0.0,1,0.9882772756216822,1,0.9958938377916794,1,0.9999993398254198,1,1.0,1,0.9965982730499243,1,0.9999305009841919,1,0.9999824555597753
03-01-07-02-02-02-02.wav,2,female,disgust,1,1,1.0,1,0.9893799834697546,1,0.9961975122363004,1,0.9999997114307934,1,1.0,1,0.9969684410533359,1,0.9999605417251587,1,0.9999914024817818
03-01-08-01-01-01-02.wav,2,female,surprised,1,0,0.0,1,0.9932174461849692,1,0.999990048480065,1,0.9999996722307845,1,1.0,1,0.9963273476013594,1,0.9997275471687317,1,0.999977896423697
03-01-08-01-01-02-02.wav,2,female,surprised,1,0,0.0,1,0.9838735094463755,1,0.9956222025063978,1,0.9999988069284836,1,1.0,1,0.9963316796989734,1,0.9997531771659851,1,0.9999743057888828
03-01-08-01-02-01-02.wav,2,female,surprised,1,1,1.0,1,0.9831859081857544,1,0.9953282497657775,1,0.9999962923551988,1,1.0,1,0.9967312629744322,1,0.9996811151504517,1,0.9999702754660128
03-01-08-01-02-02-02.wav,2,female,surprised,1,0,0.0,1,0.9956500225968459,1,0.9999976246415617,1,0.9972588336650922,1,0.99,1,0.9967925908226474,1,0.9997538924217224,1,0.9999794364177953
03-01-08-02-01-01-02.wav,2,female,surprised,1,1,1.0,1,0.9985320038596319,1,0.9999996384076828,1,0.9999968238980468,1,0.99,1,0.9967269002558595,1,0.9998971223831177,1,0.9999818348075076
03-01-08-02-01-02-02.wav,2,female,surprised,1,1,1.0,1,0.9981002943619762,1,0.9999991959165834,1,0.9999972355731404,1,0.99,1,0.9967269002558595,1,0.9998385906219482,1,0.9999818348075076
03-01-08-02-02-01-02.wav,2,female,surprised,1,1,1.0,1,0.9975139329084157,1,0.9999990105932707,1,0.9999831741713122,1,1.0,1,0.9971416742648281,1,0.9998674392700195,1,0.999981686048932
03-01-08-02-02-02-02.wav,2,female,surprised,1,1,1.0,1,0.9983940836987076,1,0.9999993201176626,1,0.999995622586146,1,0.94,1,0.996156539278726,1,0.9998612403869629,1,0.999981686048932
03-01-01-01-01-01-03.wav,3,male,neutral,0,1,1.0,1,0.875109116180442,1,0.9492095473145243,1,0.9951384698188638,1,0.96,1,0.9713108704798188,1,0.9972711205482483,1,0.9997806402611221
03-01-01-01-01-02-03.wav,3,male,neutral,0,0,0.0,1,0.7285351281984469,1,0.8709354901188383,1,0.9454394159060246,1,0.87,1,0.9462091351773788,1,0.9186110496520996,1,0.9983967902443232
03-01-01-01-02-01-03.wav,3,male,neutral,0,1,1.0,1,0.9652622510344688,1,0.9911790632111743,1,0.9855026451421012,1,0.88,1,0.8602833498310968,1,0.5336096286773682,0,0.40557425583016893
03-01-01-01-02-02-03.wav,3,male,neutral,0,1,1.0,1,0.8513081094021132,1,0.9410681578331562,1,0.9973577331831553,1,0.91,1,0.9826623903838969,1,0.9980777502059937,1,0.998524580944459
03-01-02-01-01-01-03.wav,3,male,calm,0,1,1.0,0,0.13716355984269046,0,0.4886323297098885,0,0.22596537538935213,0,0.17,0,0.030020729713727594,0,0.00058560079196468,0,4.4816926512178535e-05
03-01-02-01-01-02-03.wav,3,male,calm,0,1,1.0,0,0.16100237364029796,0,0.5764746313212703,0,0.34731183266563836,0,0.1,0,0.032146276614796965,0,0.0026669732760638,0,0.0001878989846769683
03-01-02-01-02-01-03.wav,3,male,calm,0,1,1.0,0,0.057829558156472866,0,0.39069116817676336,0,0.20411195301425494,0,0.12,0,0.03377208016586657,0,0.0016111579025164247,0,7.570008894780619e-05
03-01-02-01-02-02-03.wav,3,male,calm,0,0,0.0,0,0.3447437368323745,1,0.8400032150368233,0,0.5899017673267207,0,0.19,0,0.03198216908973018,0,0.004080813378095627,0,0.0013028740217562043
03-01-02-02-01-01-03.wav,3,male,calm,0,1,1.0,0,0.23820824511472496,0,0.6902051016182126,0,0.38450698088170265,0,0.16,0,0.035109605199582686,0,0.008072416298091412,0,0.0001668879568609755
03-01-02-02-01-02-03.wav,3,male,calm,0,1,1.0,0,0.32989467330137,1,0.8131722408120072,0,0.5722213937701868,0,0.2,0,0.033352106934837464,0,0.0027279569767415524,0,0.001090569703020186
03-01-02-02-02-01-03.wav,3,male,calm,0,1,1.0,0,0.1874207999348925,0,0.6993209372755735,0,0.45189617191107156,0,0.2,0,0.029161109428385273,0,0.009553766809403896,0,0.0016803203903200368
03-01-02-02-02-02-03.wav,3,male,calm,0,0,0.0,0,0.37827324310327953,1,0.8776883116017453,0,0.6461542552966504,0,0.18,0,0.031723183953083336,0,0.007882394827902317,0,0.0002516292376445646
03-01-03-01-01-01-03.wav,3,male,happy,1,0,0.0,1,0.9698914415630011,1,0.9922231358070914,1,0.9999972708110758,1,1.0,1,0.9842378022432666,1,0.9995636343955994,1,0.999941649746356
03-01-03-01-01-02-03.wav,3,male,happy,1,1,1.0,1,0.9598049237348827,1,0.9873721486255836,1,0.9999982492628094,1,0.99,1,0.9825176964920369,1,0.9995317459106445,1,0.9999615669629061
03-01-03-01-02-01-03.wav,3,male,happy,1,1,1.0,1,0.9890838172446933,1,0.9965050527792635,1,0.9999996638688895,1,1.0,1,0.993115605695978,1,0.9999305009841919,1,0.9999824220853929
03-01-03-01-02-02-03.wav,3,male,happy,1,1,1.0,1,0.9288985844952209,1,0.9747968802398935,1,0.9999830085219348,1,0.98,1,0.9872473137098798,1,0.9996423721313477,1,0.999968546192091
03-01-03-02-01-01-03.wav,3,male,happy,1,1,1.0,1,0.9998968821695566,1,0.9999999994417823,1,0.9999999993397722,1,1.0,1,0.9966990876952103,1,0.999961256980896,1,0.9999888688418345
03-01-03-02-01-02-03.wav,3,male,happy,1,1,1.0,1,0.9999993970107007,1,0.9999999999999699,1,0.9999999989780902,1,1.0,1,0.996026869147721,1,0.999895453453064,1,0.9999826862428501
03-01-03-02-02-01-03.wav,3,male,happy,1,1,1.0,1,0.9999999929247836,1,0.9999999999999699,1,0.9999999904987339,1,1.0,1,0.9981261404315611,1,0.9998176693916321,1,0.999990972595745
03-01-03-02-02-02-03.wav,3,male,happy,1,1,1.0,1,0.9999070470442588,1,0.9999999993053583,1,0.9999999846069771,1,0.98,1,0.9919774690589623,1,0.9990741014480591,1,0.9999488552658536
03-01-04-01-01-01-03.wav,3,male,sad,1,1,1.0,0,0.28760712249137066,0,0.5478575954030311,0,0.6623370641540962,1,0.71,1,0.7777260946345607,1,0.8696701526641846,1,0.9280287929218298
03-01-04-01-01-02-03.wav,3,male,sad,1,1,1.0,0,0.012057318840436565,0,0.0596406604566415,0,0.09831362474017687,0,0.02,0,0.02950701153824819,0,0.0010714761447161436,0,0.00013310286171233957
03-01-04-01-02-01-03.wav,3,male,sad,1,1,1.0,0,0.016113010148368415,0,0.10795448849551748,0,0.18039232393215882,1,0.54,1,0.8628757168538944,1,0.826257586479187,1,0.6179404535019405
03-01-04-01-02-02-03.wav,3,male,sad,1,1,1.0,0,0.019504328338527208,0,0.1377866995737102,0,0.10064674763237626,0,0.37,0,0.4628878243250327,0,0.15292346477508545,0,0.0376935973987041
03-01-04-02-01-01-03.wav,3,male,sad,1,1,1.0,1,0.9902519545379801,1,0.9972236075431329,1,0.9973766118945894,1,0.99,1,0.9934647591851056,1,0.9982383251190186,1,0.9999771452379164
03-01-04-02-01-02-03.wav,3,male,sad,1,1,1.0,1,0.9997096518845379,1,0.9999999450744094,1,0.9999992970053404,1,1.0,1,0.9973481116545199,1,0.9998131394386292,1,0.9999869670883312
03-01-04-02-02-01-03.wav,3,male,sad,1,1,1.0,1,0.9996577986583292,1,0.9999999630341914,1,0.9999986877901546,1,0.99,1,0.9828984345727428,1,0.9998785257339478,1,0.9999833429925415
03-01-04-02-02-02-03.wav,3,male,sad,1,1,1.0,1,0.9909769350765556,1,0.9999827531868068,1,0.9999997726867353,1,0.99,1,0.9871121121343291,1,0.9996300935745239,1,0.999954643972107
03-01-05-01-01-01-03.wav,3,male,angry,1,1,1.0,1,0.9576640616104086,1,0.9802071430064581,1,0.9999984212720682,1,0.98,1,0.9747044405049881,1,0.9973224997520447,1,0.999907445281306
03-01-05-01-01-02-03.wav,3,male,angry,1,1,1.0,1,0.9908052642546237,1,0.9999860917432395,1,0.9999993713797619,1,1.0,1,0.995007223365004,1,0.9999470710754395,1,0.9999689017015351
03-01-05-01-02-01-03.wav,3,male,angry,1,1,1.0,1,0.969749970536131,1,0.9909616639666536,1,0.9999998865837582,1,1.0,1,0.9869624952606721,1,0.9999068975448608,1,0.9999874620077259
03-01-05-01-02-02-03.wav,3,male,angry,1,1,1.0,1,0.9882924303165566,1,0.9969928287590883,1,0.9999999823688195,1,1.0,1,0.9962286720259897,1,0.9999661445617676,1,0.9999906851965541
03-01-05-02-01-01-03.wav,3,male,angry,1,1,1.0,1,0.9999999996815792,1,0.9999999999999699,1,0.9999997617195644,1,1.0,1,0.9983977575729862,1,0.9999110698699951,1,0.9999908614868358
03-01-05-02-01-02-03.wav,3,male,angry,1,0,0.0,1,0.999999999655512,1,0.9999999999999699,1,0.9999997482967755,1,1.0,1,0.9982088583820922,1,0.9998931884765625,1,0.9999903823009969
03-01-05-02-02-01-03.wav,3,male,angry,1,0,0.0,1,0.9999999951702185,1,0.9999999999999699,1,0.9999999726511175,1,1.0,1,0.9976876103664625,1,0.9999681711196899,1,0.9999910757332177
03-01-05-02-02-02-03.wav,3,male,angry,1,0,0.0,1,0.999999999968407,1,0.9999999999999699,1,0.9999990703614564,1,1.0,1,0.9980273875831852,1,0.9998387098312378,1,0.9999908631133672
03-01-06-01-01-01-03.wav,3,male,fearful,1,1,1.0,1,0.9341073588972175,1,0.9779511799919954,1,0.9999914588424972,1,0.91,1,0.9663790988236339,1,0.9993959665298462,1,0.9992442893499871
03-01-06-01-01-02-03.wav,3,male,fearful,1,1,1.0,1,0.9629520123642783,1,0.9871665580989597,1,0.9999999392197719,1,1.0,1,0.9914384456410725,1,0.9998996257781982,1,0.9999910683645721
03-01-06-01-02-01-03.wav,3,male,fearful,1,1,1.0,1,0.9656877468392485,1,0.9837868086354856,1,0.9999999391049907,1,0.99,1,0.9925101665997388,1,0.9999442100524902,1,0.999990073808684
03-01-06-01-02-02-03.wav,3,male,fearful,1,1,1.0,1,0.9745595902533313,1,0.9829907376609941,1,0.9999996282390765,1,0.96,1,0.9961041790789767,1,0.9999179840087891,1,0.9999619060954882
03-01-06-02-01-01-03.wav,3,male,fearful,1,1,1.0,1,0.9999942464628152,1,0.9999999999933564,1,0.9999998773390172,1,1.0,1,0.9957899336736603,1,0.999984622001648,1,0.9999871274291958
03-01-06-02-01-02-03.wav,3,male,fearful,1,1,1.0,1,0.9999999900331972,1,0.9999999999999699,1,0.9999999933591875,1,1.0,1,0.9977448531004651,1,0.9999496936798096,1,0.9999908610042668
03-01-06-02-02-01-03.wav,3,male,fearful,1,1,1.0,1,0.9999763062911022,1,0.9999999999485418,1,0.9999999999744277,1,1.0,1,0.997975514683574,1,0.9999773502349854,1,0.9999902642866072
03-01-06-02-02-02-03.wav,3,male,fearful,1,0,0.0,1,0.9999984330973011,1,0.9999999999999377,1,0.999999997229027,1,1.0,1,0.9974601001435072,1,0.9998999834060669,1,0.9999884887228953
03-01-07-01-01-01-03.wav,3,male,disgust,1,1,1.0,1,0.9993467484458297,1,0.9999993832823639,1,0.9999999694587022,1,1.0,1,0.9959445082940434,1,0.9998793601989746,1,0.999956672931322
03-01-07-01-01-02-03.wav,3,male,disgust,1,1,1.0,1,0.9824254226797239,1,0.9912800295719078,1,0.9999999635555826,1,0.99,1,0.9973925613223915,1,0.9999827146530151,1,0.9999904702888021
03-01-07-01-02-01-03.wav,3,male,disgust,1,1,1.0,1,0.9997668179725414,1,0.9999869384251445,1,0.9968982896578715,1,1.0,1,0.9985078946341011,1,0.9999899864196777,1,0.9999900584742183
03-01-07-01-02-02-03.wav,3,male,disgust,1,1,1.0,1,0.9873404536113976,1,0.9947150306477249,1,0.9999999727850758,1,1.0,1,0.998839731932586,1,0.999968409538269,1,0.9999896563166086
03-01-07-02-01-01-03.wav,3,male,disgust,1,1,1.0,1,0.9973341267307405,1,0.9999967312949353,1,0.9999999977955973,1,1.0,1,0.9975021309835199,1,0.9999852180480957,1,0.9999907853950935
03-01-07-02-01-02-03.wav,3,male,disgust,1,1,1.0,1,0.9950418574249503,1,0.9999881321711184,1,0.9999999941287433,1,0.98,1,0.9986664801968541,1,0.999994158744812,1,0.9999861609161752
03-01-07-02-02-01-03.wav,3,male,disgust,1,0,0.0,1,0.9987248615002978,1,0.9999982864363243,1,0.9999999267218785,1,1.0,1,0.9984422778232787,1,0.9999637603759766,1,0.999986039317597
03-01-07-02-02-02-03.wav,3,male,disgust,1,1,1.0,1,0.9999403055252379,1,0.9999999989277552,1,0.9999999985227498,1,1.0,1,0.9975702905477795,1,0.9999507665634155,1,0.9999912929578617
03-01-08-01-01-01-03.wav,3,male,surprised,1,0,0.0,1,0.9227974152600762,1,0.9704803739600959,1,0.9999993493765091,1,0.99,1,0.9911320404229343,1,0.9998470544815063,1,0.9999876423770067
03-01-08-01-01-02-03.wav,3,male,surprised,1,0,0.0,1,0.9827429873255202,1,0.9940361316572974,1,0.999987384723815,1,1.0,1,0.9914857302829815,1,0.9996408224105835,1,0.9998394135162905
03-01-08-01-02-01-03.wav,3,male,surprised,1,1,1.0,1,0.9799724675966851,1,0.9935925643213824,1,0.9999999856092475,1,0.99,1,0.994186109286367,1,0.9999840259552002,1,0.99998998739256
03-01-08-01-02-02-03.wav,3,male,surprised,1,0,0.0,1,0.9939249949353652,1,0.999995864033537,1,0.9999892196188943,1,0.99,1,0.9929034067312204,1,0.9996813535690308,1,0.9999769788328386
03-01-08-02-01-01-03.wav,3,male,surprised,1,1,1.0,1,0.9991179458863515,1,0.99999991109191,1,0.9999999998883347,1,0.99,1,0.9943859128338439,1,0.999975323677063,1,0.9999899709166025
03-01-08-02-01-02-03.wav,3,male,surprised,1,1,1.0,1,0.9998377908156839,1,0.9999999979588793,1,0.9999999180900055,1,1.0,1,0.993922956097257,1,0.9995056390762329,1,0.9999864704311131
03-01-08-02-02-01-03.wav,3,male,surprised,1,1,1.0,1,0.9992457647447643,1,0.9999999181229466,1,0.9999999948200398,1,0.99,1,0.9918190551654955,1,0.9997795224189758,1,0.9999742504785964
03-01-08-02-02-02-03.wav,3,male,surprised,1,1,1.0,1,0.9987752697328823,1,0.999999704587232,1,0.9999999997491857,1,1.0,1,0.9898461282579065,1,0.9999266862869263,1,0.9999838254408037
03-01-01-01-01-01-04.wav,4,female,neutral,0,1,1.0,1,0.6482542927785896,1,0.8854533917691048,0,0.7874382191821728,1,0.58,1,0.5615457544515157,0,0.2545939087867737,0,0.027843470999012417
03-01-01-01-01-02-04.wav,4,female,neutral,0,0,0.0,1,0.5862549153908032,1,0.828557096234075,0,0.8064561584894542,1,0.55,0,0.45540293117824054,0,0.27201706171035767,0,0.013733897359346641
03-01-01-01-02-01-04.wav,4,female,neutral,0,1,1.0,1,0.6678414706471967,1,0.8841236168760848,1,0.936855280899457,1,0.64,1,0.8587890545423698,1,0.9527156352996826,1,0.9689772241199751
03-01-01-01-02-02-04.wav,4,female,neutral,0,1,1.0,1,0.6617448464581233,1,0.881382475102196,1,0.9182916817354985,1,0.76,1,0.5566975691411125,0,0.45985516905784607,0,0.4301441593237284
03-01-02-01-01-01-04.wav,4,female,calm,0,1,1.0,0,0.03852414387963098,0,0.1871363891101135,0,0.07455815863425752,0,0.2,0,0.018519918402114862,0,0.005021593067795038,0,0.0002797933866422065
03-01-02-01-01-02-04.wav,4,female,calm,0,1,1.0,0,0.025720155314570583,0,0.18998290944945623,0,0.25837023721994623,1,0.7,1,0.6958258118701758,0,0.2187897264957428,1,0.9737395383405203
03-01-02-01-02-01-04.wav,4,female,calm,0,1,1.0,0,0.025744012968302015,0,0.16599934815956707,0,0.2369765917323534,1,0.71,1,0.7700342553318019,0,0.37024885416030884,0,0.44368411810390573
03-01-02-01-02-02-04.wav,4,female,calm,0,0,0.0,0,0.025291108851465134,0,0.18623845304640727,0,0.19062923418557692,1,0.73,1,0.6243678708060092,0,0.03564731776714325,0,0.2862364340622693
03-01-02-02-01-01-04.wav,4,female,calm,0,1,1.0,0,0.04945780254552782,0,0.23566372053828658,0,0.1433046278757673,0,0.18,0,0.012943514485250026,0,0.0024880594573915005,0,0.0002510512299577702
03-01-02-02-01-02-04.wav,4,female,calm,0,1,1.0,0,0.020134341943092018,0,0.10675961570346414,0,0.1066694338017094,1,0.61,1,0.7876868786871505,0,0.23425932228565216,1,0.9630643077617863
03-01-02-02-02-01-04.wav,4,female,calm,0,1,1.0,0,0.030327492017755895,0,0.21438739023062778,0,0.17902022674666043,1,0.73,0,0.4305033091757431,0,0.10121550410985947,0,0.20799931886876472
03-01-02-02-02-02-04.wav,4,female,calm,0,0,0.0,0,0.12139068446201802,0,0.5575993087510196,0,0.3744819365182244,0,0.03,0,0.03016722222100042,0,0.00036261911736801267,0,8.429845668989105e-05
03-01-03-01-01-01-04.wav,4,female,happy,1,0,0.0,1,0.8344374359639833,1,0.9449698007085635,1,0.9326591733260159,1,0.82,1,0.9697276767761006,1,0.9963221549987793,1,0.992606867362373
03-01-03-01-01-02-04.wav,4,female,happy,1,1,1.0,1,0.9612828608576252,1,0.9896001150911808,1,0.9964577904455939,1,1.0,1,0.9904004500066007,1,0.9994394183158875,1,0.9999574931130474
03-01-03-01-02-01-04.wav,4,female,happy,1,1,1.0,1,0.9228413427872553,1,0.9805035510432186,1,0.9974491934146488,1,0.87,1,0.880683010133593,1,0.871548593044281,1,0.8653471595944466
03-01-03-01-02-02-04.wav,4,female,happy,1,1,1.0,1,0.9196113503299654,1,0.9780329122271564,1,0.9880693933276469,1,0.94,1,0.9824404227499572,1,0.9960513710975647,1,0.9994156185602625
03-01-03-02-01-01-04.wav,4,female,happy,1,1,1.0,1,0.999418557800937,1,0.9999999664180532,1,0.9999872730974546,1,1.0,1,0.9928036989611652,1,0.9995453953742981,1,0.9999785826269512
03-01-03-02-01-02-04.wav,4,female,happy,1,1,1.0,1,0.9997168162330569,1,0.9999999728210515,1,0.9999902086669934,1,1.0,1,0.997554740346582,1,0.9996885061264038,1,0.9999896812736219
03-01-03-02-02-01-04.wav,4,female,happy,1,1,1.0,1,0.9994810703315211,1,0.9999999534223686,1,0.9999829697451721,1,1.0,1,0.9963983633973776,1,0.9995074272155762,1,0.9999916103266655
03-01-03-02-02-02-04.wav,4,female,happy,1,1,1.0,1,0.999971718478543,1,0.9999999999103235,1,0.9999931354054111,1,1.0,1,0.9958903973018303,1,0.9993470311164856,1,0.9999877483693976
03-01-04-01-01-01-04.wav,4,female,sad,1,1,1.0,1,0.5242253091165192,0,0.7448579158401388,0,0.7831619929446852,1,0.79,1,0.8198906072511748,1,0.9745879769325256,1,0.9875057931608864
03-01-04-01-01-02-04.wav,4,female,sad,1,1,1.0,1,0.8837027785151194,1,0.9501651107307513,1,0.9245115188302526,1,1.0,1,0.9829034109207465,1,0.9901289343833923,1,0.99966171353351
03-01-04-01-02-01-04.wav,4,female,sad,1,1,1.0,1,0.8814358164123253,1,0.9522162456463572,1,0.9808987790225585,1,0.97,1,0.9724052314705914,1,0.9951046705245972,1,0.9998477303269798
03-01-04-01-02-02-04.wav,4,female,sad,1,1,1.0,1,0.9027619554090646,1,0.9642111958789563,1,0.9776881703050117,1,0.97,1,0.979069334633624,1,0.9971548318862915,1,0.9997761607004149
03-01-04-02-01-01-04.wav,4,female,sad,1,1,1.0,1,0.9920731298528166,1,0.9972987739048926,1,0.9935982718576876,1,1.0,1,0.9941625980150639,1,0.9998278617858887,1,0.9999830142431071
03-01-04-02-01-02-04.wav,4,female,sad,1,1,1.0,1,0.9989105118203851,1,0.9999994552421783,1,0.9937327535295208,1,1.0,1,0.9952797782986292,1,0.9996377229690552,1,0.9999894204942248
03-01-04-02-02-01-04.wav,4,female,sad,1,1,1.0,1,0.9999859413446499,1,0.9999999999370646,1,0.9956122638145576,1,1.0,1,0.9916736781540475,1,0.9989025592803955,1,0.9999882729634627
03-01-04-02-02-02-04.wav,4,female,sad,1,1,1.0,1,0.9994919461282282,1,0.9999998459408378,1,0.9962848447656922,1,1.0,1,0.9960226890421944,1,0.9996918439865112,1,0.9999893536765582
03-01-05-01-01-01-04.wav,4,female,angry,1,1,1.0,1,0.969811978317241,1,0.9828397876168616,1,0.9954715513800262,1,1.0,1,0.9974897267343206,1,0.9992693066596985,1,0.999991460420599
03-01-05-01-01-02-04.wav,4,female,angry,1,1,1.0,1,0.9962330540121515,1,0.9999952212204043,1,0.996800983865879,1,1.0,1,0.9971989029985057,1,0.9996564388275146,1,0.9999914638861612
03-01-05-01-02-01-04.wav,4,female,angry,1,1,1.0,1,0.989172695041329,1,0.9958916066911447,1,0.9927640861600504,1,1.0,1,0.996907894127963,1,0.9993008375167847,1,0.9999916246407117
03-01-05-01-02-02-04.wav,4,female,angry,1,1,1.0,1,0.970030088149727,1,0.9911160090255519,1,0.9904568317897114,1,0.99,1,0.9955919460828567,1,0.998668909072876,1,0.9999890704749848
03-01-05-02-01-01-04.wav,4,female,angry,1,1,1.0,1,0.9999999733619911,1,0.9999999999999699,1,0.9968327678272084,1,1.0,1,0.9977612892996146,1,0.9990591406822205,1,0.9999914605840704
03-01-05-02-01-02-04.wav,4,female,angry,1,0,0.0,1,0.9999978065797789,1,0.9999999999997129,1,0.9968409568078272,1,1.0,1,0.9977612892996146,1,0.999325156211853,1,0.9999914635737791
03-01-05-02-02-01-04.wav,4,female,angry,1,0,0.0,1,0.9999999909368832,1,0.9999999999999699,1,0.996016438023796,1,1.0,1,0.9976943715730049,1,0.9991794228553772,1,0.9999916246407117
03-01-05-02-02-02-04.wav,4,female,angry,1,0,0.0,1,0.9999942111938486,1,0.9999999999964662,1,0.9964271822076798,1,1.0,1,0.996907894127963,1,0.9991794228553772,1,0.9999916103266655
03-01-06-01-01-01-04.wav,4,female,fearful,1,1,1.0,1,0.9830958466840707,1,0.9937649880646048,1,0.9964473311307936,1,0.98,1,0.9951991825444978,1,0.999512791633606,1,0.9999868716864869
03-01-06-01-01-02-04.wav,4,female,fearful,1,1,1.0,1,0.9888927684181953,1,0.996202267381262,1,0.9999914072364631,1,1.0,1,0.9939739830487853,1,0.999434769153595,1,0.9999869709060922
03-01-06-01-02-01-04.wav,4,female,fearful,1,1,1.0,1,0.9885325139581542,1,0.9958955566138353,1,0.9999984401546631,1,0.99,1,0.9945344458501488,1,0.9992358684539795,1,0.9999855585612206
03-01-06-01-02-02-04.wav,4,female,fearful,1,1,1.0,1,0.9786840420008144,1,0.9906321848276466,1,0.9974438423588906,1,0.99,1,0.9945344458501488,1,0.9995847344398499,1,0.9999901991504092
03-01-06-02-01-01-04.wav,4,female,fearful,1,1,1.0,1,0.9999924281644968,1,0.9999999999718986,1,0.9965863396246795,1,1.0,1,0.9973034944402196,1,0.9998428821563721,1,0.9999910259967882
03-01-06-02-01-02-04.wav,4,female,fearful,1,1,1.0,1,0.9999873453956121,1,0.9999999999578162,1,0.9999938240129486,1,1.0,1,0.9961982146575916,1,0.9997947812080383,1,0.9999893187261945
03-01-06-02-02-01-04.wav,4,female,fearful,1,1,1.0,1,0.9999988146078668,1,0.9999999999999081,1,0.9999856856342234,1,0.99,1,0.9916736781540475,1,0.9996057152748108,1,0.9999901111838801
03-01-06-02-02-02-04.wav,4,female,fearful,1,0,0.0,1,0.9999983755405822,1,0.999999999999517,1,0.9999949582672331,1,1.0,1,0.9970175124702504,1,0.9997395873069763,1,0.9999910259967882
03-01-07-01-01-01-04.wav,4,female,disgust,1,1,1.0,1,0.9723388627857709,1,0.9893435064727689,1,0.9956028898217677,1,0.99,1,0.9929242942631545,1,0.9998809099197388,1,0.9999713078870951
03-01-07-01-01-02-04.wav,4,female,disgust,1,1,1.0,1,0.9891169526931383,1,0.9957296545885642,1,0.9959737658637373,1,1.0,1,0.9976864665992362,1,0.9998432397842407,1,0.9999881276796603
03-01-07-01-02-01-04.wav,4,female,disgust,1,1,1.0,1,0.99098129336378,1,0.9966962069734687,1,0.9973152528906198,1,0.98,1,0.9966424318449609,1,0.9998692274093628,1,0.999988601528664
03-01-07-01-02-02-04.wav,4,female,disgust,1,1,1.0,1,0.9946589967360066,1,0.9970581025582231,1,0.995158822921341,1,1.0,1,0.9973334639746246,1,0.9998125433921814,1,0.9999911343034183
03-01-07-02-01-01-04.wav,4,female,disgust,1,1,1.0,1,0.9998204200690576,1,0.9999999712428124,1,0.9999993373228248,1,1.0,1,0.9980546309952182,1,0.9999217987060547,1,0.9999913742672192
03-01-07-02-01-02-04.wav,4,female,disgust,1,1,1.0,1,0.999784499156771,1,0.9999999743379412,1,0.9999999575013588,1,0.99,1,0.9980546309952182,1,0.9999758005142212,1,0.9999914927174841
03-01-07-02-02-01-04.wav,4,female,disgust,1,0,0.0,1,0.9969627234293349,1,0.9999951784126707,1,0.9999928472224281,1,0.99,1,0.996075467377736,1,0.9997305274009705,1,0.9999902732190233
03-01-07-02-02-02-04.wav,4,female,disgust,1,1,1.0,1,0.9992793431496267,1,0.9999998628954551,1,0.9999949999699308,1,1.0,1,0.9973445870657016,1,0.9998964071273804,1,0.9999914863524594
03-01-08-01-01-01-04.wav,4,female,surprised,1,0,0.0,1,0.9576626450493885,1,0.9866507743699525,1,0.9896011757727351,1,1.0,1,0.9956259909654738,1,0.9997590184211731,1,0.9999866934129714
03-01-08-01-01-02-04.wav,4,female,surprised,1,0,0.0,1,0.9961981265822444,1,0.9999985757014643,1,0.9973844902694905,1,1.0,1,0.9958327199390246,1,0.9997202754020691,1,0.9999883520018216
03-01-08-01-02-01-04.wav,4,female,surprised,1,1,1.0,1,0.9954855681829446,1,0.9999990887822001,1,0.9931119654390622,1,1.0,1,0.9970175124702504,1,0.9998342990875244,1,0.9999893536765582
03-01-08-01-02-02-04.wav,4,female,surprised,1,0,0.0,1,0.9971795642797799,1,0.999999341091996,1,0.9999949902121488,1,1.0,1,0.9976528697083097,1,0.9998114705085754,1,0.9999910124097046
03-01-08-02-01-01-04.wav,4,female,surprised,1,1,1.0,1,0.9999202716865858,1,0.9999999997249284,1,0.9966973604911673,1,1.0,1,0.9970175124702504,1,0.9997791647911072,1,0.9999910259967882
03-01-08-02-01-02-04.wav,4,female,surprised,1,1,1.0,1,0.9992798101079258,1,0.9999999458209036,1,0.9943854638276323,1,0.99,1,0.9961982146575916,1,0.9997503161430359,1,0.9999893143995939
03-01-08-02-02-01-04.wav,4,female,surprised,1,1,1.0,1,0.9995501787728488,1,0.9999999784660478,1,0.9962631299528442,1,1.0,1,0.9978696494695481,1,0.9998757839202881,1,0.9999910124097046
03-01-08-02-02-02-04.wav,4,female,surprised,1,1,1.0,1,0.999942037773076,1,0.999999999802206,1,0.9999972583883193,1,1.0,1,0.9978696494695481,1,0.9998077750205994,1,0.9999910124097046
03-01-01-01-01-01-05.wav,5,male,neutral,0,1,1.0,0,0.2540357163325012,0,0.5,0,0.4195064422247846,1,0.81,1,0.9358144547986208,1,0.986177921295166,1,0.9997616681562355
03-01-01-01-01-02-05.wav,5,male,neutral,0,0,0.0,0,0.41399556448122365,0,0.7662612518424887,1,0.9799130685538536,1,0.85,1,0.7283137335754831,1,0.5322508811950684,1,0.7529030355186246
03-01-01-01-02-01-05.wav,5,male,neutral,0,1,1.0,0,0.25722327646690074,0,0.5787206536635572,0,0.3043410648619305,1,0.67,1,0.7454326627759864,1,0.8375080823898315,1,0.9811039342837776
03-01-01-01-02-02-05.wav,5,male,neutral,0,1,1.0,0,0.32965760495976054,0,0.7304742837540797,1,0.9145709188857339,1,0.85,1,0.6655913110499085,1,0.9094876050949097,1,0.9863618770147996
03-01-02-01-01-01-05.wav,5,male,calm,0,1,1.0,0,0.012182301767594154,0,0.09800993706204782,0,0.19493516297122113,0,0.05,0,0.04155783166954009,0,0.0058762142434716225,0,0.00024995572395076896
03-01-02-01-01-02-05.wav,5,male,calm,0,1,1.0,0,0.011601923298068422,0,0.09312540327617845,0,0.5754035641338179,0,0.15,0,0.04981561264504934,0,0.005720943678170443,0,0.005257410874246221
03-01-02-01-02-01-05.wav,5,male,calm,0,1,1.0,0,0.011401225982280912,0,0.11285878987297902,0,0.27931858034220397,0,0.07,0,0.044973633927072904,0,0.0026393774896860123,0,0.0006160641141989042
03-01-02-01-02-02-05.wav,5,male,calm,0,0,0.0,0,0.054341804771893154,0,0.40505968326454667,0,0.28319393409315013,0,0.12,0,0.0326302314032966,0,0.004533563274890184,0,0.0012524104347391336
03-01-02-02-01-01-05.wav,5,male,calm,0,1,1.0,0,0.058273130751660754,0,0.41248378929858837,0,0.20945878988692848,0,0.03,0,0.04769077135148725,0,0.007364706601947546,0,0.002035411298455798
03-01-02-02-01-02-05.wav,5,male,calm,0,1,1.0,0,0.02748264774268129,0,0.16369672407118988,1,0.836242826593108,0,0.11,0,0.043008425398428,0,0.01610635034739971,0,0.00749224110655914
03-01-02-02-02-01-05.wav,5,male,calm,0,1,1.0,0,0.055855223519727416,0,0.439125342858124,0,0.39578003783389615,0,0.07,0,0.020532329455575135,0,0.0036648784298449755,0,0.001555247153672929
03-01-02-02-02-02-05.wav,5,male,calm,0,0,0.0,0,0.018726693824885787,0,0.16453947517590714,0,0.40113882024689085,0,0.02,0,0.04133488440418948,0,0.01199597492814064,0,0.003220813310814733
03-01-03-01-01-01-05.wav,5,male,happy,1,0,0.0,1,0.8873946966231663,1,0.9671740853500106,1,0.9945831487247473,1,0.87,1,0.9000448427493951,1,0.9941691160202026,1,0.9870335199381758
03-01-03-01-01-02-05.wav,5,male,happy,1,1,1.0,0,0.4335523921603058,0,0.7618774616115472,1,0.828002529687708,1,0.85,1,0.9351582089456748,1,0.9358216524124146,1,0.9898912515326703
03-01-03-01-02-01-05.wav,5,male,happy,1,1,1.0,1,0.5779176791887422,1,0.8378037092744192,1,0.9206090390950658,1,0.81,1,0.7822551824436329,1,0.980830192565918,1,0.984928645830797
03-01-03-01-02-02-05.wav,5,male,happy,1,1,1.0,1,0.7364706587763195,1,0.9472479855841391,1,0.9629063549938671,1,0.97,1,0.9698641592981737,1,0.9876327514648438,1,0.9998251627756453
03-01-03-02-01-01-05.wav,5,male,happy,1,1,1.0,1,0.928301070236772,1,0.9674201725127468,1,0.9947383884523708,1,0.96,1,0.9773816130811577,1,0.9999439716339111,1,0.999954583707646
03-01-03-02-01-02-05.wav,5,male,happy,1,1,1.0,1,0.949523271851554,1,0.9784655764224971,1,0.9999922284872694,1,1.0,1,0.9939139832636827,1,0.9998562335968018,1,0.9999685572903011
03-01-03-02-02-01-05.wav,5,male,happy,1,1,1.0,1,0.945865427149002,1,0.9855449448414559,1,0.9960989909276738,1,1.0,1,0.9937363716765858,1,0.9992972612380981,1,0.999981801109653
03-01-03-02-02-02-05.wav,5,male,happy,1,1,1.0,1,0.9306106946424171,1,0.9752166591481419,1,0.994661455938173,1,1.0,1,0.9932315330583296,1,0.9973272085189819,1,0.9998938455461518
03-01-04-01-01-01-05.wav,5,male,sad,1,1,1.0,0,0.10536616742393086,0,0.5773426183155804,0,0.5,1,0.71,1,0.8589897068142452,1,0.8713797330856323,1,0.942215221783244
03-01-04-01-01-02-05.wav,5,male,sad,1,1,1.0,0,0.10665407416600166,0,0.3732179982540983,0,0.8239751467201167,1,0.77,1,0.9111380960767321,1,0.9864805936813354,1,0.9760302778530184
03-01-04-01-02-01-05.wav,5,male,sad,1,1,1.0,0,0.43883359515083864,1,0.8988217467129814,0,0.6284903817949806,1,0.71,0,0.46071388398243307,0,0.4814763367176056,1,0.7658621228750224
03-01-04-01-02-02-05.wav,5,male,sad,1,1,1.0,0,0.003161461810488392,0,0.02936043230118751,0,0.610790071672554,0,0.3,0,0.14103581820255212,0,0.051865674555301666,0,0.029866467819354495
03-01-04-02-01-01-05.wav,5,male,sad,1,1,1.0,0,0.030697284532798203,0,0.10710947212597854,0,0.7314626656272344,1,0.73,1,0.7738851804897222,1,0.8829301595687866,0,0.47255744098477875
03-01-04-02-01-02-05.wav,5,male,sad,1,1,1.0,0,0.13942285036239888,0,0.3314390109615759,0,0.19772157668549797,1,0.56,0,0.4764247170686815,0,0.2721530795097351,0,0.026880683532644604
03-01-04-02-02-01-05.wav,5,male,sad,1,1,1.0,0,0.03564145932822981,0,0.07633745685537349,0,0.07464222357750443,1,0.69,0,0.49611590704281433,1,0.8719741702079773,1,0.8375695588485723
03-01-04-02-02-02-05.wav,5,male,sad,1,1,1.0,0,0.10649660489609358,0,0.4421272261389977,0,0.5,1,0.69,1,0.5928434338550346,0,0.48422470688819885,1,0.9170237699036585
03-01-05-01-01-01-05.wav,5,male,angry,1,1,1.0,1,0.9946381869321728,1,0.9999973053169222,1,0.9999878824056317,1,0.99,1,0.996210831288609,1,0.9978871941566467,1,0.9999606751961324
03-01-05-01-01-02-05.wav,5,male,angry,1,1,1.0,1,0.9773398490757703,1,0.9917052467035314,1,0.9999991804959154,1,1.0,1,0.9968820792551453,1,0.9997407793998718,1,0.9999858299861241
03-01-05-01-02-01-05.wav,5,male,angry,1,1,1.0,0,0.4345779011805036,1,0.8208278454448051,1,0.9930213873122881,1,0.84,1,0.9619524832399723,1,0.9893904328346252,1,0.9965221618619505
03-01-05-01-02-02-05.wav,5,male,angry,1,1,1.0,1,0.9293524128112549,1,0.9895558219991509,1,0.9999944912904273,1,0.96,1,0.9752694362910148,1,0.9953989386558533,1,0.9999433530005375
03-01-05-02-01-01-05.wav,5,male,angry,1,1,1.0,1,0.9999999889684968,1,0.9999999999999699,1,0.9999982498444124,1,1.0,1,0.9982023581469135,1,0.9995782971382141,1,0.9999839314384402
03-01-05-02-01-02-05.wav,5,male,angry,1,0,0.0,1,0.9999998844960241,1,0.9999999999999699,1,0.9999999512276063,1,1.0,1,0.9972974595831484,1,0.9998916387557983,1,0.9999901799329158
03-01-05-02-02-01-05.wav,5,male,angry,1,0,0.0,1,0.9999999999998799,1,0.9999999999999699,1,0.9967859326389843,1,1.0,1,0.9980081298720266,1,0.9997835755348206,1,0.9999892428499287
03-01-05-02-02-02-05.wav,5,male,angry,1,0,0.0,1,0.9999999999991331,1,0.9999999999999699,1,0.997276223769511,1,1.0,1,0.993590940229789,1,0.999352753162384,1,0.9999849057522594
03-01-06-01-01-01-05.wav,5,male,fearful,1,1,1.0,1,0.8049155035697293,1,0.9240138579420175,1,0.9961944039377066,1,0.93,1,0.9808041001160582,1,0.9954001307487488,1,0.9990933315591219
03-01-06-01-01-02-05.wav,5,male,fearful,1,1,1.0,1,0.6112028506627641,0,0.6992198504901197,1,0.8691088496184605,1,0.91,1,0.9663553010520567,1,0.8449087142944336,1,0.9996810804357668
03-01-06-01-02-01-05.wav,5,male,fearful,1,1,1.0,1,0.5841139887042955,1,0.8062442206717924,1,0.9356441859573214,1,0.87,1,0.9340360991917639,1,0.9486852288246155,1,0.9987279692725223
03-01-06-01-02-02-05.wav,5,male,fearful,1,1,1.0,1,0.7321008411821794,1,0.8306134340386115,1,0.9469515877202309,1,0.93,1,0.9884710808732129,1,0.9943589568138123,1,0.9999785102036558
03-01-06-02-01-01-05.wav,5,male,fearful,1,1,1.0,1,0.9997414138013873,1,0.999999930631442,1,0.9999999817355106,1,1.0,1,0.9986066286695844,1,0.9997338652610779,1,0.9999890787454063
03-01-06-02-01-02-05.wav,5,male,fearful,1,1,1.0,1,0.9995531397839774,1,0.9999998923003689,1,0.9999999974545042,1,1.0,1,0.9965741494928445,1,0.9999046325683594,1,0.9999827255319611
03-01-06-02-02-01-05.wav,5,male,fearful,1,1,1.0,1,0.9998406938078389,1,0.9999999846056902,1,0.9999999960876396,1,1.0,1,0.9923828892827298,1,0.9994412064552307,1,0.9999895291080056
03-01-06-02-02-02-05.wav,5,male,fearful,1,0,0.0,1,0.998207899694983,1,0.9999963371394154,1,0.9999999904745716,1,1.0,1,0.995627442998487,1,0.9999121427536011,1,0.9999903352918997
03-01-07-01-01-01-05.wav,5,male,disgust,1,1,1.0,1,0.9981909082404095,1,0.975761009982351,1,0.9935244930348905,1,0.95,1,0.9840577657354694,1,0.9987397789955139,1,0.9999169446365997
03-01-07-01-01-02-05.wav,5,male,disgust,1,1,1.0,1,0.9822564279595624,1,0.98613604347306,1,0.999997114695815,1,0.93,1,0.99271070359335,1,0.9989197254180908,1,0.9999391809506272
03-01-07-01-02-01-05.wav,5,male,disgust,1,1,1.0,1,0.9979544428876593,1,0.9830022174587737,1,0.9934827181025069,1,0.97,1,0.9908385894791016,1,0.9995906949043274,1,0.9999335536366413
03-01-07-01-02-02-05.wav,5,male,disgust,1,1,1.0,1,0.9743850910019296,1,0.9927881517999009,1,0.9999991661156579,1,0.97,1,0.9927966184653635,1,0.9998748302459717,1,0.9999811969248633
03-01-07-02-01-01-05.wav,5,male,disgust,1,1,1.0,1,0.9790116179215383,1,0.9932931953366456,1,0.9999990221882153,1,0.98,1,0.9814972045023972,1,0.9984879493713379,1,0.99996784885775
03-01-07-02-01-02-05.wav,5,male,disgust,1,1,1.0,1,0.9725158163723191,1,0.9889397692733878,1,0.9999862977406361,1,0.99,1,0.984453852826311,1,0.9976657629013062,1,0.9999398899390239
03-01-07-02-02-01-05.wav,5,male,disgust,1,0,0.0,1,0.9874420145259623,1,0.9968104051289627,1,0.9999993905147594,1,1.0,1,0.992600524546369,1,0.9999420642852783,1,0.9999842237619203
03-01-07-02-02-02-05.wav,5,male,disgust,1,1,1.0,1,0.9799849262001724,1,0.9953510072887962,1,0.9999986069916307,1,0.99,1,0.9955807230334556,1,0.9997418522834778,1,0.9999754810704482
03-01-08-01-01-01-05.wav,5,male,surprised,1,0,0.0,1,0.9466081983319026,1,0.9864475015220445,1,0.9999993947713769,1,0.98,1,0.9888751634775661,1,0.9995447993278503,1,0.9998856355748132
03-01-08-01-01-02-05.wav,5,male,surprised,1,0,0.0,1,0.508939921124663,0,0.6940986772765667,1,0.9313002658504421,1,0.87,1,0.925574299933609,1,0.997068464756012,1,0.9996417217795901
03-01-08-01-02-01-05.wav,5,male,surprised,1,1,1.0,0,0.3329949696870083,0,0.6469614666670429,1,0.9724436544754511,1,0.91,1,0.94914973441348,1,0.9945992231369019,1,0.9993983811545443
03-01-08-01-02-02-05.wav,5,male,surprised,1,0,0.0,1,0.9532477989548275,1,0.9898198322053804,1,0.9999955998344796,1,0.99,1,0.9865010439986499,1,0.9999374151229858,1,0.9999741196592433
03-01-08-02-01-01-05.wav,5,male,surprised,1,1,1.0,1,0.9891942035606378,1,0.9955035764481515,1,0.9999998474427954,1,0.99,1,0.9949033687415846,1,0.9996782541275024,1,0.9999847096767073
03-01-08-02-01-02-05.wav,5,male,surprised,1,1,1.0,1,0.9815488822137216,1,0.9923434074118641,1,0.999997802022857,1,0.99,1,0.9972203170963977,1,0.9997995495796204,1,0.9999904309414042
03-01-08-02-02-01-05.wav,5,male,surprised,1,1,1.0,1,0.9905443501735204,1,0.9999890469143726,1,0.9772962318210854,1,1.0,1,0.9960691505410141,1,0.998336672782898,1,0.9999756246574056
03-01-08-02-02-02-05.wav,5,male,surprised,1,1,1.0,1,0.8872724465263003,1,0.9515997237343742,1,0.9999834549121815,1,0.99,1,0.9934991147173728,1,0.9999204874038696,1,0.9999592804810304
03-01-01-01-01-01-06.wav,6,female,neutral,0,1,1.0,0,0.15128111026527574,0,0.3416804118843004,0,0.20958198196091346,0,0.32,0,0.11796988780323941,0,0.20440053939819336,0,0.009317598593998602
03-01-01-01-01-02-06.wav,6,female,neutral,0,1,1.0,0,0.2701974722532822,0,0.5657753073541559,0,0.2640963761757732,0,0.12,0,0.15470604824364773,0,0.004835519008338451,0,0.0018486305797758356
03-01-01-01-02-01-06.wav,6,female,neutral,0,0,0.0,0,0.17502921006928016,0,0.3808107336395059,0,0.3676963279335704,0,0.3,0,0.061929569526609905,0,0.022721996530890465,0,0.0012451323821845244
03-01-01-01-02-02-06.wav,6,female,neutral,0,1,1.0,0,0.211463444245469,0,0.48525233113920846,0,0.20909551031814827,0,0.42,0,0.44167327007609525,0,0.14968158304691315,1,0.6671964583752091
03-01-02-01-01-01-06.wav,6,female,calm,0,1,1.0,0,0.03793718962377733,0,0.21051478193051,0,0.1838033360808907,0,0.07,0,0.022727323874455627,0,0.015505627728998661,0,0.0018477613211145092
03-01-02-01-01-02-06.wav,6,female,calm,0,1,1.0,0,0.025367287173201754,0,0.15837936118906165,0,0.14435031994289624,0,0.15,0,0.028040019842941244,0,0.0032253896351903677,0,0.0015322758481725338
03-01-02-01-02-01-06.wav,6,female,calm,0,1,1.0,0,0.0058471895054265505,0,0.048635124819951144,0,0.12212187443895037,0,0.1,0,0.03974308783836543,0,0.016959547996520996,0,0.00269991620945463
03-01-02-01-02-02-06.wav,6,female,calm,0,0,0.0,0,0.009004488139627037,0,0.06810035170688226,0,0.07410005263866144,0,0.09,0,0.018834373918640845,0,0.017687393352389336,0,0.0015682974727107936
03-01-02-02-01-01-06.wav,6,female,calm,0,1,1.0,0,0.03659207590613976,0,0.22333124495781928,0,0.1713425434340016,0,0.05,0,0.008321520419773432,0,0.001002584584057331,0,0.00017378847930662593
03-01-02-02-01-02-06.wav,6,female,calm,0,0,0.0,0,0.024900135448808914,0,0.15327905206795242,0,0.10479329559594257,0,0.2,0,0.05547653232031079,0,0.009495767764747143,0,0.0018060628307778528
03-01-02-02-02-01-06.wav,6,female,calm,0,1,1.0,0,0.020510886578521185,0,0.1750585648122545,0,0.1245742706803694,0,0.0,0,0.025538487196198573,0,0.007133096922188997,0,0.00016615321382135444
03-01-02-02-02-02-06.wav,6,female,calm,0,1,1.0,0,0.013734193830693178,0,0.15656528937749242,0,0.23015361225192477,0,0.07,0,0.02682743328563278,0,0.02484460547566414,0,0.0004969901323403945
03-01-03-01-01-01-06.wav,6,female,happy,1,1,1.0,0,0.22292567885780257,0,0.4724548836892432,0,0.7174244011188458,1,0.89,1,0.973993379404549,1,0.9966604709625244,1,0.9998920465618739
03-01-03-01-01-02-06.wav,6,female,happy,1,0,0.0,0,0.3867035782346866,0,0.7602292204026807,1,0.9788028346265578,1,0.95,1,0.9840138036804026,1,0.9987947940826416,1,0.9999536810518145
03-01-03-01-02-01-06.wav,6,female,happy,1,1,1.0,0,0.3440758196208751,0,0.7046659964994826,1,0.9135898776645774,1,1.0,1,0.9767480613788039,1,0.9969655871391296,1,0.999485138748866
03-01-03-01-02-02-06.wav,6,female,happy,1,1,1.0,0,0.35438234550948994,0,0.6476016263353546,0,0.8062489640572886,1,0.95,1,0.9749809867362841,1,0.9963709115982056,1,0.999771068067454
03-01-03-02-01-01-06.wav,6,female,happy,1,1,1.0,1,0.9979916145239849,1,0.9999958944115237,1,0.999997566789155,1,1.0,1,0.9860348266923974,1,0.99860018491745,1,0.999972143942558
03-01-03-02-01-02-06.wav,6,female,happy,1,1,1.0,1,0.996125379334196,1,0.9999891306293534,1,0.9999985353835303,1,1.0,1,0.9902242850754126,1,0.9992895126342773,1,0.9999878220021304
03-01-03-02-02-01-06.wav,6,female,happy,1,1,1.0,1,0.991638920737546,1,0.9999824156105914,1,0.999998696952937,1,0.99,1,0.9889554583537108,1,0.9826769232749939,1,0.9999197160152529
03-01-03-02-02-02-06.wav,6,female,happy,1,1,1.0,1,0.9993722237936427,1,0.9999999087515136,1,0.9999991942264261,1,1.0,1,0.9888888629375111,1,0.9971803426742554,1,0.9999491781284654
03-01-04-01-01-01-06.wav,6,female,sad,1,0,0.0,0,0.0044522083067076385,0,0.022675696880812793,0,0.22293990022531285,0,0.06,0,0.010852249393264159,0,0.0005431322497315705,0,0.00023782516657801952
03-01-04-01-01-02-06.wav,6,female,sad,1,1,1.0,0,0.00196920608032817,0,0.011354405879972985,0,0.19496512336334673,0,0.31,0,0.1871266116511218,0,0.04880639538168907,0,0.027064504840551715
03-01-04-01-02-01-06.wav,6,female,sad,1,1,1.0,0,0.11228513678576908,0,0.27376265628456004,0,0.04635195783987179,0,0.27,0,0.09378283264032039,0,0.022720087319612503,0,0.006923232469462278
03-01-04-01-02-02-06.wav,6,female,sad,1,1,1.0,0,0.033825107084816924,0,0.1685834701858828,0,0.2255402916413686,1,0.63,0,0.3966677431745531,0,0.08203442394733429,0,0.23614154364332476
03-01-04-02-01-01-06.wav,6,female,sad,1,1,1.0,1,0.9322204905102212,1,0.9561443611398237,1,0.9999834784373453,1,0.99,1,0.9873117923586947,1,0.998611569404602,1,0.9999873846391656
03-01-04-02-01-02-06.wav,6,female,sad,1,1,1.0,0,0.07065509616677065,0,0.0736218866947168,1,0.9942965832546202,1,0.92,1,0.7483781345198615,1,0.8436221480369568,1,0.9984971082723136
03-01-04-02-02-01-06.wav,6,female,sad,1,1,1.0,1,0.9634037102997765,1,0.9777408398237191,1,0.9999991843047509,1,1.0,1,0.9950389693724522,1,0.9997072815895081,1,0.9999917368152723
03-01-04-02-02-02-06.wav,6,female,sad,1,1,1.0,0,0.23525600672045147,0,0.3293370642577608,1,0.9942797027447058,1,0.95,1,0.9797877980431744,1,0.9990217685699463,1,0.9999607137893437
03-01-05-01-01-01-06.wav,6,female,angry,1,0,0.0,1,0.7502203836451994,1,0.9009135200792192,1,0.9919154217560758,1,0.98,1,0.97594571808062,1,0.998554527759552,1,0.9999740165766436
03-01-05-01-01-02-06.wav,6,female,angry,1,1,1.0,1,0.7885002452282575,1,0.9115178818627576,1,0.9887513374427059,1,0.99,1,0.9820559460253986,1,0.995559573173523,1,0.999983502455352
03-01-05-01-02-01-06.wav,6,female,angry,1,1,1.0,1,0.8623028572847757,1,0.973843443292954,1,0.9962643239102027,1,0.98,1,0.9903070912114249,1,0.9995912909507751,1,0.9999498524083902
03-01-05-01-02-02-06.wav,6,female,angry,1,1,1.0,1,0.9352198309673075,1,0.983576841761418,1,0.9756487358880799,1,0.99,1,0.995509953106689,1,0.9997192025184631,1,0.999988476646453
03-01-05-02-01-01-06.wav,6,female,angry,1,1,1.0,1,0.9999999999943272,1,0.9999999999999699,1,0.9965142806541901,1,1.0,1,0.9956462943304039,1,0.9993618130683899,1,0.9999897411255774
03-01-05-02-01-02-06.wav,6,female,angry,1,1,1.0,1,0.9999999999288798,1,0.9999999999999699,1,0.9999821958365088,1,1.0,1,0.9977587896321379,1,0.9996199607849121,1,0.9999897544605895
03-01-05-02-02-01-06.wav,6,female,angry,1,1,1.0,1,0.9999999987995836,1,0.9999999999999699,1,0.9999905540657357,1,1.0,1,0.9971174392728015,1,0.9997455477714539,1,0.9999914505125224
03-01-05-02-02-02-06.wav,6,female,angry,1,1,1.0,1,0.9999999969760005,1,0.9999999999999699,1,0.999990759125686,1,1.0,1,0.9967120140612518,1,0.9997517466545105,1,0.9999825326024951
03-01-06-01-01-01-06.wav,6,female,fearful,1,1,1.0,1,0.5440131261256729,0,0.7844976179737736,0,0.7577737390097747,0,0.4,1,0.5785264358221817,1,0.5064482092857361,0,0.02592585254775672
03-01-06-01-01-02-06.wav,6,female,fearful,1,1,1.0,0,0.4620871090218535,0,0.7968041558240934,1,0.8888997017480162,0,0.48,0,0.4155204157997248,0,0.29786208271980286,0,0.11538485994331672
03-01-06-01-02-01-06.wav,6,female,fearful,1,1,1.0,0,0.45685267034765464,0,0.7683652662560002,1,0.9781928457552521,1,0.87,1,0.8211964261506509,1,0.9944114089012146,1,0.9997316487635226
03-01-06-01-02-02-06.wav,6,female,fearful,1,1,1.0,1,0.6762691680139798,1,0.8680251043373054,1,0.9901444907131296,1,0.86,1,0.8189514259032754,1,0.9737474322319031,1,0.9998470789176558
03-01-06-02-01-01-06.wav,6,female,fearful,1,1,1.0,1,0.9999999966726698,1,0.9999999999999699,1,0.9971150436912928,1,1.0,1,0.9971955120180553,1,0.9998958110809326,1,0.9999912777990022
03-01-06-02-01-02-06.wav,6,female,fearful,1,1,1.0,1,0.9999999631779386,1,0.9999999999999699,1,0.9973900080764269,1,1.0,1,0.9957989271806146,1,0.9998018145561218,1,0.99998966962053
03-01-06-02-02-01-06.wav,6,female,fearful,1,1,1.0,1,0.999939444277117,1,0.9999999942302166,1,0.9999981353282251,1,1.0,1,0.9944543566223532,1,0.9996002316474915,1,0.9999896694970292
03-01-06-02-02-02-06.wav,6,female,fearful,1,1,1.0,1,0.999999999978004,1,0.9999999999999699,1,0.9959285388128939,1,1.0,1,0.9958218068129653,1,0.999460756778717,1,0.9999912775844733
03-01-07-01-01-01-06.wav,6,female,disgust,1,0,0.0,1,0.8765183262639518,1,0.9715280340891683,1,0.9837050812480388,1,0.86,1,0.8963956206942719,1,0.9613799452781677,1,0.9886085518064807
03-01-07-01-01-02-06.wav,6,female,disgust,1,1,1.0,1,0.9247964527510665,1,0.9778259419268188,1,0.9841826560440627,1,0.91,1,0.9244850970618085,1,0.9631875157356262,1,0.998814200026172
03-01-07-01-02-01-06.wav,6,female,disgust,1,1,1.0,1,0.8039962520064606,1,0.9585496013496271,1,0.9902648984113976,1,0.89,1,0.823763070381096,1,0.5984784364700317,1,0.9985675999238842
03-01-07-01-02-02-06.wav,6,female,disgust,1,1,1.0,1,0.7496900494490017,1,0.9094762577858095,1,0.9828062572335327,1,0.87,1,0.6736380732213728,1,0.6792391538619995,1,0.8450855683097642
03-01-07-02-01-01-06.wav,6,female,disgust,1,1,1.0,1,0.9927174175982091,1,0.9999811687033157,1,0.9999969109883228,1,1.0,1,0.9960111017719261,1,0.9998854398727417,1,0.99998910142397
03-01-07-02-01-02-06.wav,6,female,disgust,1,1,1.0,1,0.739275922267615,1,0.8965520358782151,1,0.9838542973154488,1,0.96,1,0.9868784027945198,1,0.9994841814041138,1,0.9999713863711247
03-01-07-02-02-01-06.wav,6,female,disgust,1,1,1.0,1,0.9587646855560853,1,0.9858527055349304,1,0.9902778847080308,1,0.99,1,0.996090869407064,1,0.9996809959411621,1,0.9999827258558035
03-01-07-02-02-02-06.wav,6,female,disgust,1,1,1.0,1,0.7155184444500592,1,0.8739136110113427,1,0.9676259045190864,1,0.95,1,0.979240494925058,1,0.9984475374221802,1,0.9995220212369883
03-01-08-01-01-01-06.wav,6,female,surprised,1,0,0.0,0,0.3301687011207695,0,0.5728539837747029,0,0.6977980808750759,1,0.87,1,0.8053144007129818,1,0.9552751183509827,1,0.9987992652196752
03-01-08-01-01-02-06.wav,6,female,surprised,1,0,0.0,0,0.3672442438458076,0,0.668649476440888,0,0.6030010079349536,1,0.82,1,0.8104522148669352,1,0.9160373210906982,1,0.9990333188349046
03-01-08-01-02-01-06.wav,6,female,surprised,1,1,1.0,1,0.5008741163302121,0,0.7896381983247308,1,0.9453376444106021,1,0.88,1,0.8364534800944464,1,0.9939852356910706,1,0.999943313277856
03-01-08-01-02-02-06.wav,6,female,surprised,1,0,0.0,1,0.7419639509330469,1,0.907957141944694,1,0.9478814122478829,1,0.88,1,0.8541111637333881,1,0.9727144837379456,1,0.9997323138421609
03-01-08-02-01-01-06.wav,6,female,surprised,1,0,0.0,1,0.6774121789837397,1,0.918483851013844,1,0.983509289558564,1,0.93,1,0.8754553861293198,1,0.9777655005455017,1,0.999753599632809
03-01-08-02-01-02-06.wav,6,female,surprised,1,1,1.0,1,0.6891510772628671,0,0.7967018204566396,1,0.9960079978391635,1,1.0,1,0.9916406201145841,1,0.9975695013999939,1,0.9998099317295446
03-01-08-02-02-01-06.wav,6,female,surprised,1,0,0.0,1,0.6227548345337002,0,0.7765601280373562,1,0.9974185093093924,1,0.99,1,0.9953941288997901,1,0.9997389912605286,1,0.9999911458663184
03-01-08-02-02-02-06.wav,6,female,surprised,1,1,1.0,1,0.6133014690070856,0,0.7650632379279534,1,0.9948458211960031,1,1.0,1,0.9951712310963502,1,0.9994727969169617,1,0.9999894230744777
03-01-01-01-01-01-07.wav,7,male,neutral,0,1,1.0,0,0.02173604534439971,0,0.10665895154061426,0,0.062318608758194824,0,0.06,0,0.07467307525086264,0,0.0016135345213115215,0,0.00028358074074965234
03-01-01-01-01-02-07.wav,7,male,neutral,0,1,1.0,0,0.038765303076939435,0,0.12671496794831882,0,0.062372179386313224,1,0.64,0,0.39603962098617057,0,0.054213643074035645,0,0.2025907373327489
03-01-01-01-02-01-07.wav,7,male,neutral,0,0,0.0,0,0.08783860759717424,0,0.3504995810064411,0,0.13497870714477542,1,0.57,1,0.9032708610795075,1,0.9850388765335083,1,0.9811995361438546
03-01-01-01-02-02-07.wav,7,male,neutral,0,1,1.0,0,0.013374353332984635,0,0.08404693608425841,0,0.16567610230644864,0,0.06,0,0.04797767603999616,0,0.019533846527338028,0,0.0015528646068158707
03-01-02-01-01-01-07.wav,7,male,calm,0,1,1.0,0,0.008487710629337447,0,0.050598428761808846,0,0.08001015496405292,0,0.07,0,0.027265354644700944,0,0.0012734351912513375,0,0.00021602200064640091
03-01-02-01-01-02-07.wav,7,male,calm,0,1,1.0,0,0.009459976766348074,0,0.06334161349661765,0,0.11174947424593881,0,0.12,0,0.03817948618729771,0,0.004334602039307356,0,0.0007165140102840092
03-01-02-01-02-01-07.wav,7,male,calm,0,1,1.0,0,0.011649230275275816,0,0.08858918752271377,0,0.17760639588620475,0,0.04,0,0.024234591458511725,0,0.0013671740889549255,0,0.00026508856744984695
03-01-02-01-02-02-07.wav,7,male,calm,0,0,0.0,0,0.016352510079202676,0,0.09808650275530227,0,0.20100907746504368,0,0.13,0,0.22983491028631822,1,0.5553648471832275,0,0.18827065192914091
03-01-02-02-01-01-07.wav,7,male,calm,0,1,1.0,0,0.14130456906494818,0,0.5128265444463111,0,0.3805151100575936,1,0.52,0,0.0818818379986443,0,0.018539370968937874,0,0.09818023231034739
03-01-02-02-01-02-07.wav,7,male,calm,0,0,0.0,0,0.017962755788853736,0,0.11984232563331376,0,0.23034659039184244,0,0.09,0,0.0783038431133901,0,0.011197257786989212,0,0.004239310499865571
03-01-02-02-02-01-07.wav,7,male,calm,0,1,1.0,0,0.03306310293462028,0,0.2421030548274634,0,0.10592094157961623,0,0.08,0,0.06937531837249084,0,0.012801445089280605,0,0.00021433867349388648
03-01-02-02-02-02-07.wav,7,male,calm,0,1,1.0,0,0.020349850965279057,0,0.2025610137962309,0,0.2496423919899338,0,0.06,0,0.02163234633670437,0,0.005667857360094786,0,0.00033949129095266396
03-01-03-01-01-01-07.wav,7,male,happy,1,1,1.0,1,0.6883170596613516,1,0.8829100468058212,1,0.927795144118115,1,0.69,1,0.6793861289207789,1,0.901543378829956,1,0.5276586498450959
03-01-03-01-01-02-07.wav,7,male,happy,1,0,0.0,1,0.5782358970419738,1,0.8321433237082385,1,0.9174100592753431,1,0.91,1,0.5061121164269688,1,0.9623152613639832,1,0.998301833883023
03-01-03-01-02-01-07.wav,7,male,happy,1,1,1.0,0,0.4080783266684652,0,0.6362884239978721,0,0.7472361397186703,1,0.88,1,0.5296097501253285,1,0.9510793089866638,1,0.9782663773698247
03-01-03-01-02-02-07.wav,7,male,happy,1,1,1.0,0,0.4080783266684652,0,0.6362884239978721,0,0.7472361397186703,1,0.88,1,0.5296097501253285,1,0.9510793089866638,1,0.9782663773698247
03-01-03-02-01-01-07.wav,7,male,happy,1,1,1.0,1,0.9918840024864494,1,0.9972871453643001,1,0.9999999269912941,1,1.0,1,0.9954091101807951,1,0.999940037727356,1,0.9999905381366738
03-01-03-02-01-02-07.wav,7,male,happy,1,1,1.0,1,0.9967087577284621,1,0.999996464590315,1,0.9999999472469681,1,1.0,1,0.9930425832320684,1,0.9997937083244324,1,0.9999875330017681
03-01-03-02-02-01-07.wav,7,male,happy,1,1,1.0,1,0.9679670910985554,1,0.9904223999053773,1,0.9938099197675383,1,0.99,1,0.969622847782193,1,0.9927473664283752,1,0.9996726438840702
03-01-03-02-02-02-07.wav,7,male,happy,1,1,1.0,1,0.9986394445254948,1,0.9999996117764268,1,0.9999997104231626,1,0.99,1,0.9868124889933713,1,0.9995822310447693,1,0.9993321642938917
03-01-04-01-01-01-07.wav,7,male,sad,1,0,0.0,0,0.10757193926510569,0,0.2666455712414336,0,0.07769936818387582,1,0.68,1,0.7463171058618887,1,0.8627617955207825,1,0.8867393804709911
03-01-04-01-01-02-07.wav,7,male,sad,1,1,1.0,0,0.4174042647459024,0,0.6833998570737801,0,0.8267557214835632,1,0.95,1,0.972499858860214,1,0.9871011972427368,1,0.9997811426901267
03-01-04-01-02-01-07.wav,7,male,sad,1,1,1.0,0,0.1859811040786708,0,0.43178090189382523,0,0.2336526745086696,0,0.38,0,0.2695054528300493,0,0.36411309242248535,0,0.05720350254139463
03-01-04-01-02-02-07.wav,7,male,sad,1,1,1.0,1,0.720985264996821,1,0.903079914950236,1,0.9595896185089229,1,0.83,1,0.8300868352036592,1,0.8998972177505493,1,0.9698271989864033
03-01-04-02-01-01-07.wav,7,male,sad,1,1,1.0,0,0.16825039198838093,0,0.40089904682020927,0,0.24735121713662275,1,0.89,1,0.8682090262451262,1,0.644912600517273,1,0.7854385546191175
03-01-04-02-01-02-07.wav,7,male,sad,1,1,1.0,0,0.2777676239436026,0,0.6106554108189705,0,0.5214846977011628,1,0.92,1,0.8982242124682277,1,0.8003153800964355,1,0.9853282704593266
03-01-04-02-02-01-07.wav,7,male,sad,1,1,1.0,1,0.9073110032241226,1,0.952982071774445,1,0.9680584600719739,1,0.96,1,0.95788003094921,1,0.9984140396118164,1,0.9994600429850554
03-01-04-02-02-02-07.wav,7,male,sad,1,1,1.0,0,0.427793966820017,0,0.7730616116445864,0,0.595373969432346,1,0.93,1,0.9410184543768361,1,0.9857317805290222,1,0.9996951125547135
03-01-05-01-01-01-07.wav,7,male,angry,1,0,0.0,1,0.9904944507390727,1,0.9967275014262016,1,0.9999994874291602,1,1.0,1,0.9933405418265355,1,0.9997679591178894,1,0.9999867472502668
03-01-05-01-01-02-07.wav,7,male,angry,1,1,1.0,1,0.99996020057501,1,0.9999999994864285,1,0.9999998579979023,1,1.0,1,0.9933249917254914,1,0.9994770884513855,1,0.9999537952743682
03-01-05-01-02-01-07.wav,7,male,angry,1,1,1.0,1,0.8891096626086802,1,0.9644027250393884,1,0.9952505172836335,1,0.98,1,0.978635551784656,1,0.9992400407791138,1,0.9998895722047598
03-01-05-01-02-02-07.wav,7,male,angry,1,1,1.0,1,0.9702297529282153,1,0.9887294344471469,1,0.9999825308002352,1,1.0,1,0.9928547398235552,1,0.9995923638343811,1,0.9999860031529376
03-01-05-02-01-01-07.wav,7,male,angry,1,1,1.0,1,0.9996333857105036,1,0.9999999520720383,1,0.9999932357691468,1,0.99,1,0.9957892918972696,1,0.999460756778717,1,0.9999667232370021
03-01-05-02-01-02-07.wav,7,male,angry,1,1,1.0,1,0.9999999998414035,1,0.9999999999999699,1,0.9999944839510518,1,1.0,1,0.9961784620092774,1,0.9992423057556152,1,0.9999846534430993
03-01-05-02-02-01-07.wav,7,male,angry,1,1,1.0,1,0.9999999999999432,1,0.9999999999999699,1,0.996737660315714,1,1.0,1,0.9958749363171788,1,0.9997255206108093,1,0.9999907018401644
03-01-05-02-02-02-07.wav,7,male,angry,1,1,1.0,1,0.9999999998082567,1,0.9999999999999699,1,0.9999980021838364,1,1.0,1,0.9958749363171788,1,0.9996235370635986,1,0.9999907018401644
03-01-06-01-01-01-07.wav,7,male,fearful,1,1,1.0,1,0.9350194919702335,1,0.951981743195307,1,0.9970865779092828,1,0.89,1,0.982787304342188,1,0.9994076490402222,1,0.9998990819142654
03-01-06-01-01-02-07.wav,7,male,fearful,1,1,1.0,0,0.4144410405115265,0,0.6168688019924465,0,0.636707782535682,1,0.86,1,0.850877454671542,1,0.9127668738365173,1,0.8530079695979764
03-01-06-01-02-01-07.wav,7,male,fearful,1,1,1.0,1,0.5866000569102208,1,0.7988235438825054,1,0.9082674415788281,1,0.97,1,0.9800679942854722,1,0.9995941519737244,1,0.999893148594568
03-01-06-01-02-02-07.wav,7,male,fearful,1,1,1.0,1,0.6800023168278174,1,0.8551908950104355,1,0.9619888950653033,1,0.98,1,0.9816396428642105,1,0.999806821346283,1,0.999895143595678
03-01-06-02-01-01-07.wav,7,male,fearful,1,1,1.0,1,0.9979927633984141,1,0.9999972729244228,1,0.9999995641187047,1,1.0,1,0.9961299163935893,1,0.9999486207962036,1,0.9999857796801371
03-01-06-02-01-02-07.wav,7,male,fearful,1,1,1.0,1,0.9885579513739954,1,0.9945912786150055,1,0.9969207616598986,1,1.0,1,0.9951416252526104,1,0.9999654293060303,1,0.9999882548360077
03-01-06-02-02-01-07.wav,7,male,fearful,1,1,1.0,1,0.9999717068303262,1,0.9999999998011642,1,0.9999999913916935,1,1.0,1,0.9967686048878825,1,0.99996018409729,1,0.9999903357638857
03-01-06-02-02-02-07.wav,7,male,fearful,1,1,1.0,1,0.9999835959640612,1,0.9999999999362522,1,0.9999998777277064,1,1.0,1,0.9877702853026074,1,0.9977994561195374,1,0.9999506921026848
03-01-07-01-01-01-07.wav,7,male,disgust,1,0,0.0,1,0.9650688780211111,1,0.9884820314655745,1,0.9999988716716012,1,0.99,1,0.9897071519806703,1,0.9996249675750732,1,0.9999869804542593
03-01-07-01-01-02-07.wav,7,male,disgust,1,1,1.0,1,0.9475671254903247,1,0.9799402781970187,1,0.9999871476577262,1,1.0,1,0.9939589890412126,1,0.9997537732124329,1,0.999977374333776
03-01-07-01-02-01-07.wav,7,male,disgust,1,1,1.0,1,0.9951637404760056,1,0.9694670457580984,1,0.9933236317465607,1,0.94,1,0.9842418422580999,1,0.9986398816108704,1,0.9999814004714943
03-01-07-01-02-02-07.wav,7,male,disgust,1,1,1.0,1,0.9774655594121181,1,0.9934942545436299,1,0.999995844940561,1,0.99,1,0.9914068302335532,1,0.9992572665214539,1,0.9999784351038697
03-01-07-02-01-01-07.wav,7,male,disgust,1,1,1.0,1,0.9929799274058149,1,0.996093202295632,1,0.9999997554967108,1,1.0,1,0.9959821595182926,1,0.999914288520813,1,0.999986521264045
03-01-07-02-01-02-07.wav,7,male,disgust,1,1,1.0,1,0.9805143850859867,1,0.9888442728469868,1,0.9999969084924847,1,0.99,1,0.9915650613426872,1,0.9980308413505554,1,0.9998676953024354
03-01-07-02-02-01-07.wav,7,male,disgust,1,1,1.0,1,0.9958486421908649,1,0.9999953468479683,1,0.999993234790437,1,0.96,1,0.989028353085777,1,0.9979166388511658,1,0.9999325131797718
03-01-07-02-02-02-07.wav,7,male,disgust,1,1,1.0,1,0.9868493131140479,1,0.9932399054733482,1,0.9999972449536393,1,0.98,1,0.9919333403890083,1,0.9989429116249084,1,0.9999666341543729
03-01-08-01-01-01-07.wav,7,male,surprised,1,0,0.0,1,0.8096986901670891,1,0.9225491364222522,1,0.9913441068195731,1,0.97,1,0.972655620556541,1,0.9990354776382446,1,0.9999644913444867
03-01-08-01-01-02-07.wav,7,male,surprised,1,0,0.0,1,0.9146992510678694,1,0.9549803274800786,1,0.9999874199472457,1,0.95,1,0.9759657494779739,1,0.9925332069396973,1,0.9999438972009144
03-01-08-01-02-01-07.wav,7,male,surprised,1,1,1.0,1,0.8425241783258315,1,0.9310245446844362,1,0.9881877921613527,1,0.99,1,0.9858919692992106,1,0.9996514320373535,1,0.9999688872376615
03-01-08-01-02-02-07.wav,7,male,surprised,1,0,0.0,1,0.6922288531305034,1,0.8291010327845142,1,0.9555666587570985,1,0.97,1,0.9878481304926744,1,0.9988545179367065,1,0.9999647942831812
03-01-08-02-01-01-07.wav,7,male,surprised,1,0,0.0,1,0.9924967027759432,1,0.9965761420146619,1,0.9999996493372714,1,1.0,1,0.994364180397139,1,0.9998475313186646,1,0.9999840494291924
03-01-08-02-01-02-07.wav,7,male,surprised,1,1,1.0,1,0.9797409550143213,1,0.9928060508691151,1,0.9999994936272247,1,0.98,1,0.9956671487634289,1,0.999679446220398,1,0.999956969175951
03-01-08-02-02-01-07.wav,7,male,surprised,1,0,0.0,1,0.9888947571224574,1,0.9953544904326532,1,0.99999858412994,1,1.0,1,0.9911962953088544,1,0.9996519088745117,1,0.9999824270104143
03-01-08-02-02-02-07.wav,7,male,surprised,1,1,1.0,1,0.9643603868983295,1,0.9849851158156284,1,0.9999887618885646,1,1.0,1,0.9899385930266598,1,0.9998082518577576,1,0.9999860584626925
03-01-01-01-01-01-08.wav,8,female,neutral,0,1,1.0,0,0.30408481552462974,0,0.5131152685332062,0,0.5129394686213293,0,0.29,0,0.2462643141229346,0,0.009947890415787697,0,0.0016806783397500626
03-01-01-01-01-02-08.wav,8,female,neutral,0,1,1.0,0,0.30686862265605047,0,0.5900862894142198,0,0.6472523576725173,1,0.68,1,0.6476566835635265,1,0.8843867182731628,0,0.3695406364074201
03-01-01-01-02-01-08.wav,8,female,neutral,0,0,0.0,0,0.35847990489103526,0,0.555268461857864,0,0.4544823910112283,0,0.44,1,0.5955221230970179,0,0.04849819093942642,0,0.021937122277289025
03-01-01-01-02-02-08.wav,8,female,neutral,0,1,1.0,0,0.384236174550043,0,0.5580314426921282,0,0.2321611238712607,0,0.42,0,0.37843785073738434,0,0.023934990167617798,0,0.1432528803827547
03-01-02-01-01-01-08.wav,8,female,calm,0,1,1.0,0,0.0064396863691853,0,0.036889689377977326,0,0.03371377315077712,0,0.02,0,0.01291080070126577,0,0.00019409078231547028,0,7.113888720207061e-05
03-01-02-01-01-02-08.wav,8,female,calm,0,1,1.0,0,0.01632491304756831,0,0.09788288819178116,0,0.06138766566728425,0,0.01,0,0.0465697458108229,0,0.0010197811061516404,0,0.0011371673336898914
03-01-02-01-02-01-08.wav,8,female,calm,0,1,1.0,0,0.029571691252962173,0,0.14993964416762393,0,0.10395808443273309,0,0.01,0,0.016937807091875326,0,0.000400224031182006,0,5.4103474699310764e-05
03-01-02-01-02-02-08.wav,8,female,calm,0,0,0.0,0,0.005341668888004645,0,0.03370610119757699,0,0.1104196460741778,0,0.05,0,0.038052195491357424,0,0.025859922170639038,0,0.0009510791613998968
03-01-02-02-01-01-08.wav,8,female,calm,0,1,1.0,0,0.028473174878115518,0,0.1843150721112236,0,0.012817728348504738,0,0.02,0,0.006427051989044098,0,0.0001691747602308169,0,4.1304077743446713e-05
03-01-02-02-01-02-08.wav,8,female,calm,0,0,0.0,0,0.022645466844324603,0,0.14767099711085666,0,0.1763321765662934,0,0.0,0,0.032433803921997295,0,0.00021023738372605294,0,8.98809470941665e-05
03-01-02-02-02-01-08.wav,8,female,calm,0,1,1.0,0,0.010073984987062235,0,0.06505930681726094,0,0.10943989794001803,0,0.07,0,0.033783505463539566,0,0.012450503185391426,0,0.0007913187604485119
03-01-02-02-02-02-08.wav,8,female,calm,0,1,1.0,0,0.013018511809300937,0,0.08976094120298832,0,0.09101487136348915,0,0.05,0,0.0243001478333156,0,0.0037517885211855173,0,0.00035242819128938413
03-01-03-01-01-01-08.wav,8,female,happy,1,1,1.0,0,0.49965079978681504,0,0.7825024933656,0,0.8468459186163972,1,0.93,1,0.9593164276614918,1,0.9937081336975098,1,0.9990871339002477
03-01-03-01-01-02-08.wav,8,female,happy,1,0,0.0,1,0.5005632719742925,0,0.7742266390948109,0,0.7895312863886966,1,0.9,1,0.9164191909529827,1,0.9844037294387817,1,0.998840019808476
03-01-03-01-02-01-08.wav,8,female,happy,1,1,1.0,0,0.26706801013073667,0,0.5082466493922662,0,0.2727662579713067,1,0.84,1,0.7912350478391796,1,0.9200204014778137,1,0.993341328494025
03-01-03-01-02-02-08.wav,8,female,happy,1,1,1.0,1,0.6837734180797103,1,0.842274944327782,0,0.6544896036466049,1,0.89,1,0.9433922865123386,1,0.7241933941841125,1,0.7727203672372547
03-01-03-02-01-01-08.wav,8,female,happy,1,1,1.0,1,0.9483319614623243,1,0.9885965248938686,1,0.9999881535374185,1,1.0,1,0.9962138908440175,1,0.9998646974563599,1,0.9999893268146923
03-01-03-02-01-02-08.wav,8,female,happy,1,1,1.0,1,0.9824473007883539,1,0.9962206164331682,1,0.999999413882655,1,1.0,1,0.993510345914492,1,0.9997870326042175,1,0.999990744323886
03-01-03-02-02-01-08.wav,8,female,happy,1,1,1.0,1,0.9624432296095752,1,0.9901435760195209,1,0.9951260652177748,1,1.0,1,0.9942595429291214,1,0.9961045980453491,1,0.9999769734931333
03-01-03-02-02-02-08.wav,8,female,happy,1,1,1.0,1,0.8505154168794108,1,0.9532012911557488,1,0.921126508569264,1,0.99,1,0.9880921124824794,1,0.9857813715934753,1,0.9999654666852918
03-01-04-01-01-01-08.wav,8,female,sad,1,0,0.0,0,0.47767704053061444,0,0.7284710703427709,1,0.928437071926868,1,0.81,1,0.9084229212802107,1,0.9936734437942505,1,0.9986259607374683
03-01-04-01-01-02-08.wav,8,female,sad,1,1,1.0,0,0.35106168005187,0,0.5838021279840597,0,0.7345984079205646,1,0.62,1,0.8938292932558101,1,0.9709300994873047,1,0.9899753649909185
03-01-04-01-02-01-08.wav,8,female,sad,1,1,1.0,0,0.15593153585671943,0,0.3363620947890976,0,0.3095094545151318,1,0.68,1,0.5448423616069304,1,0.6308169960975647,1,0.8962042987137897
03-01-04-01-02-02-08.wav,8,female,sad,1,1,1.0,0,0.19888286582759593,0,0.46054851134024893,1,0.8835308155674009,1,0.71,1,0.5768165875417761,1,0.7328683733940125,1,0.9801057716227664
03-01-04-02-01-01-08.wav,8,female,sad,1,1,1.0,0,0.15162881058256406,0,0.393500101033791,0,0.3741127342694596,1,0.99,1,0.9534678618592252,1,0.99529629945755,1,0.9993297371993516
03-01-04-02-01-02-08.wav,8,female,sad,1,1,1.0,1,0.5077648700122906,0,0.4625193215016233,1,0.9955238181162404,1,0.99,1,0.9928154587080527,1,0.9999232292175293,1,0.999915970826631
03-01-04-02-02-01-08.wav,8,female,sad,1,1,1.0,0,0.24964256004386204,0,0.48437391668764423,0,0.6115049768969152,1,0.85,1,0.9192372026745446,1,0.8178596496582031,1,0.9801449795071242
03-01-04-02-02-02-08.wav,8,female,sad,1,1,1.0,0,0.050391342067874684,0,0.02303444022708729,1,0.995531389151947,1,0.97,1,0.9849600179029122,1,0.9978272318840027,1,0.9995396506988663
03-01-05-01-01-01-08.wav,8,female,angry,1,0,0.0,1,0.9466823031211045,1,0.9855193809535855,1,0.9999997425032839,1,0.99,1,0.9923568020707154,1,0.9993815422058105,1,0.9999856399305165
03-01-05-01-01-02-08.wav,8,female,angry,1,1,1.0,1,0.9060366238486203,1,0.965038295377283,1,0.9999962162015046,1,0.97,1,0.9909218397820418,1,0.9907331466674805,1,0.9999326983960584
03-01-05-01-02-01-08.wav,8,female,angry,1,1,1.0,1,0.8828361768459104,1,0.9558782028558422,1,0.9999908944687582,1,1.0,1,0.9868521332075098,1,0.9987164735794067,1,0.9999435389682858
03-01-05-01-02-02-08.wav,8,female,angry,1,1,1.0,1,0.9440593267479471,1,0.9807447874968809,1,0.9999961392568676,1,1.0,1,0.9895421832391917,1,0.999030351638794,1,0.9999173672818203
03-01-05-02-01-01-08.wav,8,female,angry,1,1,1.0,1,0.9997109108526561,1,0.999999994354194,1,0.9999999851484789,1,1.0,1,0.9951398187222801,1,0.9995891451835632,1,0.9999876592096303
03-01-05-02-01-02-08.wav,8,female,angry,1,1,1.0,1,0.9999999999966147,1,0.9999999999999699,1,0.9999965387744296,1,1.0,1,0.9978043363730362,1,0.9996846914291382,1,0.9999809339592413
03-01-05-02-02-01-08.wav,8,female,angry,1,1,1.0,1,0.9997215056290493,1,0.9999999970509941,1,0.9999999858201614,1,1.0,1,0.9944458144440331,1,0.9998704195022583,1,0.9999890731825282
03-01-05-02-02-02-08.wav,8,female,angry,1,1,1.0,1,0.9999213793873496,1,0.9999999997168684,1,0.9999999626438051,1,1.0,1,0.9960654106226245,1,0.9994124174118042,1,0.999986960936764
03-01-06-01-01-01-08.wav,8,female,fearful,1,1,1.0,1,0.9769197183526138,1,0.9906087121006365,1,0.9999984449953302,1,1.0,1,0.9961069919072583,1,0.9994889497756958,1,0.9999902454771574
03-01-06-01-01-02-08.wav,8,female,fearful,1,1,1.0,1,0.7088183163064944,1,0.8629878407085546,1,0.9532422639792906,1,0.98,1,0.9871532572895587,1,0.9974197149276733,1,0.9999236536289137
03-01-06-01-02-01-08.wav,8,female,fearful,1,1,1.0,1,0.9370958617360513,1,0.9818681968234482,1,0.9175362302788639,1,0.95,1,0.9262746088417894,1,0.9959954023361206,1,0.9999587387533815
03-01-06-01-02-02-08.wav,8,female,fearful,1,1,1.0,1,0.9473417019398191,1,0.9836597908531777,1,0.9999918708976322,1,1.0,1,0.9908161879917007,1,0.9995490908622742,1,0.999968992935394
03-01-06-02-01-01-08.wav,8,female,fearful,1,1,1.0,1,0.9999874348111388,1,0.9999999999981876,1,0.9999998327717111,1,1.0,1,0.9918676814127064,1,0.9982683658599854,1,0.999985557727467
03-01-06-02-01-02-08.wav,8,female,fearful,1,1,1.0,1,0.9999915321804184,1,0.9999999999990618,1,0.9999999854120438,1,0.99,1,0.9914063926292032,1,0.9999014139175415,1,0.9999903442014192
03-01-06-02-02-01-08.wav,8,female,fearful,1,1,1.0,1,0.9999926470955507,1,0.9999999999985145,1,0.9999999959871525,1,1.0,1,0.9963194130070798,1,0.9998973608016968,1,0.9999869884022832
03-01-06-02-02-02-08.wav,8,female,fearful,1,1,1.0,1,0.9999737914847613,1,0.999999999980615,1,0.9999999804424438,1,1.0,1,0.9903902264089013,1,0.9997574687004089,1,0.9999871271175691
03-01-07-01-01-01-08.wav,8,female,disgust,1,0,0.0,1,0.87945746651889,1,0.9490704675411399,1,0.9785736740106912,1,0.98,1,0.9863822060389501,1,0.9991766810417175,1,0.999979441049632
03-01-07-01-01-02-08.wav,8,female,disgust,1,1,1.0,1,0.8789941847270967,1,0.9524465538848735,1,0.9914096588322792,1,0.98,1,0.9819741150366,1,0.9967836141586304,1,0.9999660430892525
03-01-07-01-02-01-08.wav,8,female,disgust,1,1,1.0,1,0.8033692213034314,1,0.9173329296493961,1,0.9695459248992425,1,0.74,1,0.86054425212308,1,0.7635756134986877,1,0.8699436970237038
03-01-07-01-02-02-08.wav,8,female,disgust,1,1,1.0,1,0.637575086733489,0,0.7844065451964294,0,0.7349486004318748,1,0.66,1,0.8006663755687593,1,0.5879254937171936,1,0.9284505471010557
03-01-07-02-01-01-08.wav,8,female,disgust,1,1,1.0,1,0.953706083936182,1,0.9877472563122448,1,0.9999957427304518,1,1.0,1,0.9962309732349909,1,0.9999895095825195,1,0.9999871942095968
03-01-07-02-01-02-08.wav,8,female,disgust,1,1,1.0,1,0.9773674365582488,1,0.9819246133329179,1,0.9974377117261256,1,0.95,1,0.9861908996822744,1,0.9986020922660828,1,0.999464976698878
03-01-07-02-02-01-08.wav,8,female,disgust,1,1,1.0,1,0.5717324045112387,0,0.732687839918348,1,0.8960947479689235,1,0.86,1,0.9814763546410867,1,0.9991068243980408,1,0.9997159010653742
03-01-07-02-02-02-08.wav,8,female,disgust,1,1,1.0,1,0.8182027055960681,1,0.9066456386923059,1,0.9784974649407417,1,0.98,1,0.9953615238248641,1,0.9999104738235474,1,0.9999843641747548
03-01-08-01-01-01-08.wav,8,female,surprised,1,0,0.0,1,0.9477012226994139,1,0.977530136029138,1,0.9999992363910116,1,0.99,1,0.9963654422921043,1,0.9999436140060425,1,0.9999734979718922
03-01-08-01-01-02-08.wav,8,female,surprised,1,0,0.0,1,0.9606905478014129,1,0.9843635536239591,1,0.999999838796096,1,0.98,1,0.9931676776907427,1,0.9999300241470337,1,0.9999584217848668
03-01-08-01-02-01-08.wav,8,female,surprised,1,1,1.0,1,0.9667310125135297,1,0.9883729893617643,1,0.9999980077638259,1,0.99,1,0.9961831350109204,1,0.9999129772186279,1,0.9999796544445553
03-01-08-01-02-02-08.wav,8,female,surprised,1,0,0.0,1,0.7943460723001602,1,0.8912874884279386,1,0.9751094576608944,1,0.97,1,0.984558986308752,1,0.9986398816108704,1,0.9997423218084273
03-01-08-02-01-01-08.wav,8,female,surprised,1,0,0.0,1,0.9995969255182993,1,0.9999996812339746,1,0.9999896782972566,1,0.99,1,0.9960701825230183,1,0.9999222755432129,1,0.9999846986321387
03-01-08-02-01-02-08.wav,8,female,surprised,1,1,1.0,1,0.9929816201977825,1,0.9999917071218382,1,0.9999999755487355,1,0.99,1,0.9964618834275856,1,0.9997277855873108,1,0.9999911756744851
03-01-08-02-02-01-08.wav,8,female,surprised,1,0,0.0,1,0.9958309284993015,1,0.9999972186748707,1,0.9999996593218796,1,0.99,1,0.9960857569182059,1,0.9997504353523254,1,0.9999829453697526
03-01-08-02-02-02-08.wav,8,female,surprised,1,1,1.0,1,0.9924917735205134,1,0.9999869789797378,1,0.9999940323176213,1,1.0,1,0.9967359492647648,1,0.9999580383300781,1,0.9999830505629775
03-01-01-01-01-01-09.wav,9,male,neutral,0,1,1.0,0,0.2667069651240735,0,0.4536071091131076,0,0.64761287187097,1,0.73,1,0.9347946791214371,0,0.3044874668121338,1,0.9239581093913366
03-01-01-01-01-02-09.wav,9,male,neutral,0,1,1.0,0,0.13077389370216796,0,0.3307928349379074,0,0.09516164167057925,1,0.73,1,0.7695446844080431,0,0.17580996453762054,1,0.8554378164905183
03-01-01-01-02-01-09.wav,9,male,neutral,0,0,0.0,1,0.506604007161472,1,0.843382825262167,0,0.6128265765270743,1,0.72,1,0.9518323928484155,1,0.6412836313247681,1,0.9164511451819503
03-01-01-01-02-02-09.wav,9,male,neutral,0,1,1.0,0,0.144820404504649,0,0.37615341594671203,0,0.11764083537700216,1,0.86,1,0.8287990557249975,1,0.9768770337104797,1,0.9992917408721
03-01-02-01-01-01-09.wav,9,male,calm,0,1,1.0,0,0.009930598155603348,0,0.09174575596984125,0,0.25602313428276996,0,0.08,0,0.02478730901401752,0,0.022481560707092285,0,0.010874130107887698
03-01-02-01-01-02-09.wav,9,male,calm,0,1,1.0,0,0.01224871835907625,0,0.10535439004749657,0,0.14257723558383828,1,0.53,1,0.8588430498479789,1,0.5623972415924072,0,0.017272862351004142
03-01-02-01-02-01-09.wav,9,male,calm,0,1,1.0,0,0.028882130016388095,0,0.2192459752639635,0,0.16751348127514298,0,0.01,0,0.023312358557589036,0,0.001664392533712089,0,9.04099293378613e-05
03-01-02-01-02-02-09.wav,9,male,calm,0,0,0.0,0,0.008444983755314238,0,0.08040462995664256,0,0.29501728846504965,0,0.06,0,0.024720520172401908,0,0.0040992554277181625,0,0.0003569608413200851
03-01-02-02-01-01-09.wav,9,male,calm,0,1,1.0,0,0.06983993640968221,0,0.3490478439007023,0,0.5224640161834435,0,0.29,0,0.026240967250338747,0,0.10918658971786499,0,0.003754115900077724
03-01-02-02-01-02-09.wav,9,male,calm,0,0,0.0,0,0.018082708404102456,0,0.15079812126475625,0,0.42321782799568297,0,0.14,0,0.005930305366574085,0,0.14495959877967834,0,0.0012626540484800143
03-01-02-02-02-01-09.wav,9,male,calm,0,1,1.0,0,0.06341623078686315,0,0.3835526807086313,0,0.587827485899558,0,0.07,0,0.014014987968134102,0,0.0014907547738403082,0,0.00011313864469108453
03-01-02-02-02-02-09.wav,9,male,calm,0,1,1.0,0,0.02036587256428514,0,0.16661162109289585,0,0.2013358111133759,0,0.04,0,0.055394769363795136,0,0.007485609967261553,0,0.0001938362518425153
03-01-03-01-01-01-09.wav,9,male,happy,1,1,1.0,0,0.38920440172529713,0,0.6256404322276459,0,0.3135468201044439,1,0.73,1,0.6438006952506052,1,0.8573416471481323,1,0.998922313391264
03-01-03-01-01-02-09.wav,9,male,happy,1,0,0.0,0,0.287317083651699,0,0.5744083716268881,0,0.4417843568221808,1,0.67,1,0.9184263324683491,1,0.8800355792045593,1,0.980226123786318
03-01-03-01-02-01-09.wav,9,male,happy,1,1,1.0,0,0.36940152960261613,0,0.7339845014213799,0,0.6688834852958709,1,0.6,0,0.39027117600944633,0,0.06248326227068901,0,0.14481274147130754
03-01-03-01-02-02-09.wav,9,male,happy,1,1,1.0,0,0.3498654892207524,0,0.6824851387940061,0,0.7584679957140339,1,0.75,1,0.7589686229299143,1,0.7574925422668457,1,0.9354169203640901
03-01-03-02-01-01-09.wav,9,male,happy,1,1,1.0,1,0.9975830136830733,1,0.9999970863911484,1,0.9999823041196685,1,1.0,1,0.9946166893834154,1,0.9996737241744995,1,0.9999816604067505
03-01-03-02-01-02-09.wav,9,male,happy,1,1,1.0,1,0.9831036284396115,1,0.9944188112814083,1,0.9555810453600977,1,1.0,1,0.9957781815511975,1,0.9978429079055786,1,0.9999845257028501
03-01-03-02-02-01-09.wav,9,male,happy,1,1,1.0,1,0.9997843069219664,1,0.9999999946590108,1,0.9974421579359194,1,1.0,1,0.9957667444225139,1,0.9995492100715637,1,0.9999916103266655
03-01-03-02-02-02-09.wav,9,male,happy,1,1,1.0,1,0.9736428361553635,1,0.9896554565110284,1,0.9524380856461149,1,0.99,1,0.9941829788243606,1,0.9984960556030273,1,0.9999568748349583
03-01-04-01-01-01-09.wav,9,male,sad,1,0,0.0,0,0.32502065829070764,0,0.7740946292264893,0,0.7772783785965416,1,0.79,1,0.9281464931222468,1,0.9707494378089905,1,0.9958318697232497
03-01-04-01-01-02-09.wav,9,male,sad,1,1,1.0,0,0.03353668383530299,0,0.15786575467150316,0,0.19475679739779184,1,0.73,1,0.9332946570434417,1,0.8771211504936218,1,0.9877157525735457
03-01-04-01-02-01-09.wav,9,male,sad,1,1,1.0,0,0.1042470373521676,0,0.467412117415747,0,0.44250624136372696,1,0.86,1,0.9595777135016007,1,0.9972310662269592,1,0.9939883493347972
03-01-04-01-02-02-09.wav,9,male,sad,1,1,1.0,0,0.14218732043235077,0,0.6132640943603784,0,0.3376189123608632,1,0.77,1,0.7838693872490585,1,0.9876973032951355,1,0.9775936731487729
03-01-04-02-01-01-09.wav,9,male,sad,1,1,1.0,0,0.009838836531839111,0,0.4331150187775968,1,0.9877636470740009,1,0.93,1,0.965513976033831,1,0.9959967136383057,1,0.9998775801097004
03-01-04-02-01-02-09.wav,9,male,sad,1,1,1.0,0,0.030032837685354464,0,0.09688938946544695,0,0.7282435442791139,1,0.88,1,0.8781234648980256,1,0.9572553038597107,1,0.998733565004808
03-01-04-02-02-01-09.wav,9,male,sad,1,1,1.0,0,0.41309291136106696,1,0.8276007155345232,1,0.9245612304648309,1,0.86,1,0.9613815642277558,1,0.9816111922264099,1,0.9991489247502677
03-01-04-02-02-02-09.wav,9,male,sad,1,1,1.0,0,0.023216926792238777,0,0.1381021208188696,0,0.14003420224973698,0,0.13,0,0.13908284818630368,0,0.06657344102859497,0,0.018225659808981172
03-01-05-01-01-01-09.wav,9,male,angry,1,0,0.0,1,0.6901042710081544,1,0.8926880787045105,1,0.9900438888168537,1,0.8,1,0.9597199253263646,1,0.957788348197937,1,0.9848825464283768
03-01-05-01-01-02-09.wav,9,male,angry,1,1,1.0,1,0.6512120926607301,1,0.8341515590089164,1,0.9909019144999998,1,0.74,1,0.8762403766443283,1,0.6968479156494141,1,0.9938667325276751
03-01-05-01-02-01-09.wav,9,male,angry,1,1,1.0,1,0.6811809275551507,1,0.8745419343856637,1,0.9853199139116614,1,0.94,1,0.9630308015986314,1,0.9942942261695862,1,0.9998736878512821
03-01-05-01-02-02-09.wav,9,male,angry,1,1,1.0,1,0.7271647512955645,1,0.8934728919796444,1,0.9938815878024614,1,0.99,1,0.9826123487133014,1,0.9997928738594055,1,0.9999770608886727
03-01-05-02-01-01-09.wav,9,male,angry,1,1,1.0,1,0.9999999833392211,1,0.9999999999999699,1,0.9972666169494367,1,1.0,1,0.9956498370051062,1,0.9988652467727661,1,0.9998727981798523
03-01-05-02-01-02-09.wav,9,male,angry,1,1,1.0,1,0.9999991762930552,1,0.9999999999999686,1,0.9999955252934684,1,1.0,1,0.994082548103172,1,0.999407172203064,1,0.9998727981798523
03-01-05-02-02-01-09.wav,9,male,angry,1,1,1.0,1,0.9999999992461646,1,0.9999999999999699,1,0.9950863689129871,1,1.0,1,0.9963653055950265,1,0.9996432065963745,1,0.9999916246407117
03-01-05-02-02-02-09.wav,9,male,angry,1,1,1.0,1,0.9999999979415577,1,0.9999999999999699,1,0.9966563577756795,1,1.0,1,0.9966842449813595,1,0.9993500113487244,1,0.9999916246407117
03-01-06-01-01-01-09.wav,9,male,fearful,1,1,1.0,0,0.4981591658121501,1,0.8390730207218371,0,0.8045988797749052,1,0.85,1,0.9770343347328195,1,0.9230478405952454,1,0.9885317518607791
03-01-06-01-01-02-09.wav,9,male,fearful,1,1,1.0,1,0.51565089826624,1,0.8316768690252425,0,0.7341320180481995,1,0.76,1,0.9689649331819155,1,0.7531354427337646,1,0.9256468635932207
03-01-06-01-02-01-09.wav,9,male,fearful,1,1,1.0,1,0.8219716850033557,1,0.9407489865898531,1,0.9807203250314223,1,0.89,1,0.9590042098475317,1,0.9541571140289307,1,0.9805152460006044
03-01-06-01-02-02-09.wav,9,male,fearful,1,1,1.0,1,0.6335320267087249,1,0.9020386543803668,0,0.7411035584455756,1,0.84,1,0.9914540188357506,1,0.9681460857391357,1,0.9997901862527127
03-01-06-02-01-01-09.wav,9,male,fearful,1,1,1.0,1,0.829522735613321,1,0.9559042174769014,1,0.9826617750165522,1,0.95,1,0.9925689382153114,1,0.9998553991317749,1,0.9999626906135981
03-01-06-02-01-02-09.wav,9,male,fearful,1,1,1.0,1,0.7675470220732268,1,0.9120837115638022,1,0.983931472588445,1,0.97,1,0.9779087287539806,1,0.9996603727340698,1,0.9999386265710817
03-01-06-02-02-01-09.wav,9,male,fearful,1,1,1.0,1,0.9095560165688343,1,0.9634221411211892,1,0.9878884750703866,1,1.0,1,0.9961219620537437,1,0.9997175335884094,1,0.9999887644032587
03-01-06-02-02-02-09.wav,9,male,fearful,1,1,1.0,1,0.9570339036692136,1,0.9823660093132257,1,0.987315254112458,1,0.98,1,0.9937272456486971,1,0.9994519352912903,1,0.9999770067124446
03-01-07-01-01-01-09.wav,9,male,disgust,1,0,0.0,1,0.5787851870896871,1,0.8154970634373871,0,0.46710653114644674,1,0.92,1,0.9910755115513119,1,0.9893341660499573,1,0.9998886624296197
03-01-07-01-01-02-09.wav,9,male,disgust,1,1,1.0,1,0.5963829197614701,1,0.8360438853865124,0,0.47454464077559805,1,0.82,1,0.9500921817312648,1,0.9803789854049683,1,0.9994269061341242
03-01-07-01-02-01-09.wav,9,male,disgust,1,1,1.0,1,0.6311220584744738,1,0.8853449118787361,0,0.7188841145918319,1,0.92,1,0.9928089532229988,1,0.9977617263793945,1,0.9999654767543531
03-01-07-01-02-02-09.wav,9,male,disgust,1,1,1.0,1,0.8519200355648204,1,0.9544423270737179,1,0.9752101039697021,1,0.91,1,0.9838298847059804,1,0.9996232986450195,1,0.9999502656623512
03-01-07-02-01-01-09.wav,9,male,disgust,1,1,1.0,1,0.5656471437979516,0,0.7944408896366012,0,0.7265469929420975,1,0.89,1,0.9512622101797175,1,0.9957863688468933,1,0.9999139553152613
03-01-07-02-01-02-09.wav,9,male,disgust,1,1,1.0,1,0.7452623737685421,1,0.8626367992380555,1,0.9664037185978275,1,0.93,1,0.8622294092851744,1,0.9787251353263855,1,0.9933120300796913
03-01-07-02-02-01-09.wav,9,male,disgust,1,1,1.0,1,0.8191694363293524,1,0.9413618544875134,1,0.9754197629527055,1,0.88,1,0.9475730697974718,1,0.9831042289733887,1,0.9985195034098518
03-01-07-02-02-02-09.wav,9,male,disgust,1,1,1.0,0,0.46626627631197815,0,0.7430455610638064,1,0.9370533036482187,1,0.84,1,0.7938156108245273,1,0.9427464604377747,1,0.6264757806678568
03-01-08-01-01-01-09.wav,9,male,surprised,1,0,0.0,0,0.2523795863805033,0,0.5767566525111396,0,0.2710690737712974,1,0.79,1,0.8468932679361891,1,0.8594231605529785,1,0.9862620131294566
03-01-08-01-01-02-09.wav,9,male,surprised,1,0,0.0,0,0.1598337667497209,0,0.37607736752553056,0,0.20018707514842135,1,0.77,1,0.7702790396503316,1,0.6656285524368286,1,0.9978927671972622
03-01-08-01-02-01-09.wav,9,male,surprised,1,1,1.0,0,0.13729330284947716,0,0.4162190352245641,0,0.3822574497695531,1,0.68,1,0.6125320934861929,1,0.9235140681266785,1,0.9733892799496942
03-01-08-01-02-02-09.wav,9,male,surprised,1,0,0.0,0,0.13656061920808973,0,0.4020305454515669,0,0.17060041582798163,1,0.73,1,0.662959473870238,1,0.8520594835281372,1,0.9842878040354816
03-01-08-02-01-01-09.wav,9,male,surprised,1,0,0.0,1,0.5843456974530595,1,0.8205003212755182,0,0.7835644316485403,1,0.94,1,0.9762027484101845,1,0.9892961382865906,1,0.9999200044739011
03-01-08-02-01-02-09.wav,9,male,surprised,1,1,1.0,0,0.36829032991002253,0,0.6760444515410693,0,0.45595730719607175,1,0.78,1,0.7898168313681687,1,0.8886588215827942,1,0.9959049808042035
03-01-08-02-02-01-09.wav,9,male,surprised,1,0,0.0,1,0.9528741183309309,1,0.9966372405091581,1,0.9999914366126278,1,0.91,1,0.9724978886746446,1,0.9959945678710938,1,0.9995786159083634
03-01-08-02-02-02-09.wav,9,male,surprised,1,1,1.0,1,0.8251504762734552,1,0.976449145358585,1,0.9959912028954253,1,0.91,1,0.9236481617555656,1,0.9863570928573608,1,0.9986272648741409
03-01-01-01-01-01-10.wav,10,female,neutral,0,1,1.0,1,0.5651433484374703,0,0.7659230940720586,1,0.8442319813707699,1,1.0,1,0.9839935095160123,1,0.9993945360183716,1,0.9999659602052797
03-01-01-01-01-02-10.wav,10,female,neutral,0,1,1.0,0,0.41609022686884883,0,0.6876027887719603,0,0.47940447572822215,1,0.62,1,0.9083729241434981,1,0.9536042809486389,1,0.9987984239225511
03-01-01-01-02-01-10.wav,10,female,neutral,0,0,0.0,0,0.19239292722304893,0,0.42476748862202135,0,0.5842474630306359,0,0.37,0,0.05753284913731296,0,0.03672715649008751,1,0.9966073960254851
03-01-01-01-02-02-10.wav,10,female,neutral,0,1,1.0,0,0.08062300116192402,0,0.2278695350616712,0,0.4119368811500495,0,0.38,0,0.17894113223355249,0,0.48901885747909546,1,0.8862117523298703
03-01-02-01-01-01-10.wav,10,female,calm,0,1,1.0,0,0.18015836945563135,0,0.5375143922834118,0,0.55053172451642,0,0.37,0,0.04217425104070731,0,0.007299971766769886,0,0.3641999200131232
03-01-02-01-01-02-10.wav,10,female,calm,0,1,1.0,0,0.24747993201797006,0,0.5523528463513143,0,0.5255061628355515,1,0.52,1,0.8578405201869166,1,0.5527728796005249,1,0.9951010373978185
03-01-02-01-02-01-10.wav,10,female,calm,0,1,1.0,0,0.11417056752061011,0,0.43004694497409907,0,0.4018378269015044,0,0.33,0,0.06763156739214124,0,0.2637689709663391,1,0.8872019211006582
03-01-02-01-02-02-10.wav,10,female,calm,0,0,0.0,0,0.13464835105595543,0,0.42026960141942565,0,0.5,0,0.4,0,0.06617688506210795,0,0.22039130330085754,1,0.9896896086937432
03-01-02-02-01-01-10.wav,10,female,calm,0,1,1.0,0,0.1533842664770534,0,0.4450680407323372,0,0.5843232439680018,0,0.44,0,0.07899265807103403,0,0.25540581345558167,1,0.9683520410558257
03-01-02-02-01-02-10.wav,10,female,calm,0,0,0.0,0,0.18103956760935408,0,0.4712109326953448,0,0.7186732200413583,1,0.53,0,0.06955159674109618,0,0.17632362246513367,1,0.9933373496385913
03-01-02-02-02-01-10.wav,10,female,calm,0,1,1.0,0,0.04676341407756574,0,0.20046586311379733,0,0.40886546244599203,0,0.47,0,0.04317296665934719,0,0.18951988220214844,1,0.9739874633162621
03-01-02-02-02-02-10.wav,10,female,calm,0,1,1.0,0,0.021633008058801858,0,0.11047252718113253,0,0.2156714973138371,0,0.16,0,0.04609964358857598,0,0.011994504369795322,0,0.003005015508283598
03-01-03-01-01-01-10.wav,10,female,happy,1,1,1.0,1,0.9946482645482859,1,0.9999883188401629,1,0.9999998846390873,1,1.0,1,0.9931389696096283,1,0.99967360496521,1,0.9999861432646726
03-01-03-01-01-02-10.wav,10,female,happy,1,0,0.0,1,0.9985455543847802,1,0.9999993866725301,1,0.9999999927478515,1,1.0,1,0.9943435534033542,1,0.9995014667510986,1,0.9999784544714436
03-01-03-01-02-01-10.wav,10,female,happy,1,1,1.0,1,0.9706794266983366,1,0.9897751798415221,1,0.9974512196933851,1,1.0,1,0.988552988381459,1,0.9993519186973572,1,0.999972847491809
03-01-03-01-02-02-10.wav,10,female,happy,1,1,1.0,1,0.9965236777500639,1,0.9999971578959175,1,0.9999988220643794,1,0.99,1,0.9892914777263991,1,0.9989877343177795,1,0.9999807441463079
03-01-03-02-01-01-10.wav,10,female,happy,1,1,1.0,1,0.9999999999380567,1,0.9999999999999699,1,0.99999961546542,1,1.0,1,0.9975044932070539,1,0.9998644590377808,1,0.9999838540478635
03-01-03-02-01-02-10.wav,10,female,happy,1,1,1.0,1,0.9999999997151456,1,0.9999999999999699,1,0.9999997826090472,1,1.0,1,0.9959746933452358,1,0.9993329644203186,1,0.9999826764834981
03-01-03-02-02-01-10.wav,10,female,happy,1,1,1.0,1,0.9999999999999305,1,0.9999999999999699,1,0.9971028337645221,1,1.0,1,0.9779579446170272,1,0.9969452023506165,1,0.9999677518347214
03-01-03-02-02-02-10.wav,10,female,happy,1,1,1.0,1,0.9999999999881655,1,0.9999999999999699,1,0.9999939185721279,1,1.0,1,0.9935027984251142,1,0.9994115829467773,1,0.9999826655208466
03-01-04-01-01-01-10.wav,10,female,sad,1,0,0.0,0,0.3916981110075688,0,0.6601857614440978,0,0.4569935867508266,1,0.75,1,0.8138349737274263,1,0.7027928829193115,1,0.9892723036703628
03-01-04-01-01-02-10.wav,10,female,sad,1,1,1.0,0,0.029342405906271674,0,0.14039936191012573,0,0.15348361063534235,1,0.61,1,0.929117734047953,1,0.9434918761253357,1,0.9461323773002869
03-01-04-01-02-01-10.wav,10,female,sad,1,1,1.0,0,0.2579813780634581,0,0.5551287127603688,0,0.48029677800944676,1,0.87,1,0.8827002241031074,1,0.9806713461875916,1,0.996777758998369
03-01-04-01-02-02-10.wav,10,female,sad,1,1,1.0,0,0.12084201888443051,0,0.3520577923694089,0,0.4023122581280103,1,0.82,1,0.8705745011709048,1,0.9818921685218811,1,0.9641738271901791
03-01-04-02-01-01-10.wav,10,female,sad,1,1,1.0,1,0.9434062346751829,1,0.9797873061453659,1,0.9942196120874085,1,0.99,1,0.9794436625114423,1,0.998808741569519,1,0.9999722429194494
03-01-04-02-01-02-10.wav,10,female,sad,1,1,1.0,1,0.848779150072396,1,0.9393812170952389,1,0.9886735311979603,1,1.0,1,0.9910382228409498,1,0.9988547563552856,1,0.999977801316958
03-01-04-02-02-01-10.wav,10,female,sad,1,1,1.0,0,0.25791703470943544,0,0.5198349342211269,0,0.7522005113146973,1,0.88,1,0.8938176202297607,1,0.9581666588783264,1,0.9896950636974835
03-01-04-02-02-02-10.wav,10,female,sad,1,1,1.0,0,0.06112678565679985,0,0.16645816240014472,0,0.17067706676088618,1,0.6,1,0.9312203023076454,1,0.6176799535751343,1,0.9888035427906624
03-01-05-01-01-01-10.wav,10,female,angry,1,0,0.0,1,0.9263940650146745,1,0.975372612119601,1,0.9999942351361805,1,0.97,1,0.993583885091342,1,0.9996254444122314,1,0.9999805054404519
03-01-05-01-01-02-10.wav,10,female,angry,1,1,1.0,1,0.9993704555515294,1,0.9999999689557479,1,0.9999999889991186,1,1.0,1,0.9971129535949208,1,0.999799907207489,1,0.9999870921763321
03-01-05-01-02-01-10.wav,10,female,angry,1,1,1.0,1,0.9840287840564387,1,0.9960325536172542,1,0.9999989747397221,1,0.99,1,0.9945446946510498,1,0.9992967844009399,1,0.9999665238124018
03-01-05-01-02-02-10.wav,10,female,angry,1,1,1.0,1,0.9877378061294776,1,0.9999867953559269,1,0.9999994926284955,1,0.99,1,0.9937077777371714,1,0.9994351267814636,1,0.9999574134659157
03-01-05-02-01-01-10.wav,10,female,angry,1,1,1.0,1,0.9999999998845512,1,0.9999999999999699,1,0.9999995370484562,1,1.0,1,0.9966839055941831,1,0.9999324083328247,1,0.9999840981754547
03-01-05-02-01-02-10.wav,10,female,angry,1,1,1.0,1,0.9999999999160984,1,0.9999999999999699,1,0.9999997306636718,1,1.0,1,0.9966839055941831,1,0.9998773336410522,1,0.9999840981754547
03-01-05-02-02-01-10.wav,10,female,angry,1,1,1.0,1,0.99999999991776,1,0.9999999999999699,1,0.9999981404343555,1,1.0,1,0.9967724880329418,1,0.9995706677436829,1,0.9999814066583725
03-01-05-02-02-02-10.wav,10,female,angry,1,1,1.0,1,0.9999999993541449,1,0.9999999999999699,1,0.9999993259888961,1,1.0,1,0.9971901072366728,1,0.999453604221344,1,0.9999778848760738
03-01-06-01-01-01-10.wav,10,female,fearful,1,1,1.0,1,0.9802756267776677,1,0.9878756628408171,1,0.999998818460482,1,1.0,1,0.9967491499212305,1,0.9999686479568481,1,0.9999905350831702
03-01-06-01-01-02-10.wav,10,female,fearful,1,1,1.0,1,0.8537384328537465,1,0.9087895494160754,1,0.9902407679695961,1,0.99,1,0.9912296250592609,1,0.9999446868896484,1,0.9999769570810337
03-01-06-01-02-01-10.wav,10,female,fearful,1,1,1.0,1,0.778467539724674,1,0.890102629330552,1,0.9627308843773523,1,0.99,1,0.9916532874983385,1,0.9997665286064148,1,0.9999702155900689
03-01-06-01-02-02-10.wav,10,female,fearful,1,1,1.0,1,0.8370365617700789,1,0.8959161998168296,1,0.9813882409135889,1,0.99,1,0.989228083975252,1,0.9993403553962708,1,0.9999284383379841
03-01-06-02-01-01-10.wav,10,female,fearful,1,1,1.0,1,0.9999409616468068,1,0.9999999994670999,1,0.9999999944724384,1,1.0,1,0.9919824424941807,1,0.9999372959136963,1,0.9999796901676173
03-01-06-02-01-02-10.wav,10,female,fearful,1,1,1.0,1,0.9997747915195204,1,0.9999999781974866,1,0.9999999990665663,1,1.0,1,0.9974907544078039,1,0.9999502897262573,1,0.9999902787513354
03-01-06-02-02-01-10.wav,10,female,fearful,1,1,1.0,1,0.9999243256919766,1,0.9999999968162899,1,0.9999999874286061,1,1.0,1,0.9957105835305666,1,0.9998886585235596,1,0.9999903350053077
03-01-06-02-02-02-10.wav,10,female,fearful,1,1,1.0,1,0.9885311786939733,1,0.9957352478354349,1,0.9999951527454797,1,1.0,1,0.995954832105369,1,0.9999051094055176,1,0.9999889668013258
03-01-07-01-01-01-10.wav,10,female,disgust,1,0,0.0,1,0.9166306582092798,1,0.9628493400655825,1,0.9970525148470167,1,1.0,1,0.9889204576856512,1,0.9999126195907593,1,0.9999803122486711
03-01-07-01-01-02-10.wav,10,female,disgust,1,1,1.0,1,0.9980975643808686,1,0.97430603654311,1,0.9930953274279392,1,1.0,1,0.9900516071086705,1,0.9999076128005981,1,0.9999724073721434
03-01-07-01-02-01-10.wav,10,female,disgust,1,1,1.0,1,0.950897108845978,1,0.983762659189208,1,0.9946197266121157,1,0.99,1,0.9909370954241253,1,0.9998047947883606,1,0.9999705576001859
03-01-07-01-02-02-10.wav,10,female,disgust,1,1,1.0,1,0.9998563276293606,1,0.9999902049480007,1,0.9937589061450998,1,1.0,1,0.9967520106030227,1,0.9999252557754517,1,0.9999900327034353
03-01-07-02-01-01-10.wav,10,female,disgust,1,1,1.0,1,0.9999635150166929,1,0.9999999996386112,1,0.9999999984685451,1,1.0,1,0.998065336188417,1,0.9999041557312012,1,0.9999905009662389
03-01-07-02-01-02-10.wav,10,female,disgust,1,1,1.0,1,0.99995269168617,1,0.9999999994358584,1,0.9999999998838639,1,1.0,1,0.9978646481589741,1,0.9999047517776489,1,0.9999905025470179
03-01-07-02-02-01-10.wav,10,female,disgust,1,1,1.0,1,0.9991816798243243,1,0.9999998435633161,1,0.9999998411833463,1,1.0,1,0.997400036133903,1,0.9999344348907471,1,0.999988838568428
03-01-07-02-02-02-10.wav,10,female,disgust,1,1,1.0,1,0.9999308027683123,1,0.9999999992006919,1,0.9999999905922871,1,0.99,1,0.9975483205236907,1,0.9998149275779724,1,0.9999867432835993
03-01-08-01-01-01-10.wav,10,female,surprised,1,0,0.0,1,0.995404576253717,1,0.9999931222356758,1,0.9999999857858503,1,1.0,1,0.9976819823122991,1,0.9998340606689453,1,0.9999866606369039
03-01-08-01-01-02-10.wav,10,female,surprised,1,0,0.0,1,0.9753118574435885,1,0.9880133304006846,1,0.9999983754171251,1,1.0,1,0.9959450609702118,1,0.9999806880950928,1,0.9999840265274518
03-01-08-01-02-01-10.wav,10,female,surprised,1,1,1.0,1,0.9996621885399869,1,0.9999999858548372,1,0.9999998369247045,1,1.0,1,0.995954832105369,1,0.9998611211776733,1,0.9999803425177429
03-01-08-01-02-02-10.wav,10,female,surprised,1,0,0.0,1,0.9486125859421282,1,0.9821639301005216,1,0.9954564478042114,1,0.93,1,0.9931098305158536,1,0.999743640422821,1,0.9999754962924023
03-01-08-02-01-01-10.wav,10,female,surprised,1,0,0.0,1,0.9998972835086295,1,0.9999999973979864,1,0.9999999994535023,1,1.0,1,0.9979821570643072,1,0.9999752044677734,1,0.9999907096722211
03-01-08-02-01-02-10.wav,10,female,surprised,1,1,1.0,1,0.9999829495007458,1,0.9999999999144215,1,0.9999999949761491,1,1.0,1,0.99760289189577,1,0.999765932559967,1,0.9999888597288774
03-01-08-02-02-01-10.wav,10,female,surprised,1,0,0.0,1,0.9999994044153927,1,0.9999999999999699,1,0.9999999932650777,1,1.0,1,0.9956958073585541,1,0.9992502331733704,1,0.9999908095300349
03-01-08-02-02-02-10.wav,10,female,surprised,1,1,1.0,1,0.9999886401387033,1,0.9999999999744574,1,0.9999999988585596,1,1.0,1,0.995954832105369,1,0.999956488609314,1,0.9999890286392158
03-01-01-01-01-01-11.wav,11,male,neutral,0,0,0.0,1,0.860026823901273,1,0.9569659092954357,1,0.9885635134573871,1,0.72,1,0.7695058989239966,1,0.856401801109314,1,0.9262920790749116
03-01-01-01-01-02-11.wav,11,male,neutral,0,0,0.0,1,0.6328739009986244,0,0.7903450754712479,1,0.9581088956638067,1,0.55,1,0.8547975090178589,0,0.1855441778898239,1,0.6720912439546025
03-01-01-01-02-01-11.wav,11,male,neutral,0,1,1.0,1,0.7718561103480014,1,0.9229635915968446,1,0.9783420471410378,1,0.73,1,0.8303959452898129,0,0.39924079179763794,1,0.9568954181685748
03-01-01-01-02-02-11.wav,11,male,neutral,0,1,1.0,1,0.6462319061145507,1,0.8964511219709097,1,0.9528681833432927,1,0.84,1,0.8504874502221933,1,0.794471025466919,1,0.9950265469568141
03-01-02-01-01-01-11.wav,11,male,calm,0,1,1.0,0,0.4480553962028531,0,0.7645041434596803,0,0.7690354403600506,1,0.92,1,0.8566604622936518,1,0.9459972381591797,1,0.8948475840251306
03-01-02-01-01-02-11.wav,11,male,calm,0,1,1.0,0,0.06281267674306615,0,0.372540193789499,0,0.26096715072872656,0,0.02,0,0.07610054703174954,0,0.001828144770115614,0,0.0008153654429769766
03-01-02-01-02-01-11.wav,11,male,calm,0,0,0.0,0,0.04766691278901608,0,0.2703149248229401,0,0.1810876999465399,0,0.1,0,0.014342270500918587,0,0.00020336879242677242,0,9.939435973811011e-05
03-01-02-01-02-02-11.wav,11,male,calm,0,0,0.0,0,0.04982098185406425,0,0.30287371269931335,0,0.26337393648945606,0,0.02,0,0.030565125392049742,0,0.0013442481867969036,0,0.00015832489662119222
03-01-02-02-01-01-11.wav,11,male,calm,0,1,1.0,0,0.06459351264893828,0,0.40893741832813646,0,0.2467117162055712,0,0.01,0,0.028081110599069606,0,0.0006315052160061896,0,9.649137023467778e-05
03-01-02-02-01-02-11.wav,11,male,calm,0,1,1.0,0,0.07662688798767019,0,0.38905454529953093,0,0.32210653536881956,0,0.06,0,0.07412374377021388,0,0.10373124480247498,0,0.0025937620024070527
03-01-02-02-02-01-11.wav,11,male,calm,0,1,1.0,0,0.0694113899083271,0,0.4015190437481102,0,0.30501980734556106,0,0.0,0,0.03646636357488757,0,0.0017574939411133528,0,0.00030424449384864374
03-01-02-02-02-02-11.wav,11,male,calm,0,1,1.0,0,0.04759292721646786,0,0.3100242902545811,0,0.19257174969716653,0,0.0,0,0.034294451472341794,0,0.0012877328554168344,0,0.00017722347350631132
03-01-03-01-01-01-11.wav,11,male,happy,1,1,1.0,1,0.541412788195309,0,0.7016194368666129,1,0.8454343006132765,1,0.87,1,0.8792543917330292,1,0.9526270627975464,1,0.9984469578769728
03-01-03-01-01-02-11.wav,11,male,happy,1,1,1.0,1,0.7687506750325233,1,0.9012187990092277,1,0.9842250014025838,1,0.88,1,0.8733939945920519,1,0.9034811854362488,1,0.9976989678602494
03-01-03-01-02-01-11.wav,11,male,happy,1,0,0.0,1,0.7849149065312481,1,0.9162169929080126,1,0.9674063930183113,1,0.95,1,0.8452041458777759,1,0.7867029905319214,1,0.9772142470008028
03-01-03-01-02-02-11.wav,11,male,happy,1,1,1.0,1,0.8501976913860994,1,0.9268151357611734,1,0.966685487263813,1,0.89,1,0.8865571420750986,1,0.9757528901100159,1,0.9990148390575092
03-01-03-02-01-01-11.wav,11,male,happy,1,1,1.0,1,0.9983906813587983,1,0.9999981264547173,1,0.999999762616331,1,1.0,1,0.9967069342365872,1,0.9998738765716553,1,0.9999863484243576
03-01-03-02-01-02-11.wav,11,male,happy,1,1,1.0,1,0.9991841130738698,1,0.9999995211689061,1,0.9999981986020179,1,0.99,1,0.9541773455541758,1,0.999536395072937,1,0.9999873929631397
03-01-03-02-02-01-11.wav,11,male,happy,1,1,1.0,1,0.9951706741729278,1,0.9999938782808169,1,0.9999927042747712,1,0.99,1,0.994095139578137,1,0.9997068047523499,1,0.9999794306306481
03-01-03-02-02-02-11.wav,11,male,happy,1,0,0.0,1,0.9976305664425323,1,0.9999980959431793,1,0.999987621827435,1,0.99,1,0.9949753318760411,1,0.9991683959960938,1,0.9999866113890414
03-01-04-01-01-01-11.wav,11,male,sad,1,0,0.0,1,0.6812066681707603,1,0.8941272678540844,1,0.9244850262293189,1,0.76,1,0.7862780757949054,1,0.9813159704208374,1,0.994153955374954
03-01-04-01-01-02-11.wav,11,male,sad,1,1,1.0,1,0.7110432957450655,1,0.9184821357963331,1,0.9693716693838276,1,0.76,1,0.7501712778943505,1,0.9835495948791504,1,0.9036090329832095
03-01-04-01-02-01-11.wav,11,male,sad,1,1,1.0,0,0.37740382254318605,0,0.7184862722540775,1,0.8801633726899527,1,0.74,1,0.7625651219154876,1,0.9861862659454346,1,0.9899128680726794
03-01-04-01-02-02-11.wav,11,male,sad,1,1,1.0,0,0.39373420129588144,0,0.7620121099360713,1,0.845707610810645,1,0.61,1,0.8064127752025201,1,0.9231589436531067,1,0.9867429395032188
03-01-04-02-01-01-11.wav,11,male,sad,1,1,1.0,1,0.8398793562455296,1,0.9263081646279357,0,0.7506268248803193,1,0.98,1,0.9838175961225094,1,0.9976153373718262,1,0.9984959686811351
03-01-04-02-01-02-11.wav,11,male,sad,1,1,1.0,1,0.9703396308746377,1,0.9822590094927092,1,0.9951195267161709,1,0.98,1,0.977040348922486,1,0.9990563988685608,1,0.999794605784247
03-01-04-02-02-01-11.wav,11,male,sad,1,1,1.0,1,0.8807105708110533,1,0.9539827525924269,1,0.9703739072025043,1,0.96,1,0.9509866876089044,1,0.9972652196884155,1,0.9985870615215027
03-01-04-02-02-02-11.wav,11,male,sad,1,1,1.0,1,0.9628579009360019,1,0.9859361581740129,1,0.9724990713699219,1,0.98,1,0.9723246289004961,1,0.999556839466095,1,0.9999017052386716
03-01-05-01-01-01-11.wav,11,male,angry,1,1,1.0,1,0.9866142151242911,1,0.9954478580876794,1,0.9999998888590981,1,0.99,1,0.9952161980527182,1,0.9998095631599426,1,0.999980446188973
03-01-05-01-01-02-11.wav,11,male,angry,1,1,1.0,1,0.9809756517403623,1,0.9930661318065803,1,0.9999998654353561,1,1.0,1,0.9922542943294365,1,0.9998865127563477,1,0.9999857029258167
03-01-05-01-02-01-11.wav,11,male,angry,1,0,0.0,1,0.9935538716564969,1,0.9999859609242688,1,0.9999961300605815,1,0.99,1,0.9940531018227229,1,0.9997625946998596,1,0.9999783287936302
03-01-05-01-02-02-11.wav,11,male,angry,1,1,1.0,1,0.9893366677712925,1,0.9959956745229491,1,0.9999912970067079,1,1.0,1,0.9947670237091534,1,0.9997598528862,1,0.9999854070440795
03-01-05-02-01-01-11.wav,11,male,angry,1,1,1.0,1,0.9999725532983934,1,0.9999999995167381,1,0.999999988568767,1,1.0,1,0.9951054737619461,1,0.9999299049377441,1,0.9999881146926778
03-01-05-02-01-02-11.wav,11,male,angry,1,1,1.0,1,0.9999999949759042,1,0.9999999999999699,1,0.9999997745764558,1,1.0,1,0.9965487785541811,1,0.9997653365135193,1,0.9999880148331615
03-01-05-02-02-01-11.wav,11,male,angry,1,0,0.0,1,0.9999999960606725,1,0.9999999999999699,1,0.9999998543629222,1,1.0,1,0.9952516021121924,1,0.9998389482498169,1,0.99996080791948
03-01-05-02-02-02-11.wav,11,male,angry,1,1,1.0,1,0.9999999999965523,1,0.9999999999999699,1,0.9999957057079364,1,1.0,1,0.9968628155399859,1,0.9998199343681335,1,0.9999895090701129
03-01-06-01-01-01-11.wav,11,male,fearful,1,1,1.0,1,0.9421352379941192,1,0.9837206928288909,1,0.9999983740284565,1,0.85,1,0.7627917423211911,1,0.9849108457565308,1,0.9973384543250255
03-01-06-01-01-02-11.wav,11,male,fearful,1,1,1.0,1,0.9630273385456085,1,0.9863670677548714,1,0.9999994956302588,1,0.93,1,0.9177670828876138,1,0.9587152600288391,1,0.9997476812847929
03-01-06-01-02-01-11.wav,11,male,fearful,1,1,1.0,1,0.9354088808376214,1,0.9706188732828248,1,0.9999809418897885,1,1.0,1,0.9910636843076501,1,0.9995338916778564,1,0.9999767935394206
03-01-06-01-02-02-11.wav,11,male,fearful,1,1,1.0,1,0.9403755025961854,1,0.9749964626652114,1,0.9966695932271417,1,0.99,1,0.9646774919687687,1,0.9962013363838196,1,0.9999293574684751
03-01-06-02-01-01-11.wav,11,male,fearful,1,1,1.0,1,0.9998757829382582,1,0.9999999839285796,1,0.9999999908799501,1,1.0,1,0.9940394682492996,1,0.9977080821990967,1,0.9999858704944794
03-01-06-02-01-02-11.wav,11,male,fearful,1,1,1.0,1,0.9999709358582247,1,0.9999999976524043,1,0.9999997093337628,1,0.98,1,0.9875709655205491,1,0.9964324235916138,1,0.9999691684603014
03-01-06-02-02-01-11.wav,11,male,fearful,1,1,1.0,1,0.9999976457704036,1,0.9999999999962879,1,0.9999999833352772,1,1.0,1,0.9948808696578343,1,0.9996147155761719,1,0.9999891181419223
03-01-06-02-02-02-11.wav,11,male,fearful,1,1,1.0,1,0.9999977941064923,1,0.9999999999938134,1,0.9999999955125222,1,1.0,1,0.9954299024271637,1,0.9993805885314941,1,0.9999912857605455
03-01-07-01-01-01-11.wav,11,male,disgust,1,1,1.0,1,0.970296305960489,1,0.9815333025013867,1,0.997204790508446,1,0.98,1,0.9966331138343972,1,0.9998146891593933,1,0.9999837961977137
03-01-07-01-01-02-11.wav,11,male,disgust,1,0,0.0,1,0.9820375726272632,1,0.9892889640880329,1,0.9999858766416568,1,1.0,1,0.9967379569533802,1,0.9997642636299133,1,0.9999801267624289
03-01-07-01-02-01-11.wav,11,male,disgust,1,1,1.0,1,0.9640476024351757,1,0.9825003877934048,1,0.9942496114552213,1,1.0,1,0.9955852168124203,1,0.999828577041626,1,0.9999798276257146
03-01-07-01-02-02-11.wav,11,male,disgust,1,1,1.0,1,0.9899920743328212,1,0.9962778539551407,1,0.9999990217875815,1,1.0,1,0.9961910832835421,1,0.9998944997787476,1,0.9999821176319897
03-01-07-02-01-01-11.wav,11,male,disgust,1,1,1.0,1,0.9947464303895971,1,0.9999845708125177,1,0.9999999958280802,1,0.99,1,0.9981983440801045,1,0.9999240636825562,1,0.9999890744021579
03-01-07-02-01-02-11.wav,11,male,disgust,1,1,1.0,1,0.993478608397789,1,0.9974248086045705,1,0.9999998744998796,1,0.98,1,0.9902376157792215,1,0.9999226331710815,1,0.9999836245527542
03-01-07-02-02-01-11.wav,11,male,disgust,1,1,1.0,1,0.9825910147134932,1,0.9955596743409292,1,0.9999980989527518,1,0.98,1,0.9845847550673805,1,0.9983013868331909,1,0.9999280775163913
03-01-07-02-02-02-11.wav,11,male,disgust,1,1,1.0,1,0.9973953758850573,1,0.9999972966039616,1,0.9999999871840651,1,0.99,1,0.9976978728867136,1,0.9999481439590454,1,0.9999779809698073
03-01-08-01-01-01-11.wav,11,male,surprised,1,1,1.0,1,0.9388868076882729,1,0.9731442405369837,1,0.9999921977703404,1,0.95,1,0.9903479536878887,1,0.9974715709686279,1,0.9999518252072731
03-01-08-01-01-02-11.wav,11,male,surprised,1,1,1.0,1,0.9370569438352959,1,0.9648868130327284,1,0.9921824865151196,1,0.99,1,0.9946544800061362,1,0.9986693859100342,1,0.9999599687037483
03-01-08-01-02-01-11.wav,11,male,surprised,1,1,1.0,1,0.9781410196023266,1,0.9867602153696219,1,0.9970451831525806,1,0.98,1,0.994741985368301,1,0.9995718598365784,1,0.9999746154707566
03-01-08-01-02-02-11.wav,11,male,surprised,1,1,1.0,1,0.9496995640146,1,0.9738322941359323,1,0.999996764560682,1,1.0,1,0.9797757705337244,1,0.9970043301582336,1,0.9998450039395339
03-01-08-02-01-01-11.wav,11,male,surprised,1,1,1.0,1,0.9573624379968905,1,0.9562903976536998,1,0.999982923704833,1,0.99,1,0.9909004661525382,1,0.9986608028411865,1,0.9999887038064434
03-01-08-02-01-02-11.wav,11,male,surprised,1,1,1.0,1,0.9974486426322677,1,0.9999912319558593,1,0.9999998711529722,1,1.0,1,0.9952857826277108,1,0.9997531771659851,1,0.9999892416949622
03-01-08-02-02-01-11.wav,11,male,surprised,1,0,0.0,1,0.9908027902972443,1,0.9916481261269633,1,0.9999995550213316,1,1.0,1,0.9962129649819038,1,0.9999175071716309,1,0.9999909456097499
03-01-08-02-02-02-11.wav,11,male,surprised,1,1,1.0,1,0.9974450631824888,1,0.999993417304566,1,0.9999992828666636,1,1.0,1,0.9936993553713489,1,0.9993767142295837,1,0.9999879924203877
03-01-01-01-01-01-12.wav,12,female,neutral,0,0,0.0,0,0.028377235241515728,0,0.13813660584398726,0,0.09434264321317659,0,0.13,0,0.0836642441137797,0,0.001123070134781301,0,0.0020986851636053566
03-01-01-01-01-02-12.wav,12,female,neutral,0,0,0.0,0,0.05378900480587301,0,0.2200807414539019,0,0.10694303010755578,0,0.17,0,0.07396995490276949,0,0.001229801680892706,0,0.005034722450426658
03-01-01-01-02-01-12.wav,12,female,neutral,0,1,1.0,0,0.42608716022407683,0,0.6767778321394284,0,0.5697507930070089,1,0.76,1,0.865901839071495,0,0.40248367190361023,1,0.9533816611791003
03-01-01-01-02-02-12.wav,12,female,neutral,0,1,1.0,0,0.13271013425469624,0,0.4354411208797205,0,0.15286126693823313,0,0.49,1,0.5908924622682145,0,0.06161661446094513,0,0.26539664472869745
03-01-02-01-01-01-12.wav,12,female,calm,0,1,1.0,0,0.03582402848442139,0,0.2107532860172401,0,0.12157420691326933,0,0.05,0,0.02137109646250643,0,0.00024244587984867394,0,0.00010017346651407024
03-01-02-01-01-02-12.wav,12,female,calm,0,1,1.0,0,0.030697598483899798,0,0.17734075644853445,0,0.12002888707914997,0,0.07,0,0.021756802380145143,0,0.0002358311612624675,0,7.956700882173832e-05
03-01-02-01-02-01-12.wav,12,female,calm,0,0,0.0,0,0.02157399198477014,0,0.13560594081370958,0,0.058871798632981,0,0.03,0,0.02770497493453148,0,0.0004859507316723466,0,8.73079094051307e-05
03-01-02-01-02-02-12.wav,12,female,calm,0,0,0.0,0,0.01881459742924109,0,0.14455010081718936,0,0.07161918058400085,0,0.02,0,0.014505496884518708,0,6.8036446464248e-05,0,0.0002249679656826218
03-01-02-02-01-01-12.wav,12,female,calm,0,1,1.0,0,0.013244573903770212,0,0.0737576219333206,0,0.16833531255469833,0,0.13,0,0.016739413062649578,0,0.0008535680826753378,0,0.00071182083885355
03-01-02-02-01-02-12.wav,12,female,calm,0,1,1.0,0,0.012386474314826338,0,0.07083540335915153,0,0.16202274392596977,0,0.1,0,0.0205271843409417,0,0.00047195650404319167,0,0.0002612264239796809
03-01-02-02-02-01-12.wav,12,female,calm,0,1,1.0,0,0.022576298145621985,0,0.1485868883790379,0,0.05581687721319407,0,0.03,0,0.02291999168755217,0,0.0011733672581613064,0,6.283027764682233e-05
03-01-02-02-02-02-12.wav,12,female,calm,0,1,1.0,0,0.03022484468752251,0,0.19387166874362657,0,0.0558426208690809,0,0.02,0,0.018911928537648028,0,4.805354183190502e-05,0,6.544263201174187e-05
03-01-03-01-01-01-12.wav,12,female,happy,1,1,1.0,1,0.8219337230878865,1,0.9373692135838573,1,0.9860561576794458,1,0.99,1,0.9546335271535507,1,0.9991211295127869,1,0.9997773135997545
03-01-03-01-01-02-12.wav,12,female,happy,1,1,1.0,1,0.8084197796764846,1,0.9317126881382808,1,0.9803087089565304,1,0.97,1,0.9719624966725802,1,0.999427080154419,1,0.9998780839255744
03-01-03-01-02-01-12.wav,12,female,happy,1,0,0.0,1,0.8784591576519583,1,0.9543362674114703,1,0.984702992976115,1,0.9,1,0.9309096477833371,1,0.6616323590278625,0,0.49193942703931637
03-01-03-01-02-02-12.wav,12,female,happy,1,1,1.0,1,0.7719001186707278,1,0.8905145714907343,1,0.9163152538688888,1,0.94,1,0.9871990034827334,1,0.999103844165802,1,0.999848077949746
03-01-03-02-01-01-12.wav,12,female,happy,1,1,1.0,1,0.999985020152272,1,0.9999999999448227,1,0.9999999491939423,1,1.0,1,0.9967526782896542,1,0.9998480081558228,1,0.9999906201289656
03-01-03-02-01-02-12.wav,12,female,happy,1,1,1.0,1,0.9997530989554871,1,0.9999999796411533,1,0.9999999397435687,1,1.0,1,0.9967526782896542,1,0.9999274015426636,1,0.9999906201289656
03-01-03-02-02-01-12.wav,12,female,happy,1,1,1.0,1,0.9809718963579894,1,0.9922897655092502,1,0.9944695211863432,1,1.0,1,0.9931855456298151,1,0.9996144771575928,1,0.9999485192867462
03-01-03-02-02-02-12.wav,12,female,happy,1,0,0.0,1,0.999440257890962,1,0.9999998357541023,1,0.99999927171732,1,0.99,1,0.9934517036881694,1,0.9997145533561707,1,0.9999543462419741
03-01-04-01-01-01-12.wav,12,female,sad,1,0,0.0,0,0.3664087703473137,0,0.6934713925526155,0,0.6010481346158845,1,0.94,1,0.9631237663415703,1,0.9804351329803467,1,0.9970832490093996
03-01-04-01-01-02-12.wav,12,female,sad,1,1,1.0,1,0.8284561498403521,1,0.9290285878642863,1,0.9926300796911284,1,0.92,1,0.9270247528749738,1,0.9940892457962036,1,0.9950294830129917
03-01-04-01-02-01-12.wav,12,female,sad,1,1,1.0,0,0.0991361915715579,0,0.3578709876740428,0,0.2831113383017184,1,0.79,1,0.8555060059831391,1,0.9528029561042786,1,0.8389293901343454
03-01-04-01-02-02-12.wav,12,female,sad,1,1,1.0,0,0.4866038170102591,1,0.8209074835329676,1,0.8551751984319468,1,0.86,1,0.9244632419934832,1,0.9916821718215942,1,0.9910740767436694
03-01-04-02-01-01-12.wav,12,female,sad,1,1,1.0,1,0.9653707843232847,1,0.9882207346164855,1,0.9956021776822336,1,1.0,1,0.9927738034017184,1,0.9998763799667358,1,0.9999720632039448
03-01-04-02-01-02-12.wav,12,female,sad,1,1,1.0,1,0.9944639871659406,1,0.9999895509881023,1,0.9999979672288795,1,1.0,1,0.9919686692449105,1,0.9998724460601807,1,0.9999825274195364
03-01-04-02-02-01-12.wav,12,female,sad,1,1,1.0,1,0.9768294727961874,1,0.9698567825671899,1,0.993922377677653,1,0.96,1,0.9870719966186164,1,0.9997900128364563,1,0.9999508712026078
03-01-04-02-02-02-12.wav,12,female,sad,1,1,1.0,1,0.9966713576886358,1,0.9999913611090966,1,0.9999958570307755,1,1.0,1,0.9876709078973612,1,0.9997015595436096,1,0.9999881419534934
03-01-05-01-01-01-12.wav,12,female,angry,1,1,1.0,1,0.7930129119460931,1,0.9045252676088844,1,0.9886527259015578,1,0.97,1,0.9842931876961428,1,0.9886588454246521,1,0.9998808757334006
03-01-05-01-01-02-12.wav,12,female,angry,1,1,1.0,1,0.8380869122996503,1,0.9246793168541751,1,0.9924267896522226,1,1.0,1,0.9886905283043553,1,0.9962238073348999,1,0.9999251194783914
03-01-05-01-02-01-12.wav,12,female,angry,1,0,0.0,1,0.7447104679560884,1,0.9157031914877227,1,0.9586889594411288,1,0.96,1,0.9767211070007549,1,0.9928501844406128,1,0.9999119072588631
03-01-05-01-02-02-12.wav,12,female,angry,1,1,1.0,1,0.7450968701410211,1,0.90868405214429,1,0.9715058415292114,1,0.82,1,0.8754267614034005,1,0.7531307935714722,1,0.9981521407646844
03-01-05-02-01-01-12.wav,12,female,angry,1,1,1.0,1,0.9999850564230093,1,0.9999999999437132,1,0.9999997486808357,1,0.99,1,0.9950089342467199,1,0.9996206760406494,1,0.999990752186339
03-01-05-02-01-02-12.wav,12,female,angry,1,1,1.0,1,0.9999999999111082,1,0.9999999999999699,1,0.999996203909386,1,1.0,1,0.9950089342467199,1,0.9995784163475037,1,0.9999819051041561
03-01-05-02-02-01-12.wav,12,female,angry,1,0,0.0,1,0.9997519264089663,1,0.9999999619668406,1,0.9999993074419677,1,0.99,1,0.9945423874603646,1,0.9995505213737488,1,0.9999883558063889
03-01-05-02-02-02-12.wav,12,female,angry,1,1,1.0,1,0.9999997431686833,1,0.9999999999999699,1,0.9999994109723265,1,1.0,1,0.9945954299625946,1,0.9995031356811523,1,0.999980766289823
03-01-06-01-01-01-12.wav,12,female,fearful,1,1,1.0,1,0.9918312677384039,1,0.992810847488888,1,0.9999930930531583,1,1.0,1,0.9961986895380903,1,0.9998457431793213,1,0.9999858603361296
03-01-06-01-01-02-12.wav,12,female,fearful,1,1,1.0,1,0.8835636009905506,1,0.9436998522522049,1,0.9792900777896444,1,1.0,1,0.9907412168207486,1,0.9998531341552734,1,0.9999735879009212
03-01-06-01-02-01-12.wav,12,female,fearful,1,1,1.0,1,0.8614880890888611,1,0.936587528679413,1,0.9816124418908887,1,0.99,1,0.9648882771707222,1,0.9904126524925232,1,0.9953888358261573
03-01-06-01-02-02-12.wav,12,female,fearful,1,1,1.0,1,0.9003534848546977,1,0.9476713990752637,1,0.9944757752764238,1,1.0,1,0.9879829408425296,1,0.9996172189712524,1,0.9999318158318675
03-01-06-02-01-01-12.wav,12,female,fearful,1,1,1.0,1,0.9999920250759938,1,0.999999999988463,1,0.9999999766378228,1,1.0,1,0.9965631766984486,1,0.9999576807022095,1,0.999989790268053
03-01-06-02-01-02-12.wav,12,female,fearful,1,1,1.0,1,0.9999998911746154,1,0.9999999999999699,1,0.9999997793346905,1,1.0,1,0.9949703692374312,1,0.9999560117721558,1,0.9999862754286839
03-01-06-02-02-01-12.wav,12,female,fearful,1,1,1.0,1,0.9999782342299008,1,0.9999999997824974,1,0.9999999201262413,1,1.0,1,0.9952446595825466,1,0.9999581575393677,1,0.99999023339386
03-01-06-02-02-02-12.wav,12,female,fearful,1,1,1.0,1,0.9999986127450018,1,0.9999999999990259,1,0.9934408795096958,1,1.0,1,0.9967362322343525,1,0.999946117401123,1,0.99999023339386
03-01-07-01-01-01-12.wav,12,female,disgust,1,1,1.0,1,0.9044399880703701,1,0.9614480842989267,1,0.9881473838958662,1,0.98,1,0.987644938095932,1,0.9996455907821655,1,0.999973545724477
03-01-07-01-01-02-12.wav,12,female,disgust,1,0,0.0,1,0.9968304540795672,1,0.9699976053774406,1,0.9933990233850634,1,0.99,1,0.9938939888580763,1,0.999362051486969,1,0.9999827777965589
03-01-07-01-02-01-12.wav,12,female,disgust,1,1,1.0,1,0.6229305175926696,1,0.8370428682286226,1,0.879412464512276,1,0.82,1,0.915074741499135,1,0.977447509765625,1,0.988716604543325
03-01-07-01-02-02-12.wav,12,female,disgust,1,1,1.0,1,0.9972437298534877,1,0.9798506497246112,1,0.993350593146951,1,0.93,1,0.9339296272758518,1,0.9723203182220459,1,0.9569513655584564
03-01-07-02-01-01-12.wav,12,female,disgust,1,1,1.0,1,0.9996572079143492,1,0.9970343618896391,1,0.993446950889811,1,1.0,1,0.9974335437372334,1,0.9999549388885498,1,0.9999832422870413
03-01-07-02-01-02-12.wav,12,female,disgust,1,1,1.0,1,0.9998748489246756,1,0.9999970742007231,1,0.9934958607461871,1,1.0,1,0.997201766385647,1,0.99993896484375,1,0.999991441605903
03-01-07-02-02-01-12.wav,12,female,disgust,1,1,1.0,1,0.9976356343318846,1,0.9999974932521735,1,0.9999973208754604,1,1.0,1,0.9975348371767205,1,0.9999552965164185,1,0.9999907869907163
03-01-07-02-02-02-12.wav,12,female,disgust,1,1,1.0,1,0.9963720388565818,1,0.9999956190275555,1,0.99999807719625,1,1.0,1,0.9942309000676754,1,0.9998028874397278,1,0.9999912179247555
03-01-08-01-01-01-12.wav,12,female,surprised,1,1,1.0,1,0.9484546432097862,1,0.9839256030635163,1,0.9999992627532461,1,0.98,1,0.9918876008247106,1,0.9994401335716248,1,0.9999072683790815
03-01-08-01-01-02-12.wav,12,female,surprised,1,1,1.0,1,0.9359854241387987,1,0.9764437926738571,1,0.9999903199075297,1,1.0,1,0.9963273476013594,1,0.9998852014541626,1,0.9999866778035816
03-01-08-01-02-01-12.wav,12,female,surprised,1,1,1.0,1,0.9508214858973517,1,0.9814149451656143,1,0.9955589269737044,1,1.0,1,0.994777313333613,1,0.9998974800109863,1,0.9999565622330475
03-01-08-01-02-02-12.wav,12,female,surprised,1,1,1.0,1,0.9462895367673798,1,0.9826419788349634,1,0.9999860186773007,1,1.0,1,0.9923849492963559,1,0.9998145699501038,1,0.9998536362519164
03-01-08-02-01-01-12.wav,12,female,surprised,1,1,1.0,1,0.9693679518570817,1,0.9877535618286116,1,0.9999991314916524,1,1.0,1,0.9965383187006243,1,0.999976396560669,1,0.9999912264677464
03-01-08-02-01-02-12.wav,12,female,surprised,1,1,1.0,1,0.9933570234791163,1,0.9999891491730392,1,0.9999998795994016,1,1.0,1,0.9967883096933904,1,0.9999668598175049,1,0.9999902619691938
03-01-08-02-02-01-12.wav,12,female,surprised,1,0,0.0,1,0.9877510079209237,1,0.995879163607757,1,0.9971412065739633,1,1.0,1,0.9971681619193026,1,0.9999693632125854,1,0.9999912320483604
03-01-08-02-02-02-12.wav,12,female,surprised,1,1,1.0,1,0.9772944418718756,1,0.9911239661558597,1,0.9999986598768033,1,1.0,1,0.9968374189869453,1,0.9999700784683228,1,0.9999912320483604
03-01-01-01-01-01-13.wav,13,male,neutral,0,0,0.0,0,0.10464591726709553,0,0.2597417927312486,0,0.06288189386326681,0,0.44,0,0.4848049944280656,0,0.12320790439844131,0,0.011575097718486953
03-01-01-01-01-02-13.wav,13,male,neutral,0,0,0.0,0,0.1678300518742425,0,0.354707494982459,0,0.756297111154941,1,0.58,0,0.3963298062766544,0,0.06364033371210098,0,0.05758662560297491
03-01-01-01-02-01-13.wav,13,male,neutral,0,1,1.0,0,0.2507514490455996,0,0.4618234905271344,0,0.05873594801989281,0,0.29,0,0.2459133179063618,0,0.0025393615942448378,0,0.002503780307217276
03-01-01-01-02-02-13.wav,13,male,neutral,0,1,1.0,0,0.3745604674157511,0,0.603439097961261,0,0.3495176184070889,1,0.79,1,0.6673329739128332,1,0.6699760556221008,1,0.6889789198409834
03-01-02-01-01-01-13.wav,13,male,calm,0,1,1.0,0,0.060628899929967145,0,0.2186101269037534,0,0.05321735675613058,1,0.62,1,0.6257270334633852,1,0.8131527900695801,1,0.69785169897167
03-01-02-01-01-02-13.wav,13,male,calm,0,1,1.0,0,0.040500316175187207,0,0.1597462981638785,0,0.05084157675701044,0,0.48,0,0.4408453705400099,1,0.584282636642456,0,0.04386495700899769
03-01-02-01-02-01-13.wav,13,male,calm,0,0,0.0,0,0.03899786060342794,0,0.12313658982907792,0,0.11969694774082117,1,0.59,1,0.7746474755654208,1,0.9262378215789795,1,0.8480036033413585
03-01-02-01-02-02-13.wav,13,male,calm,0,0,0.0,0,0.027717878240514124,0,0.10047936131646268,0,0.12787381087000832,0,0.43,0,0.365380563415586,1,0.876251220703125,1,0.5646190405185608
03-01-02-02-01-01-13.wav,13,male,calm,0,1,1.0,0,0.007107011208820581,0,0.04025851442686595,0,0.07624026608360213,0,0.13,0,0.052934571930001846,0,0.04522934556007385,0,0.00238918866289983
03-01-02-02-01-02-13.wav,13,male,calm,0,1,1.0,0,0.011105444038200886,0,0.05975463316942153,0,0.03636610869352258,0,0.46,0,0.029524045664456208,0,0.02145501784980297,0,0.0009408560260159006
03-01-02-02-02-01-13.wav,13,male,calm,0,1,1.0,0,0.07380075392004594,0,0.1945630089692545,0,0.06152818408887745,1,0.54,0,0.22870753805800673,0,0.23850835859775543,0,0.044848973579961454
03-01-02-02-02-02-13.wav,13,male,calm,0,1,1.0,0,0.023182709750352148,0,0.08081599354271572,0,0.0599334629416836,1,0.75,1,0.6704544881505865,0,0.4033457040786743,1,0.6799380536391287
03-01-03-01-01-01-13.wav,13,male,happy,1,1,1.0,0,0.377028648297695,0,0.6819630962246919,0,0.7677925527994299,1,0.78,1,0.938865846455841,1,0.9818732738494873,1,0.9910088604361736
03-01-03-01-01-02-13.wav,13,male,happy,1,1,1.0,0,0.3677340263098362,0,0.6884794388250348,0,0.7319418856440404,1,0.58,1,0.7673499829810385,1,0.5386465191841125,1,0.940693886552982
03-01-03-01-02-01-13.wav,13,male,happy,1,0,0.0,1,0.8807858346849543,1,0.9463551938195349,1,0.9847538284342278,1,0.95,1,0.9685202135565187,1,0.9957082271575928,1,0.9996608412945964
03-01-03-01-02-02-13.wav,13,male,happy,1,1,1.0,1,0.9576667430783706,1,0.9821008105453359,1,0.9999941842996078,1,0.89,1,0.9261390666882877,1,0.866206705570221,1,0.9141067190234036
03-01-03-02-01-01-13.wav,13,male,happy,1,1,1.0,1,0.9619936293501382,1,0.989445751541006,1,0.9999999438455277,1,0.99,1,0.9804938804743709,1,0.9988338351249695,1,0.9999352682087613
03-01-03-02-01-02-13.wav,13,male,happy,1,1,1.0,1,0.9978651749862282,1,0.9999983795318949,1,0.9999999993205462,1,1.0,1,0.9962473933113454,1,0.9988763928413391,1,0.9999762780876167
03-01-03-02-02-01-13.wav,13,male,happy,1,1,1.0,1,0.999100114834894,1,0.9999998563073954,1,0.9999958616854289,1,1.0,1,0.9942124944566197,1,0.9996646642684937,1,0.9999833246066556
03-01-03-02-02-02-13.wav,13,male,happy,1,0,0.0,1,0.9749593425708645,1,0.9908322954968694,1,0.999999786424133,1,0.96,1,0.9791903471445288,1,0.9963668584823608,1,0.999608762589433
03-01-04-01-01-01-13.wav,13,male,sad,1,0,0.0,0,0.2198691482436435,0,0.3861141188895713,0,0.2948118809611478,0,0.44,1,0.5090888552485419,0,0.21188485622406006,0,0.25023401872893625
03-01-04-01-01-02-13.wav,13,male,sad,1,1,1.0,0,0.12721136672757008,0,0.2825909357679382,0,0.2493928611430732,0,0.39,0,0.3285688615943195,0,0.2775437533855438,0,0.27060638884982696
03-01-04-01-02-01-13.wav,13,male,sad,1,1,1.0,0,0.08812986062455393,0,0.17374828561189717,0,0.04508482297907439,0,0.38,0,0.06220367241334581,0,0.07664481550455093,0,0.006069536439496012
03-01-04-01-02-02-13.wav,13,male,sad,1,1,1.0,0,0.08059315589554529,0,0.1818083029456005,0,0.035678570783752764,0,0.29,0,0.2326366025849382,0,0.02004452422261238,0,0.04057606326774073
03-01-04-02-01-01-13.wav,13,male,sad,1,1,1.0,0,0.2486782958074605,0,0.5,0,0.42023716719046533,1,0.7,0,0.3614230467125281,0,0.43945929408073425,1,0.8932956339868839
03-01-04-02-01-02-13.wav,13,male,sad,1,1,1.0,0,0.1134140118215057,0,0.23765144353729548,0,0.0652984245880612,0,0.36,0,0.3148950643132993,0,0.01293225772678852,0,0.021692784058176963
03-01-04-02-02-01-13.wav,13,male,sad,1,1,1.0,0,0.14473598227641757,0,0.28819083486967556,0,0.05447630906958273,0,0.41,0,0.2657538961898689,0,0.011554324999451637,0,0.007817956567458288
03-01-04-02-02-02-13.wav,13,male,sad,1,1,1.0,0,0.09592920459952223,0,0.17891759387653525,0,0.09105655173308118,0,0.43,0,0.10711933046035217,0,0.0651833564043045,0,0.008646787084910955
03-01-05-01-01-01-13.wav,13,male,angry,1,1,1.0,1,0.8363927502718969,1,0.9381793318331956,1,0.9999990728888654,1,1.0,1,0.9928110443406427,1,0.9998819828033447,1,0.9999808062219506
03-01-05-01-01-02-13.wav,13,male,angry,1,1,1.0,1,0.9343425365030799,1,0.9802022678496399,1,0.9999999146597575,1,1.0,1,0.9922840899540118,1,0.999830961227417,1,0.999988870276817
03-01-05-01-02-01-13.wav,13,male,angry,1,0,0.0,1,0.9098419507130304,1,0.97246570919542,1,0.9999991579686015,1,1.0,1,0.9932148297048704,1,0.9998884201049805,1,0.9999906433722541
03-01-05-01-02-02-13.wav,13,male,angry,1,1,1.0,1,0.9092273155682351,1,0.969811646936247,1,0.9999995146613118,1,1.0,1,0.9940195683918033,1,0.9999350309371948,1,0.9999879511566067
03-01-05-02-01-01-13.wav,13,male,angry,1,1,1.0,1,0.9999999999981357,1,0.9999999999999699,1,0.9999961848298244,1,1.0,1,0.9980791932256328,1,0.9999663829803467,1,0.9999910741445361
03-01-05-02-01-02-13.wav,13,male,angry,1,1,1.0,1,0.9999994902898324,1,0.9999999999999699,1,0.9999999989583352,1,1.0,1,0.9960275758255842,1,0.9998435974121094,1,0.9999901316204809
03-01-05-02-02-01-13.wav,13,male,angry,1,0,0.0,1,0.9999996544054333,1,0.9999999999999699,1,0.9999999887423489,1,1.0,1,0.9967179118755011,1,0.9997274279594421,1,0.9999913023211969
03-01-05-02-02-02-13.wav,13,male,angry,1,1,1.0,1,1.0,1,0.9999999999999699,1,0.9964138550570633,1,1.0,1,0.9975401683490629,1,0.9997912049293518,1,0.9999901024711897
03-01-06-01-01-01-13.wav,13,male,fearful,1,1,1.0,1,0.5034035939001956,0,0.6890300929300158,1,0.9375504619922382,1,0.94,1,0.9524142035996143,1,0.9977140426635742,1,0.9995820551096308
03-01-06-01-01-02-13.wav,13,male,fearful,1,1,1.0,1,0.8600812376328545,1,0.93150881414361,1,0.994240452399313,1,0.83,1,0.6557221043265532,1,0.624164342880249,1,0.9356133846969781
03-01-06-01-02-01-13.wav,13,male,fearful,1,1,1.0,1,0.8135653489693007,1,0.9173613721684146,1,0.9928587309986917,1,0.88,1,0.9700144926120297,1,0.9998316764831543,1,0.9999144873797995
03-01-06-01-02-02-13.wav,13,male,fearful,1,1,1.0,1,0.802566372602515,1,0.9140558592876109,1,0.992675852312589,1,0.96,1,0.9835973858137538,1,0.9998224377632141,1,0.9999482365504169
03-01-06-02-01-01-13.wav,13,male,fearful,1,1,1.0,1,0.8230034291105622,1,0.9180765711192426,1,0.9936378632189644,1,0.96,1,0.9756000740573129,1,0.9982909560203552,1,0.9998586756136013
03-01-06-02-01-02-13.wav,13,male,fearful,1,1,1.0,1,0.9998364055859403,1,0.9999999971710702,1,0.9999999984618926,1,1.0,1,0.9968641169864553,1,0.9998761415481567,1,0.9999889687219334
03-01-06-02-02-01-13.wav,13,male,fearful,1,1,1.0,1,0.9986794809766358,1,0.9999997725510751,1,0.9999999966286299,1,1.0,1,0.99293814538745,1,0.9995891451835632,1,0.9999866329478152
03-01-06-02-02-02-13.wav,13,male,fearful,1,1,1.0,1,0.7558742661064366,1,0.8665034192273156,1,0.9871886293078013,1,0.98,1,0.993253771690473,1,0.999921441078186,1,0.9999662016198891
03-01-07-01-01-01-13.wav,13,male,disgust,1,1,1.0,0,0.36759134955555756,0,0.6221035209204812,0,0.5874622964652609,1,0.77,1,0.832323923500615,1,0.8468201756477356,1,0.9772138146429579
03-01-07-01-01-02-13.wav,13,male,disgust,1,0,0.0,1,0.6071572198711603,1,0.8526186692270279,0,0.8454882127226374,1,0.74,1,0.8320123725374494,1,0.9691274166107178,1,0.9847598505024578
03-01-07-01-02-01-13.wav,13,male,disgust,1,1,1.0,1,0.6450045464386743,1,0.8164018561298085,1,0.8550892000465272,1,0.72,1,0.8893730290585562,1,0.9484382271766663,1,0.9734877317891218
03-01-07-01-02-02-13.wav,13,male,disgust,1,1,1.0,1,0.5032877535476241,0,0.7204484571464859,1,0.9692338482477459,1,0.9,1,0.75547819062853,1,0.9766148924827576,1,0.9883459902999393
03-01-07-02-01-01-13.wav,13,male,disgust,1,1,1.0,1,0.9645838204054411,1,0.989691056772341,1,0.999987403646376,1,0.95,1,0.9852514692798039,1,0.9997968077659607,1,0.9999449290964262
03-01-07-02-01-02-13.wav,13,male,disgust,1,1,1.0,1,0.9372584792090475,1,0.979816412870408,1,0.9926587395989015,1,0.9,1,0.9399667597003898,1,0.9944356679916382,1,0.9977590855366463
03-01-07-02-02-01-13.wav,13,male,disgust,1,1,1.0,1,0.6775926820906482,1,0.840754296750738,0,0.8268923466452904,1,0.65,1,0.8147398731355057,0,0.3351404070854187,1,0.8342150728496646
03-01-07-02-02-02-13.wav,13,male,disgust,1,1,1.0,1,0.7715038673043797,1,0.8768276489128874,0,0.8134123807277,1,0.9,1,0.928124735081192,1,0.9926113486289978,1,0.9990440971572114
03-01-08-01-01-01-13.wav,13,male,surprised,1,1,1.0,1,0.9574339046768793,1,0.9799742050328714,1,0.9999998823152588,1,1.0,1,0.9933942559764627,1,0.9998828172683716,1,0.9999894882005568
03-01-08-01-01-02-13.wav,13,male,surprised,1,1,1.0,1,0.9646555133997737,1,0.9862075152184833,1,0.9999996097199396,1,0.98,1,0.9786329780065784,1,0.9997194409370422,1,0.9999275688943396
03-01-08-01-02-01-13.wav,13,male,surprised,1,1,1.0,1,0.5322293038489546,0,0.6542666206543072,1,0.85815749810231,1,0.97,1,0.9917492952462578,1,0.9992883801460266,1,0.9999733379696988
03-01-08-01-02-02-13.wav,13,male,surprised,1,1,1.0,0,0.4381279345714865,0,0.551413641890237,0,0.7003712891894511,1,0.98,1,0.9886371318244607,1,0.9979610443115234,1,0.9999514409993462
03-01-08-02-01-01-13.wav,13,male,surprised,1,1,1.0,1,0.7608981338985422,1,0.914755288172917,1,0.9953004151923195,1,0.95,1,0.9903602417512534,1,0.9965910911560059,1,0.9996849634497822
03-01-08-02-01-02-13.wav,13,male,surprised,1,1,1.0,1,0.9925546838688002,1,0.9972487740817197,1,0.9999996114620449,1,0.94,1,0.9877439422851189,1,0.999702513217926,1,0.9999579275810371
03-01-08-02-02-01-13.wav,13,male,surprised,1,0,0.0,1,0.8683155393332248,1,0.928561475590121,1,0.9929426993399078,1,0.99,1,0.9835338927010286,1,0.9986097812652588,1,0.9998287477057869
03-01-08-02-02-02-13.wav,13,male,surprised,1,1,1.0,1,0.7736423796809784,1,0.9054126379576288,1,0.9903872337627614,1,1.0,1,0.9905047269031009,1,0.985556423664093,1,0.9998262133060527
03-01-01-01-01-01-14.wav,14,female,neutral,0,0,0.0,0,0.3805786948229976,0,0.6052984811345298,0,0.19140593121513133,1,0.74,1,0.8907129226093401,1,0.5715616345405579,1,0.6680348558122473
03-01-01-01-01-02-14.wav,14,female,neutral,0,0,0.0,1,0.521302680965253,0,0.7674144862357635,0,0.43569481278208716,1,0.54,0,0.45260605511789975,0,0.035586703568696976,0,0.11173016797107854
03-01-01-01-02-01-14.wav,14,female,neutral,0,1,1.0,1,0.7238629325505725,1,0.9190595361375101,1,0.8991045520145016,1,0.75,1,0.9599690553673725,1,0.8617045283317566,1,0.5816755360662708
03-01-01-01-02-02-14.wav,14,female,neutral,0,1,1.0,1,0.7719431262206728,1,0.950096916873325,1,0.8319059395681813,1,0.81,1,0.9456308431528699,1,0.7297883033752441,1,0.9385044291350728
03-01-02-01-01-01-14.wav,14,female,calm,0,1,1.0,0,0.014175143179898703,0,0.07038517552825502,0,0.16700342602497406,0,0.25,0,0.026422223419955895,0,0.00306815467774868,0,0.0005535791876045169
03-01-02-01-01-02-14.wav,14,female,calm,0,1,1.0,0,0.025549325429835443,0,0.1618410209473561,0,0.16231853550334863,0,0.08,0,0.027934890323940535,0,0.002672048984095454,0,0.0003896419740494364
03-01-02-01-02-01-14.wav,14,female,calm,0,0,0.0,0,0.08742985598327219,0,0.42280727846481003,0,0.28448857571362346,0,0.36,0,0.04803266274453117,0,0.0011524821165949106,0,0.00014660267680801335
03-01-02-01-02-02-14.wav,14,female,calm,0,0,0.0,0,0.13873280378854552,0,0.43251626427031664,0,0.363890616046833,0,0.23,0,0.17414213782833718,0,0.14086152613162994,0,0.04949114152804684
03-01-02-02-01-01-14.wav,14,female,calm,0,1,1.0,0,0.07996018629309971,0,0.5572236666498804,0,0.42826777498365814,0,0.22,0,0.03700414557718374,0,0.0005806462722830474,0,0.00018110886567321958
03-01-02-02-01-02-14.wav,14,female,calm,0,1,1.0,0,0.03026820932859842,0,0.22622391063563144,0,0.33217125202395503,0,0.28,0,0.033204280773550324,0,0.0038260063156485558,0,0.0009728486857001192
03-01-02-02-02-01-14.wav,14,female,calm,0,1,1.0,0,0.015903969724180827,0,0.14618015220809527,0,0.13495219297744895,0,0.06,0,0.02444616058960827,0,0.0024567623622715473,0,0.00014258943437995644
03-01-02-02-02-02-14.wav,14,female,calm,0,1,1.0,0,0.07054121873347913,0,0.4860800329961309,0,0.29122822318439856,0,0.02,0,0.02825674912753746,0,0.001158358296379447,0,5.812712892019254e-05
03-01-03-01-01-01-14.wav,14,female,happy,1,1,1.0,1,0.9889656997068585,1,0.9966575431461087,1,0.9885664975571694,1,1.0,1,0.992570538336337,1,0.9977169036865234,1,0.9999763344769448
03-01-03-01-01-02-14.wav,14,female,happy,1,1,1.0,1,0.9946211490237563,1,0.9999856220088466,1,0.996037776766358,1,1.0,1,0.9971253301132086,1,0.9997708201408386,1,0.9999887294015587
03-01-03-01-02-01-14.wav,14,female,happy,1,0,0.0,1,0.959644262600481,1,0.989702794624208,1,0.989137070735762,1,1.0,1,0.9873811242308255,1,0.9959319233894348,1,0.9999210838441049
03-01-03-01-02-02-14.wav,14,female,happy,1,1,1.0,1,0.9617130916645318,1,0.9870511732162482,1,0.9879182312760897,1,0.97,1,0.9835716966684058,1,0.9929181933403015,1,0.9979882588682394
03-01-03-02-01-01-14.wav,14,female,happy,1,1,1.0,1,0.9999431981658509,1,0.9999999986070636,1,0.9999887899660714,1,1.0,1,0.9972923888016803,1,0.999186098575592,1,0.9999911527605544
03-01-03-02-01-02-14.wav,14,female,happy,1,1,1.0,1,0.9995916144452937,1,0.999999943843339,1,0.9974266696636241,1,1.0,1,0.992570538336337,1,0.9977138042449951,1,0.9999804339355919
03-01-03-02-02-01-14.wav,14,female,happy,1,1,1.0,1,0.9999906642806218,1,0.9999999999849476,1,0.9999834461702689,1,1.0,1,0.9887511669576121,1,0.997591495513916,1,0.9999781144055191
03-01-03-02-02-02-14.wav,14,female,happy,1,0,0.0,1,0.9998657199430564,1,0.9999999953684525,1,0.9999823901898984,1,1.0,1,0.9940434992216594,1,0.9993948936462402,1,0.9999900962117383
03-01-04-01-01-01-14.wav,14,female,sad,1,0,0.0,1,0.6630588929964822,1,0.8903676555885847,0,0.7958923119542824,1,0.63,1,0.6844170649502898,0,0.22214797139167786,1,0.8019493919005877
03-01-04-01-01-02-14.wav,14,female,sad,1,1,1.0,1,0.8070203725260123,1,0.9240517948240742,1,0.859636393744437,1,0.75,1,0.9088074957599324,1,0.9517203569412231,1,0.9954703176580278
03-01-04-01-02-01-14.wav,14,female,sad,1,1,1.0,1,0.7493627143898391,1,0.9395306832014458,1,0.9610627915551956,1,0.77,1,0.7625933270863238,1,0.7289239168167114,1,0.9907706310764963
03-01-04-01-02-02-14.wav,14,female,sad,1,1,1.0,1,0.8008609040646245,1,0.938994439705583,1,0.920024715654752,1,0.76,1,0.7418250844468353,0,0.30086132884025574,1,0.9895432883052501
03-01-04-02-01-01-14.wav,14,female,sad,1,1,1.0,1,0.899193194272395,1,0.971873474886668,1,0.9304045534005049,1,0.92,1,0.9557265105105386,1,0.9712488055229187,1,0.9976164297237826
03-01-04-02-01-02-14.wav,14,female,sad,1,1,1.0,1,0.8967270154407727,1,0.9835481013850589,1,0.9654329597582504,1,0.86,1,0.8080954072619171,1,0.6351313591003418,1,0.9762480127920629
03-01-04-02-02-01-14.wav,14,female,sad,1,1,1.0,1,0.8291682657710692,1,0.9344633058643522,1,0.9341943201662498,1,0.9,1,0.9859810947909033,1,0.9840298891067505,1,0.9994978377170424
03-01-04-02-02-02-14.wav,14,female,sad,1,1,1.0,1,0.7925941053679457,1,0.9204135606794904,1,0.9516599845633326,1,0.89,1,0.8992270518779358,1,0.8317437171936035,1,0.9960608759566411
03-01-05-01-01-01-14.wav,14,female,angry,1,1,1.0,1,0.9762212326408898,1,0.9902948647232418,1,0.9882579846569622,1,1.0,1,0.9977612892996146,1,0.9987140893936157,1,0.9999858138145928
03-01-05-01-01-02-14.wav,14,female,angry,1,1,1.0,1,0.9731556494710718,1,0.9868766132229734,1,0.9915649589621984,1,1.0,1,0.9968073686988123,1,0.9974381923675537,1,0.999967154666512
03-01-05-01-02-01-14.wav,14,female,angry,1,0,0.0,1,0.9870753551397738,1,0.9946942275133733,1,0.9926923933591549,1,1.0,1,0.996907894127963,1,0.9993367791175842,1,0.9999907437430454
03-01-05-01-02-02-14.wav,14,female,angry,1,1,1.0,1,0.985105221845196,1,0.9936558704494788,1,0.9901742216357348,1,1.0,1,0.996907894127963,1,0.99962317943573,1,0.9999907279235004
03-01-05-02-01-01-14.wav,14,female,angry,1,1,1.0,1,0.9999999994826152,1,0.9999999999999699,1,0.995562885006929,1,1.0,1,0.9976943715730049,1,0.9995731711387634,1,0.9999914635737791
03-01-05-02-01-02-14.wav,14,female,angry,1,1,1.0,1,0.99999992457898,1,0.9999999999999699,1,0.9941270315138397,1,1.0,1,0.9977612892996146,1,0.9994058609008789,1,0.9999862688496185
03-01-05-02-02-01-14.wav,14,female,angry,1,0,0.0,1,0.9999999981747223,1,0.9999999999999699,1,0.995044425142222,1,1.0,1,0.996907894127963,1,0.9995131492614746,1,0.9999916246407117
03-01-05-02-02-02-14.wav,14,female,angry,1,1,1.0,1,0.9999999162418326,1,0.9999999999999699,1,0.9946330536026818,1,1.0,1,0.9976943715730049,1,0.9995131492614746,1,0.9999916246407117
03-01-06-01-01-01-14.wav,14,female,fearful,1,1,1.0,1,0.9418227383400494,1,0.9884078210316797,1,0.990043924152732,1,0.88,1,0.8666578880680897,1,0.8258046507835388,1,0.9874053325136639
03-01-06-01-01-02-14.wav,14,female,fearful,1,1,1.0,1,0.9370407939306853,1,0.9821440711874075,1,0.9860988054932283,1,0.95,1,0.9766395472594185,1,0.9945610165596008,1,0.9999819202712867
03-01-06-01-02-01-14.wav,14,female,fearful,1,1,1.0,1,0.9424830473999523,1,0.9910665401711094,1,0.9999897098791388,1,0.94,1,0.9819738313591058,1,0.9978391528129578,1,0.9999402883203853
03-01-06-01-02-02-14.wav,14,female,fearful,1,1,1.0,1,0.9246476253078528,1,0.978795011939793,1,0.9972927210454541,1,1.0,1,0.9870062315116517,1,0.9997462630271912,1,0.9999566241126766
03-01-06-02-01-01-14.wav,14,female,fearful,1,1,1.0,1,0.9999982768053686,1,0.99999999999939,1,0.9968295659999873,1,0.98,1,0.9885790907455153,1,0.9985357522964478,1,0.9999632201187929
03-01-06-02-01-02-14.wav,14,female,fearful,1,1,1.0,1,0.9999992350490198,1,0.9999999999999053,1,0.9972350182393576,1,1.0,1,0.9956254850427451,1,0.999887228012085,1,0.9999893248525495
03-01-06-02-02-01-14.wav,14,female,fearful,1,1,1.0,1,0.9983471511594592,1,0.9999992183521155,1,0.9999908197108144,1,1.0,1,0.9940434992216594,1,0.9995816349983215,1,0.9999823664727269
03-01-06-02-02-02-14.wav,14,female,fearful,1,1,1.0,1,0.9995225152488052,1,0.9999999143988699,1,0.9999867782933516,1,1.0,1,0.9944184533464278,1,0.9996986389160156,1,0.999990271302724
03-01-07-01-01-01-14.wav,14,female,disgust,1,1,1.0,1,0.9824790319004918,1,0.9942505500705879,1,0.9950698548437389,1,0.9,1,0.989190342606028,1,0.998218834400177,1,0.9998987909703612
03-01-07-01-01-02-14.wav,14,female,disgust,1,0,0.0,1,0.9539126723321857,1,0.9913181887064969,1,0.9558701521854654,1,0.91,1,0.9899210105104529,1,0.9984519481658936,1,0.9999182552696473
03-01-07-01-02-01-14.wav,14,female,disgust,1,1,1.0,1,0.9487325904041295,1,0.9887114545318477,1,0.9921419142630725,1,0.9,1,0.920835939393227,1,0.9945999383926392,1,0.998469185319707
03-01-07-01-02-02-14.wav,14,female,disgust,1,1,1.0,1,0.9536405591872614,1,0.9827536608688802,1,0.9920117615828721,1,0.99,1,0.9950052198209208,1,0.9997879862785339,1,0.9999818588847136
03-01-07-02-01-01-14.wav,14,female,disgust,1,1,1.0,1,0.9946895998923511,1,0.9967303535484904,1,0.996889986893228,1,1.0,1,0.9969212915255645,1,0.9995062351226807,1,0.9999914861608487
03-01-07-02-01-02-14.wav,14,female,disgust,1,1,1.0,1,0.9751227277025903,1,0.9931478534648909,1,0.9933888784221232,1,0.97,1,0.9852879249421203,1,0.9974724650382996,1,0.9998858801868793
03-01-07-02-02-01-14.wav,14,female,disgust,1,1,1.0,1,0.9791431027230151,1,0.9941580281934216,1,0.9890937684125022,1,0.91,1,0.979284430460462,1,0.9988754391670227,1,0.9997111453407527
03-01-07-02-02-02-14.wav,14,female,disgust,1,1,1.0,1,0.909883906373322,1,0.962209963174146,1,0.9595610875855659,1,0.98,1,0.990833160149838,1,0.9976487755775452,1,0.9998199088791455
03-01-08-01-01-01-14.wav,14,female,surprised,1,1,1.0,1,0.937957931659319,1,0.9872191403042286,1,0.9793918489999434,1,0.92,1,0.9753791741232472,1,0.9983612895011902,1,0.9999726367984707
03-01-08-01-01-02-14.wav,14,female,surprised,1,1,1.0,1,0.9781394641436765,1,0.9973834843847743,1,0.9847444038071353,1,0.95,1,0.9917039080765802,1,0.9979203343391418,1,0.9999699954619815
03-01-08-01-02-01-14.wav,14,female,surprised,1,1,1.0,1,0.9577227671535659,1,0.9948979555335424,1,0.9770464181960139,1,0.95,1,0.9914614903346346,1,0.997775137424469,1,0.9999472028503534
03-01-08-01-02-02-14.wav,14,female,surprised,1,1,1.0,1,0.9220303095737085,1,0.9875138812151407,1,0.987826664591108,1,0.96,1,0.9941624624888002,1,0.9974806904792786,1,0.999914169797427
03-01-08-02-01-01-14.wav,14,female,surprised,1,1,1.0,1,0.9206373713401343,1,0.9805022362543427,1,0.9727333835292341,1,0.98,1,0.9936605687821979,1,0.9989863038063049,1,0.9999618242896208
03-01-08-02-01-02-14.wav,14,female,surprised,1,1,1.0,1,0.9923235819799037,1,0.999997056222603,1,0.9943808687063977,1,0.99,1,0.9959916770389472,1,0.9987775683403015,1,0.9999774306504251
03-01-08-02-02-01-14.wav,14,female,surprised,1,0,0.0,1,0.9742160323948593,1,0.9970608234517339,1,0.9803843521562873,1,0.97,1,0.9956422657792254,1,0.9984952211380005,1,0.9999674719137318
03-01-08-02-02-02-14.wav,14,female,surprised,1,1,1.0,1,0.9542485484281173,1,0.9948385252560634,1,0.988734686933662,1,0.97,1,0.9941267691275762,1,0.9985093474388123,1,0.9999537078636562
03-01-01-01-01-01-15.wav,15,male,neutral,0,0,0.0,0,0.41504761985359473,0,0.7144084573552533,0,0.7766297900700464,1,0.87,1,0.7503064474744855,1,0.9868175983428955,1,0.9927198640360373
03-01-01-01-01-02-15.wav,15,male,neutral,0,0,0.0,0,0.4872523366334625,0,0.7603855874333799,0,0.6598655612776614,1,0.7,0,0.1343072573908394,0,0.47301483154296875,1,0.8024800225017305
03-01-01-01-02-01-15.wav,15,male,neutral,0,1,1.0,0,0.26243276494667384,0,0.5501666371881194,0,0.21738591138868377,1,0.8,0,0.42585959527977724,1,0.7475249171257019,1,0.9442867094959858
03-01-01-01-02-02-15.wav,15,male,neutral,0,1,1.0,0,0.28855045897248677,0,0.580272880778739,0,0.8147515839844591,1,0.88,1,0.886841437050624,1,0.514575183391571,1,0.8824468622195683
03-01-02-01-01-01-15.wav,15,male,calm,0,1,1.0,0,0.0068220073411623516,0,0.03575581511779321,0,0.06336777834248142,0,0.05,0,0.016598440104243054,0,0.00019454248831607401,0,0.000448395840314482
03-01-02-01-01-02-15.wav,15,male,calm,0,1,1.0,0,0.014833361367818657,0,0.07516791981858802,0,0.06241836571936931,0,0.05,0,0.03232421250266767,0,0.0005228917580097914,0,0.00017086773341959405
03-01-02-01-02-01-15.wav,15,male,calm,0,0,0.0,0,0.01286930463306124,0,0.07712555224370035,0,0.1534259577197873,0,0.11,0,0.09301827404197532,0,0.06278970092535019,0,0.006647519736248714
03-01-02-01-02-02-15.wav,15,male,calm,0,0,0.0,0,0.00909296439044722,0,0.0604142822935455,0,0.45317562744426376,0,0.22,0,0.03213441983399928,0,0.0012796693481504917,0,0.0008209461618811871
03-01-02-02-01-01-15.wav,15,male,calm,0,1,1.0,0,0.012299380253620788,0,0.07384860431833491,0,0.33586125234258146,0,0.03,0,0.028808553277645935,0,0.0010417094454169273,0,0.000629738399123508
03-01-02-02-01-02-15.wav,15,male,calm,0,1,1.0,0,0.006561335352005338,0,0.03493240470957883,0,0.16939496986550798,0,0.05,0,0.03990544845163982,0,0.00030000507831573486,0,0.0004913313763107596
03-01-02-02-02-01-15.wav,15,male,calm,0,1,1.0,0,0.011587305224436153,0,0.06706174755826838,0,0.15746739971044196,0,0.09,0,0.035965843136386795,0,0.005634714383631945,0,0.0014354267382308472
03-01-02-02-02-02-15.wav,15,male,calm,0,1,1.0,0,0.03464324938419582,0,0.2419576776959551,0,0.08950964988747147,0,0.16,0,0.042742144355294984,0,0.030302995815873146,0,0.0017434123020876
03-01-03-01-01-01-15.wav,15,male,happy,1,1,1.0,1,0.5749624324379368,1,0.8169616622950323,1,0.8545124758127989,1,0.81,1,0.8595588660433746,1,0.9870287179946899,1,0.9969707437232523
03-01-03-01-01-02-15.wav,15,male,happy,1,1,1.0,1,0.9356536119241896,1,0.9506399022949085,1,0.9487784646223301,1,0.87,1,0.9503247875446879,1,0.9867449402809143,1,0.9924675624236597
03-01-03-01-02-01-15.wav,15,male,happy,1,0,0.0,0,0.4274163834127408,0,0.7147772438126234,0,0.22653359119989755,1,0.82,1,0.7631776934186714,0,0.3693729043006897,1,0.8888618475598199
03-01-03-01-02-02-15.wav,15,male,happy,1,1,1.0,1,0.6882469384316646,1,0.8888072844257328,1,0.8867906144217199,1,0.93,1,0.9473758900428242,1,0.9853679537773132,1,0.9996937120783763
03-01-03-02-01-01-15.wav,15,male,happy,1,1,1.0,1,0.9691755587017824,1,0.9825186766742702,1,0.9999974814390038,1,1.0,1,0.9811243957718279,1,0.9996590614318848,1,0.9999764491924293
03-01-03-02-01-02-15.wav,15,male,happy,1,1,1.0,1,0.9830270335605376,1,0.9947469954134168,1,0.9999999223764651,1,1.0,1,0.9908356583590843,1,0.9998387098312378,1,0.9999813315908094
03-01-03-02-02-01-15.wav,15,male,happy,1,1,1.0,1,0.9954717934308006,1,0.9999961420072624,1,0.9999993365523162,1,0.99,1,0.9923324736300375,1,0.99962317943573,1,0.9999819388070983
03-01-03-02-02-02-15.wav,15,male,happy,1,0,0.0,1,0.9058721477236625,1,0.9642533883799197,1,0.9934545618666176,1,0.98,1,0.9865575945291489,1,0.9989380240440369,1,0.9999384219444083
03-01-04-01-01-01-15.wav,15,male,sad,1,0,0.0,1,0.7791348126308673,1,0.8675488000662417,1,0.9581570337944595,1,0.92,1,0.9809306095210617,1,0.9976413249969482,1,0.9999410834280933
03-01-04-01-01-02-15.wav,15,male,sad,1,1,1.0,0,0.32949847065329063,0,0.6859234177357886,1,0.9318197089459905,1,0.76,1,0.8335711333666309,1,0.9422757625579834,1,0.909324093521014
03-01-04-01-02-01-15.wav,15,male,sad,1,1,1.0,0,0.039071250417599235,0,0.16929524240845012,0,0.17062425390453312,0,0.34,1,0.6097222328019222,0,0.16215991973876953,0,0.029033585603742532
03-01-04-01-02-02-15.wav,15,male,sad,1,1,1.0,0,0.48239456767446887,0,0.7425945862302936,0,0.6822348876390291,1,0.81,1,0.8614033038606697,1,0.9715678095817566,1,0.9987721025903817
03-01-04-02-01-01-15.wav,15,male,sad,1,1,1.0,0,0.07697827617846043,0,0.18287476279943135,0,0.37099034284314175,0,0.45,0,0.04183586033866403,0,0.015922365710139275,1,0.9748241128913162
03-01-04-02-01-02-15.wav,15,male,sad,1,1,1.0,0,0.2706026213354568,0,0.3680998454256133,0,0.3745625826888598,1,0.68,1,0.501674877740601,1,0.8833720684051514,1,0.9976679073156461
03-01-04-02-02-01-15.wav,15,male,sad,1,1,1.0,1,0.8637106083155638,1,0.956214586031564,1,0.9999921333748942,1,0.97,1,0.991508030403068,1,0.9996095299720764,1,0.9999774231160969
03-01-04-02-02-02-15.wav,15,male,sad,1,1,1.0,0,0.07634756143987742,0,0.14586443671675625,0,0.5432585793192515,1,0.72,1,0.6222740043168742,1,0.5171670317649841,1,0.7742146771098355
03-01-05-01-01-01-15.wav,15,male,angry,1,1,1.0,1,0.9253907039633416,1,0.9602538132203445,1,0.9928160266945236,1,1.0,1,0.9925650377025255,1,0.9957252740859985,1,0.9998451262380185
03-01-05-01-01-02-15.wav,15,male,angry,1,1,1.0,1,0.9964601518186346,1,0.9999947054438992,1,0.9999999245867175,1,1.0,1,0.994105120202855,1,0.9998631477355957,1,0.9999772387810735
03-01-05-01-02-01-15.wav,15,male,angry,1,0,0.0,1,0.9642000061311568,1,0.99354755292773,1,0.9999917388172482,1,0.98,1,0.9922214053606487,1,0.9986221790313721,1,0.9999579285062158
03-01-05-01-02-02-15.wav,15,male,angry,1,1,1.0,1,0.9975568953330178,1,0.9999975216426787,1,0.9999982119270341,1,0.99,1,0.994311502584167,1,0.9985359907150269,1,0.9999525244029251
03-01-05-02-01-01-15.wav,15,male,angry,1,1,1.0,1,0.9999612763953496,1,0.9999999995195794,1,0.9999999928263679,1,1.0,1,0.9966839055941831,1,0.9998113512992859,1,0.9999876373922598
03-01-05-02-01-02-15.wav,15,male,angry,1,1,1.0,1,0.9999957818427907,1,0.999999999997729,1,0.9999998752688491,1,1.0,1,0.996857734406447,1,0.9997250437736511,1,0.9999813865216646
03-01-05-02-02-01-15.wav,15,male,angry,1,0,0.0,1,0.998161243174194,1,0.99999885430345,1,0.9999998473178917,1,1.0,1,0.9937363716765858,1,0.9987291693687439,1,0.9999831669382461
03-01-05-02-02-02-15.wav,15,male,angry,1,1,1.0,1,0.999999515843384,1,0.9999999999999482,1,0.9999998370046973,1,1.0,1,0.9978692654950185,1,0.9994140863418579,1,0.9999896598773389
03-01-06-01-01-01-15.wav,15,male,fearful,1,1,1.0,0,0.23664397295644715,0,0.3812621186202383,0,0.26011819390984736,1,0.61,1,0.8115982257454374,1,0.9287251830101013,1,0.7226586121824738
03-01-06-01-01-02-15.wav,15,male,fearful,1,1,1.0,1,0.9042717710630883,1,0.9457866920228623,1,0.9957555482709746,1,0.97,1,0.9833744900216712,1,0.9795851707458496,1,0.9988738808282566
03-01-06-01-02-01-15.wav,15,male,fearful,1,1,1.0,1,0.6565665438422349,1,0.7918291821492615,1,0.9641495346611446,1,0.94,1,0.9888259596291442,1,0.9984128475189209,1,0.9961959027348916
03-01-06-01-02-02-15.wav,15,male,fearful,1,1,1.0,1,0.8387145491254845,1,0.9091931675170962,1,0.9885301252842094,1,0.97,1,0.9690828768430725,1,0.9972297549247742,1,0.9990914424950096
03-01-06-02-01-01-15.wav,15,male,fearful,1,1,1.0,1,0.9975493896539838,1,0.9999916375168155,1,0.9999999040490201,1,0.95,1,0.9903715014225851,1,0.9985963702201843,1,0.999947083234506
03-01-06-02-01-02-15.wav,15,male,fearful,1,1,1.0,1,0.9997817970232168,1,0.9999998958707826,1,0.9999999637937186,1,1.0,1,0.9928298939496779,1,0.9996134638786316,1,0.9999878315088269
03-01-06-02-02-01-15.wav,15,male,fearful,1,1,1.0,1,0.9346662867357345,1,0.9428762402707402,1,0.987899132108378,1,0.99,1,0.9912809431430081,1,0.9998241066932678,1,0.9999849868290197
03-01-06-02-02-02-15.wav,15,male,fearful,1,1,1.0,1,0.9989937160842707,1,0.9999989788114854,1,0.9999999756036192,1,1.0,1,0.9883558092286736,1,0.9995600581169128,1,0.9999525739396884
03-01-07-01-01-01-15.wav,15,male,disgust,1,1,1.0,1,0.9387572650196891,1,0.9818436303443713,1,0.9999996443435278,1,0.93,1,0.9826495474087592,1,0.9988960027694702,1,0.9998785099255006
03-01-07-01-01-02-15.wav,15,male,disgust,1,0,0.0,1,0.9319678332345308,1,0.9807450830345071,1,0.9999878108914874,1,0.97,1,0.9916976683901376,1,0.9995999932289124,1,0.9999673901457183
03-01-07-01-02-01-15.wav,15,male,disgust,1,1,1.0,1,0.8062887389459573,1,0.944523324898219,1,0.9708493662772703,1,0.92,1,0.9207210038498786,1,0.9943763017654419,1,0.9999189413051178
03-01-07-01-02-02-15.wav,15,male,disgust,1,1,1.0,1,0.960406338457253,1,0.9878872415975882,1,0.9971479022027575,1,1.0,1,0.9938407235149819,1,0.999474823474884,1,0.9999569291937234
03-01-07-02-01-01-15.wav,15,male,disgust,1,1,1.0,1,0.975905221863929,1,0.9866659858672402,1,0.9999996554036036,1,0.98,1,0.9923818433482756,1,0.9996274709701538,1,0.9999695580932285
03-01-07-02-01-02-15.wav,15,male,disgust,1,1,1.0,1,0.8247461055360147,1,0.9342203689904576,1,0.977525956851967,1,0.89,1,0.9728714536294027,1,0.9989349246025085,1,0.9998471107436898
03-01-07-02-02-01-15.wav,15,male,disgust,1,1,1.0,0,0.2839352508211418,0,0.39833554300578927,0,0.07906605161920686,1,0.83,1,0.8302887955794656,1,0.762267529964447,1,0.9992366023725358
03-01-07-02-02-02-15.wav,15,male,disgust,1,1,1.0,1,0.9856639894113873,1,0.9925666344031845,1,0.9999976512917669,1,1.0,1,0.9967526056854229,1,0.9999305009841919,1,0.9999905867409382
03-01-08-01-01-01-15.wav,15,male,surprised,1,1,1.0,1,0.74377405513341,1,0.8540600566056407,1,0.9322612330932256,1,0.82,1,0.9489714306986352,1,0.9904016852378845,1,0.9996873127022126
03-01-08-01-01-02-15.wav,15,male,surprised,1,1,1.0,1,0.9689716390397058,1,0.9896321085151158,1,0.9974446356520916,1,1.0,1,0.9937249668561969,1,0.9976058006286621,1,0.999952995797415
03-01-08-01-02-01-15.wav,15,male,surprised,1,1,1.0,1,0.8747256538763452,1,0.9807004359003296,1,0.9914092982637887,1,0.99,1,0.9850449352218184,1,0.9993764758110046,1,0.9997137826038979
03-01-08-01-02-02-15.wav,15,male,surprised,1,1,1.0,1,0.775500026550939,1,0.9294198471924766,1,0.9859862605459226,1,0.98,1,0.9495623224063642,1,0.9939309358596802,1,0.9999149201078947
03-01-08-02-01-01-15.wav,15,male,surprised,1,1,1.0,1,0.9965630248032502,1,0.9999918840297424,1,0.9999999901331177,1,0.98,1,0.9713036248556803,1,0.999302864074707,1,0.9998742833586403
03-01-08-02-01-02-15.wav,15,male,surprised,1,1,1.0,1,0.879498079660871,1,0.945603413553586,1,0.994644201862476,1,0.97,1,0.9824827111220191,1,0.9953338503837585,1,0.9999549963129718
03-01-08-02-02-01-15.wav,15,male,surprised,1,0,0.0,1,0.6683376970624113,1,0.8541146852927719,1,0.976157521664138,1,0.93,1,0.9856814563353287,1,0.9784316420555115,1,0.9998335813006337
03-01-08-02-02-02-15.wav,15,male,surprised,1,1,1.0,1,0.959896144469208,1,0.9867354644144329,1,0.9999834666227109,1,1.0,1,0.9920614534897633,1,0.9998207688331604,1,0.9999759963942272
03-01-01-01-01-01-16.wav,16,female,neutral,0,1,1.0,0,0.482233864313644,0,0.6645699311030049,0,0.45641050894450025,1,0.89,1,0.9119829245100685,1,0.9858874678611755,1,0.9999765165196904
03-01-01-01-01-02-16.wav,16,female,neutral,0,1,1.0,0,0.46937598152123367,0,0.6682251899328487,0,0.5932512292352823,1,0.94,1,0.9695002163882298,1,0.9910189509391785,1,0.9999480943399037
03-01-01-01-02-01-16.wav,16,female,neutral,0,0,0.0,1,0.7243090022105696,1,0.8797512585045456,0,0.8162054385384166,1,0.79,1,0.8808532690609734,1,0.9137022495269775,1,0.727877381034805
03-01-01-01-02-02-16.wav,16,female,neutral,0,0,0.0,1,0.6883042464213295,1,0.8728389404237997,1,0.8759542080014165,1,0.74,1,0.8135982169910556,1,0.8753594160079956,1,0.5687060384334113
03-01-02-01-01-01-16.wav,16,female,calm,0,1,1.0,0,0.015588613460809607,0,0.06640678095899506,0,0.05121796689711509,0,0.07,0,0.01847556949224253,0,0.0005611398373730481,0,0.004194965017276547
03-01-02-01-01-02-16.wav,16,female,calm,0,1,1.0,0,0.029304560943422344,0,0.11188492741774542,0,0.041547639142613765,0,0.04,0,0.032948056986345044,0,0.01095586083829403,0,0.0007413767682534299
03-01-02-01-02-01-16.wav,16,female,calm,0,0,0.0,0,0.0300443905061407,0,0.13564854819164224,0,0.08636871437362617,0,0.02,0,0.026095027711303568,0,0.007933489046990871,0,0.00022639338922076475
03-01-02-01-02-02-16.wav,16,female,calm,0,1,1.0,0,0.050687765934873646,0,0.17748106683158052,0,0.28678132469408807,0,0.21,0,0.036966939741552574,0,0.12355831265449524,0,0.006306642805194271
03-01-02-02-01-01-16.wav,16,female,calm,0,1,1.0,0,0.030394501878489924,0,0.1407268551829001,0,0.11524068289140219,0,0.11,0,0.02607227057007875,0,0.008462110534310341,0,0.001038115716386395
03-01-02-02-01-02-16.wav,16,female,calm,0,1,1.0,0,0.048782370480116403,0,0.2016957216511897,0,0.11952296034704094,0,0.1,0,0.028725891072496717,0,0.0009405884775333107,0,0.00015188498441866925
03-01-02-02-02-01-16.wav,16,female,calm,0,1,1.0,0,0.037106145992340425,0,0.17954847498739462,0,0.06962556036251971,0,0.05,0,0.03475018679829744,0,0.028790587559342384,0,0.0001913073403342193
03-01-02-02-02-02-16.wav,16,female,calm,0,0,0.0,0,0.025725252630738348,0,0.14014436331446775,0,0.13724324864474233,0,0.1,0,0.034908399937629606,0,0.03656245395541191,0,0.01628331304484755
03-01-03-01-01-01-16.wav,16,female,happy,1,0,0.0,1,0.9106325963395777,1,0.9574104162569581,1,0.9671506780601282,1,0.99,1,0.9905645284653298,1,0.9974714517593384,1,0.9999753774903287
03-01-03-01-01-02-16.wav,16,female,happy,1,1,1.0,1,0.9748809532782168,1,0.9892800771278758,1,0.9914348070707738,1,1.0,1,0.9967072594191744,1,0.9996609687805176,1,0.9999877384309157
03-01-03-01-02-01-16.wav,16,female,happy,1,1,1.0,1,0.86627285018557,1,0.9317040215268467,1,0.9678122033140938,1,1.0,1,0.9883695626254577,1,0.997919499874115,1,0.9999243177808875
03-01-03-01-02-02-16.wav,16,female,happy,1,1,1.0,1,0.9039398932534918,1,0.9506595336837801,1,0.9944581748137358,1,0.99,1,0.9923531410293047,1,0.9980968832969666,1,0.9999595192646298
03-01-03-02-01-01-16.wav,16,female,happy,1,1,1.0,1,0.9941962061744342,1,0.9999883146448387,1,0.9999967918081946,1,1.0,1,0.9970127097590186,1,0.9998213648796082,1,0.9999897198162568
03-01-03-02-01-02-16.wav,16,female,happy,1,0,0.0,1,0.99989766903097,1,0.9999999902783128,1,0.9999974239439061,1,1.0,1,0.9966910548930548,1,0.9994901418685913,1,0.9999897049655586
03-01-03-02-02-01-16.wav,16,female,happy,1,0,0.0,1,0.9948668368816771,1,0.9999880798727563,1,0.9999983294706364,1,1.0,1,0.9957321890753277,1,0.9986110925674438,1,0.9999903455258091
03-01-03-02-02-02-16.wav,16,female,happy,1,1,1.0,1,0.9826188921294361,1,0.9935595422232611,1,0.9999962938514029,1,1.0,1,0.9936112648638281,1,0.9996433258056641,1,0.9999909126547104
03-01-04-01-01-01-16.wav,16,female,sad,1,1,1.0,1,0.5654275129012951,0,0.6914664664081195,0,0.7876303202262179,1,0.89,1,0.8853652614800047,1,0.9588433504104614,1,0.8695545924118065
03-01-04-01-01-02-16.wav,16,female,sad,1,1,1.0,1,0.5822108575051712,0,0.6982519438898751,0,0.1267960072950368,1,0.74,1,0.8118236966338755,1,0.7584414482116699,1,0.9947812500485939
03-01-04-01-02-01-16.wav,16,female,sad,1,1,1.0,1,0.6560861854506955,0,0.7907276019105931,1,0.9242572563100249,1,0.62,1,0.5434918712214754,0,0.3512119650840759,0,0.40547253624984064
03-01-04-01-02-02-16.wav,16,female,sad,1,0,0.0,1,0.7746711201280997,1,0.8768514952772171,1,0.9570606326985054,1,0.82,1,0.9444728519173968,1,0.9576914310455322,1,0.9996944586596975
03-01-04-02-01-01-16.wav,16,female,sad,1,1,1.0,1,0.6743693807925893,1,0.8363576056493693,0,0.42825216232587293,1,0.68,1,0.7739145107820246,0,0.08640871942043304,0,0.026830859022495174
03-01-04-02-01-02-16.wav,16,female,sad,1,1,1.0,1,0.6921224577606676,1,0.8745716112298811,0,0.5864024696977022,1,0.95,1,0.9611798342362042,1,0.9940264225006104,1,0.9995945529367682
03-01-04-02-02-01-16.wav,16,female,sad,1,1,1.0,1,0.6989034913008767,1,0.852414730789803,1,0.9894987072032272,1,0.91,1,0.9605375234030358,1,0.9983705878257751,1,0.9999662431195026
03-01-04-02-02-02-16.wav,16,female,sad,1,1,1.0,1,0.7402805664065865,1,0.8963508345522185,1,0.9967484955123935,1,0.92,1,0.9611444480201459,1,0.997612714767456,1,0.9997131768106495
03-01-05-01-01-01-16.wav,16,female,angry,1,1,1.0,1,0.9980238479743387,1,0.9999976818167481,1,0.9999963529800924,1,0.99,1,0.9968706947276166,1,0.9993265867233276,1,0.9999670502829469
03-01-05-01-01-02-16.wav,16,female,angry,1,1,1.0,1,0.9995206945548362,1,0.9999997876308465,1,0.999996726844548,1,1.0,1,0.9967847616150056,1,0.99947589635849,1,0.9999679796756373
03-01-05-01-02-01-16.wav,16,female,angry,1,1,1.0,1,0.9968698593322811,1,0.9999964727287308,1,0.9999981311441228,1,1.0,1,0.9966776115004976,1,0.9990370273590088,1,0.9999639728249918
03-01-05-01-02-02-16.wav,16,female,angry,1,1,1.0,1,0.9995946610058022,1,0.9999999288535747,1,0.999999311034922,1,1.0,1,0.9967132911766307,1,0.9980881810188293,1,0.9999629271374257
03-01-05-02-01-01-16.wav,16,female,angry,1,1,1.0,1,0.9999977082763749,1,0.9999999999981659,1,0.9999993641830016,1,1.0,1,0.9975606793739511,1,0.9995444416999817,1,0.999989750236652
03-01-05-02-01-02-16.wav,16,female,angry,1,1,1.0,1,0.9999999995248727,1,0.9999999999999699,1,0.9999961917061032,1,1.0,1,0.9975606793739511,1,0.999606192111969,1,0.9999897544605895
03-01-05-02-02-01-16.wav,16,female,angry,1,1,1.0,1,0.9999999530786496,1,0.9999999999999699,1,0.9999987047077677,1,1.0,1,0.9974793218827076,1,0.9992992877960205,1,0.9999874361440856
03-01-05-02-02-02-16.wav,16,female,angry,1,1,1.0,1,0.999999152115039,1,0.9999999999998618,1,0.9999984907409435,1,1.0,1,0.997684024277172,1,0.9992985725402832,1,0.9999878493196341
03-01-06-01-01-01-16.wav,16,female,fearful,1,1,1.0,1,0.9321284358793572,1,0.9581469618427969,1,0.8450284991959849,1,1.0,1,0.9936394292212664,1,0.9992780089378357,1,0.9999583148207778
03-01-06-01-01-02-16.wav,16,female,fearful,1,1,1.0,1,0.9622629423950437,1,0.9756082804220375,1,0.9776347804040717,1,0.96,1,0.9855567952989213,1,0.9982385635375977,1,0.999915244709691
03-01-06-01-02-01-16.wav,16,female,fearful,1,1,1.0,1,0.9504456345705551,1,0.9816106205898706,1,0.996957567277178,1,0.98,1,0.9833759816338725,1,0.9990679621696472,1,0.9999481319743699
03-01-06-01-02-02-16.wav,16,female,fearful,1,0,0.0,1,0.9869883341269103,1,0.9961172185136207,1,0.9999944696873448,1,1.0,1,0.9953732055057997,1,0.9997450709342957,1,0.9999895769642663
03-01-06-02-01-01-16.wav,16,female,fearful,1,1,1.0,1,0.9999960831853367,1,0.9999999999875695,1,0.9999998287302441,1,1.0,1,0.9927152864179808,1,0.9991517066955566,1,0.999970214684162
03-01-06-02-01-02-16.wav,16,female,fearful,1,1,1.0,1,0.9999999968097149,1,0.9999999999999699,1,0.9999991419042394,1,1.0,1,0.9952175088216592,1,0.9996953010559082,1,0.999984361287639
03-01-06-02-02-01-16.wav,16,female,fearful,1,1,1.0,1,0.9999997852604089,1,0.9999999999999699,1,0.9999998400504974,1,1.0,1,0.9967393713872916,1,0.9998401403427124,1,0.9999912899682353
03-01-06-02-02-02-16.wav,16,female,fearful,1,1,1.0,1,0.9999999008392827,1,0.9999999999999699,1,0.9999998348053237,1,1.0,1,0.997699741089944,1,0.9996342658996582,1,0.9999912899682353
03-01-07-01-01-01-16.wav,16,female,disgust,1,1,1.0,1,0.9856492102001544,1,0.9946585699559616,1,0.9999990373566578,1,1.0,1,0.9916216592121003,1,0.9999434947967529,1,0.9999727818117162
03-01-07-01-01-02-16.wav,16,female,disgust,1,1,1.0,1,0.9807479949380236,1,0.9903186705529973,1,0.9999979747914371,1,1.0,1,0.9961320128909763,1,0.9999485015869141,1,0.9999842911942552
03-01-07-01-02-01-16.wav,16,female,disgust,1,0,0.0,1,0.9773238630405403,1,0.9932618243679244,1,0.9999826029853848,1,1.0,1,0.9931326301436656,1,0.999900221824646,1,0.9999904377623698
03-01-07-01-02-02-16.wav,16,female,disgust,1,1,1.0,1,0.9830803502755516,1,0.9880185083579818,1,0.9974221644361936,1,1.0,1,0.9909979659797465,1,0.999825656414032,1,0.9999887915433371
03-01-07-02-01-01-16.wav,16,female,disgust,1,0,0.0,1,0.9764702657317814,1,0.9869636580239679,1,0.999999147033873,1,1.0,1,0.9968786294636844,1,0.9998927116394043,1,0.9999903557578722
03-01-07-02-01-02-16.wav,16,female,disgust,1,1,1.0,1,0.9863929162794816,1,0.9911825725123178,1,0.9999928612546896,1,0.99,1,0.9944760148209447,1,0.9988133907318115,1,0.999965275993412
03-01-07-02-02-01-16.wav,16,female,disgust,1,1,1.0,1,0.9948029453541385,1,0.9999873864463309,1,0.9999996489088929,1,1.0,1,0.9923762741964575,1,0.9998756647109985,1,0.9999914548411052
03-01-07-02-02-02-16.wav,16,female,disgust,1,1,1.0,1,0.9933196047782993,1,0.9967885667711471,1,0.9999995220350842,1,1.0,1,0.9964035295549828,1,0.9995360374450684,1,0.9999850748891892
03-01-08-01-01-01-16.wav,16,female,surprised,1,1,1.0,1,0.9046250692807224,1,0.9604455905374053,1,0.9832758638348245,1,1.0,1,0.9934366969142949,1,0.9994638562202454,1,0.9999706189870572
03-01-08-01-01-02-16.wav,16,female,surprised,1,1,1.0,1,0.9808269841849304,1,0.9905904850762138,1,0.9999893456249402,1,1.0,1,0.995615426523495,1,0.9995032548904419,1,0.9999911997932973
03-01-08-01-02-01-16.wav,16,female,surprised,1,1,1.0,1,0.9966435039130411,1,0.9999990978196373,1,0.9999997291135249,1,1.0,1,0.9971903675958957,1,0.9998871088027954,1,0.9999913953236174
03-01-08-01-02-02-16.wav,16,female,surprised,1,1,1.0,1,0.997022775128736,1,0.9999883318465995,1,0.9999900706676744,1,1.0,1,0.9971903675958957,1,0.9998695850372314,1,0.999991282120734
03-01-08-02-01-01-16.wav,16,female,surprised,1,1,1.0,1,0.9188987262967551,1,0.9515292903131333,1,0.9054355837960649,1,1.0,1,0.9950048869745627,1,0.9993069171905518,1,0.999962474766116
03-01-08-02-01-02-16.wav,16,female,surprised,1,1,1.0,1,0.9880887108056803,1,0.9936285599813889,1,0.9999964967098266,1,1.0,1,0.9958179062642875,1,0.9997394680976868,1,0.9999858794846942
03-01-08-02-02-01-16.wav,16,female,surprised,1,1,1.0,1,0.9992887473716721,1,0.99999986012746,1,0.9999987081744166,1,1.0,1,0.9971872939718509,1,0.9998809099197388,1,0.999991282010536
03-01-08-02-02-02-16.wav,16,female,surprised,1,1,1.0,1,0.9963629417520483,1,0.9999967933328416,1,0.9999995199050788,1,1.0,1,0.9958179062642875,1,0.9998227953910828,1,0.999991282120734
03-01-01-01-01-01-17.wav,17,male,neutral,0,1,1.0,0,0.030493392830133522,0,0.11003241721979226,0,0.11012959500726892,0,0.14,0,0.45243571717178677,0,0.013020225800573826,0,0.0036799816017225114
03-01-01-01-01-02-17.wav,17,male,neutral,0,1,1.0,0,0.3198283485497357,0,0.5077744770078895,0,0.5545928184373311,0,0.36,0,0.37751781923972205,0,0.006847687531262636,0,0.011247064026467463
03-01-01-01-02-01-17.wav,17,male,neutral,0,0,0.0,0,0.03136250516761549,0,0.10029721763947427,0,0.1541684245003647,0,0.36,0,0.3994368807491045,0,0.26405537128448486,0,0.27698310735913056
03-01-01-01-02-02-17.wav,17,male,neutral,0,0,0.0,0,0.36298468521770705,0,0.5655465544478114,0,0.25394164915780887,0,0.23,0,0.38079577094695694,0,0.013633660972118378,0,0.3959184193636926
03-01-02-01-01-01-17.wav,17,male,calm,0,1,1.0,0,0.015898164527833242,0,0.08875585164677101,0,0.30939726856378374,0,0.09,0,0.3060023994872057,0,0.0007011967827565968,0,0.0002428997617767748
03-01-02-01-01-02-17.wav,17,male,calm,0,1,1.0,0,0.23302670441847362,0,0.5078868062932226,0,0.26929144252596643,1,0.76,1,0.9396316483551603,1,0.9935867190361023,1,0.9668579034369411
03-01-02-01-02-01-17.wav,17,male,calm,0,0,0.0,0,0.03496199663933703,0,0.18368550480341744,0,0.3537856591968114,0,0.16,0,0.040263219485859376,0,0.009385081939399242,0,0.000822272968038255
03-01-02-01-02-02-17.wav,17,male,calm,0,1,1.0,0,0.03045612879313363,0,0.1739053895134698,0,0.37447576102176333,0,0.24,0,0.06808261569040425,0,0.006983965169638395,0,0.0008931337368569207
03-01-02-02-01-01-17.wav,17,male,calm,0,1,1.0,0,0.02021624651234978,0,0.10954382663645275,0,0.18682412481546573,0,0.16,0,0.04470885096861315,0,0.0018734220648184419,0,0.0004859469926601978
03-01-02-02-01-02-17.wav,17,male,calm,0,1,1.0,0,0.008162018882582646,0,0.05401779717543972,0,0.2801751737208374,0,0.25,1,0.6849682164562257,0,0.014300285838544369,0,0.001195936807521658
03-01-02-02-02-01-17.wav,17,male,calm,0,1,1.0,0,0.03648027243256836,0,0.2089881411596142,0,0.23977561494931693,0,0.1,0,0.036771522594166675,0,0.00663726357743144,0,0.0009923189630803065
03-01-02-02-02-02-17.wav,17,male,calm,0,0,0.0,0,0.005146753542331866,0,0.034707630493843136,0,0.394753784284531,1,0.83,1,0.975964565351395,1,0.9258073568344116,1,0.9990640615477149
03-01-03-01-01-01-17.wav,17,male,happy,1,0,0.0,1,0.7635021028453081,1,0.8986182423156776,1,0.8424217851065674,1,0.91,1,0.9014857468309545,1,0.9844383597373962,1,0.9725294128937177
03-01-03-01-01-02-17.wav,17,male,happy,1,1,1.0,1,0.8554367987574868,1,0.9445493553424661,1,0.9588227748252728,1,0.93,1,0.958884852350682,1,0.9923924207687378,1,0.9980203485632589
03-01-03-01-02-01-17.wav,17,male,happy,1,1,1.0,1,0.976781544511445,1,0.9914975106719712,1,0.9850077167246863,1,0.99,1,0.9878175204445829,1,0.9988409876823425,1,0.9999578089039717
03-01-03-01-02-02-17.wav,17,male,happy,1,1,1.0,1,0.9016874913200404,1,0.9597138610644024,1,0.9666861556050341,1,0.97,1,0.9663677523747135,1,0.995093822479248,1,0.9998123977008254
03-01-03-02-01-01-17.wav,17,male,happy,1,1,1.0,1,0.9997615324349477,1,0.9999999884844724,1,0.9999997817105585,1,1.0,1,0.994837346971914,1,0.999792754650116,1,0.9999746599750313
03-01-03-02-01-02-17.wav,17,male,happy,1,0,0.0,1,0.9999995712297969,1,0.9999999999999699,1,0.9999999461353392,1,0.99,1,0.9960670430736932,1,0.9998530149459839,1,0.9999566870434788
03-01-03-02-02-01-17.wav,17,male,happy,1,0,0.0,1,0.9973242250761893,1,0.9999988083533695,1,0.9972477868133445,1,0.98,1,0.9900684377214759,1,0.9990280866622925,1,0.9999601043596757
03-01-03-02-02-02-17.wav,17,male,happy,1,1,1.0,1,0.9985502436861537,1,0.9999993881700185,1,0.99590186058524,1,0.99,1,0.9891974895812267,1,0.9972084164619446,1,0.9996253558056682
03-01-04-01-01-01-17.wav,17,male,sad,1,1,1.0,0,0.3482817974531813,0,0.6237347121552658,0,0.2971210872381357,1,0.76,1,0.9325650571526203,1,0.8962734937667847,1,0.9972826916014235
03-01-04-01-01-02-17.wav,17,male,sad,1,1,1.0,1,0.6451712708196815,1,0.8183383225664964,0,0.6009855824994083,1,0.83,1,0.9344095725503792,0,0.3218856453895569,1,0.9810584914231931
03-01-04-01-02-01-17.wav,17,male,sad,1,1,1.0,1,0.5538666459332795,0,0.7469245740156331,0,0.6603139496013247,0,0.5,1,0.825613409775685,0,0.2860034108161926,1,0.9163960860396858
03-01-04-01-02-02-17.wav,17,male,sad,1,0,0.0,1,0.7766416554966452,1,0.9058815968661059,1,0.8810195605866734,1,0.98,1,0.9636319218988857,1,0.993433952331543,1,0.9997372502380977
03-01-04-02-01-01-17.wav,17,male,sad,1,1,1.0,1,0.9280581881254175,1,0.969013900912029,1,0.9431579614160891,1,0.97,1,0.9751321970370713,1,0.9977343082427979,1,0.99986457190653
03-01-04-02-01-02-17.wav,17,male,sad,1,1,1.0,1,0.8980741234611251,1,0.9604095342137933,1,0.8311940480668208,1,0.99,1,0.969434662442253,1,0.9949701428413391,1,0.9998752972784362
03-01-04-02-02-01-17.wav,17,male,sad,1,1,1.0,1,0.8179921387885716,1,0.8641894251177505,1,0.8400080878083884,1,0.95,1,0.9746476600466183,1,0.9985665678977966,1,0.9997281310826526
03-01-04-02-02-02-17.wav,17,male,sad,1,1,1.0,1,0.8816900248414384,1,0.9281948373992095,1,0.977782535363751,1,1.0,1,0.9786394599790567,1,0.9992724061012268,1,0.9999690086316914
03-01-05-01-01-01-17.wav,17,male,angry,1,1,1.0,1,0.6533683140956211,1,0.8162832590321214,1,0.8602760467238144,1,0.91,1,0.9719453502058992,1,0.9302735924720764,1,0.9939616000861837
03-01-05-01-01-02-17.wav,17,male,angry,1,1,1.0,1,0.610378604352732,0,0.7810879782743062,1,0.9689738635559483,1,0.86,1,0.9787938082189578,1,0.9759547114372253,1,0.9997134426158343
03-01-05-01-02-01-17.wav,17,male,angry,1,1,1.0,1,0.9285479443840953,1,0.9704267187118156,1,0.997151075203061,1,1.0,1,0.9934512586347242,1,0.9996284246444702,1,0.9999639953466325
03-01-05-01-02-02-17.wav,17,male,angry,1,1,1.0,1,0.7228161220032712,1,0.8723864901576531,1,0.9950034731044044,1,0.96,1,0.9901494833565044,1,0.9990690350532532,1,0.9999583002242481
03-01-05-02-01-01-17.wav,17,male,angry,1,1,1.0,1,0.9999959247863712,1,0.9999999999971978,1,0.9999996364571219,1,1.0,1,0.993389787448967,1,0.9987221360206604,1,0.9999820935973253
03-01-05-02-01-02-17.wav,17,male,angry,1,1,1.0,1,0.9999999986195978,1,0.9999999999999699,1,0.9999993588734191,1,1.0,1,0.993389787448967,1,0.9996174573898315,1,0.9999825165811107
03-01-05-02-02-01-17.wav,17,male,angry,1,1,1.0,1,0.9999962588629188,1,0.9999999999975195,1,0.9999996762039224,1,1.0,1,0.9928547398235552,1,0.9992241859436035,1,0.9999508869433201
03-01-05-02-02-02-17.wav,17,male,angry,1,1,1.0,1,0.999996343416333,1,0.9999999999988577,1,0.9999999028544431,1,1.0,1,0.9927847374613025,1,0.9996660947799683,1,0.9999806384390627
03-01-06-01-01-01-17.wav,17,male,fearful,1,1,1.0,1,0.9628107627143195,1,0.9862173871606779,1,0.9834933082243807,1,0.98,1,0.9562891212347423,1,0.9952983260154724,1,0.9999496509624191
03-01-06-01-01-02-17.wav,17,male,fearful,1,1,1.0,1,0.9915861697529533,1,0.995460213407211,1,0.9939359013704914,1,0.98,1,0.9756971690045401,1,0.9971619844436646,1,0.9997068219753122
03-01-06-01-02-01-17.wav,17,male,fearful,1,1,1.0,1,0.9914553833837838,1,0.9901726729718376,1,0.994599697920891,1,0.93,1,0.9727980641891851,1,0.9960024952888489,1,0.9995264965253906
03-01-06-01-02-02-17.wav,17,male,fearful,1,0,0.0,1,0.9999988099977567,1,0.9999999999993783,1,0.9999993866270571,1,0.98,1,0.992330111363203,1,0.9974691867828369,1,0.9999316842594287
03-01-06-02-01-01-17.wav,17,male,fearful,1,1,1.0,1,0.9999999996804023,1,0.9999999999999699,1,0.9999989271305404,1,0.99,1,0.9956718477086369,1,0.9990196228027344,1,0.9999875147311373
03-01-06-02-01-02-17.wav,17,male,fearful,1,1,1.0,1,0.9999979413730828,1,0.9999999999984629,1,0.9999992392897955,1,0.99,1,0.9940408270608868,1,0.9975124597549438,1,0.9999832171241704
03-01-06-02-02-01-17.wav,17,male,fearful,1,1,1.0,1,0.9999994848114523,1,0.9999999999999184,1,0.9999999222756142,1,1.0,1,0.9940651497745273,1,0.9998326301574707,1,0.9999829786811236
03-01-06-02-02-02-17.wav,17,male,fearful,1,1,1.0,1,0.9999855766524192,1,0.9999999999253082,1,0.9999993062000663,1,0.99,1,0.9931489113841221,1,0.9996092915534973,1,0.9999885852601635
03-01-07-01-01-01-17.wav,17,male,disgust,1,1,1.0,1,0.998156870048098,1,0.9628677441259773,1,0.9933250532036129,1,0.92,1,0.9959617888589222,1,0.9996888637542725,1,0.9998466932275821
03-01-07-01-01-02-17.wav,17,male,disgust,1,1,1.0,1,0.9988438625316803,1,0.9733376721796275,1,0.9933210829016201,1,0.96,1,0.9928178848708707,1,0.997868537902832,1,0.9999454768944965
03-01-07-01-02-01-17.wav,17,male,disgust,1,0,0.0,1,0.9948714874351556,1,0.9958512483983506,1,0.999996931707155,1,1.0,1,0.9951316172625883,1,0.9998562335968018,1,0.9999666495291674
03-01-07-01-02-02-17.wav,17,male,disgust,1,1,1.0,1,0.9513551490139049,1,0.9794502708484539,1,0.9999837211352036,1,1.0,1,0.996543556654726,1,0.9999626874923706,1,0.9999899472124323
03-01-07-02-01-01-17.wav,17,male,disgust,1,0,0.0,1,0.999916663049398,1,0.9999999923322396,1,0.9999986144066907,1,0.99,1,0.9977830473989473,1,0.9999195337295532,1,0.9999832278973869
03-01-07-02-01-02-17.wav,17,male,disgust,1,1,1.0,1,0.999397258045996,1,0.999999523292884,1,0.9999999723018748,1,1.0,1,0.9977830473989473,1,0.9998989105224609,1,0.9999893528550077
03-01-07-02-02-01-17.wav,17,male,disgust,1,1,1.0,1,0.9999759624720652,1,0.9999995857640692,1,0.9934548134691752,1,1.0,1,0.9977574923307773,1,0.9999419450759888,1,0.9999842125853069
03-01-07-02-02-02-17.wav,17,male,disgust,1,1,1.0,1,0.9999822986821734,1,0.9999998070747642,1,0.9934637957064725,1,1.0,1,0.9977548402502074,1,0.9999297857284546,1,0.999984633000106
03-01-08-01-01-01-17.wav,17,male,surprised,1,1,1.0,1,0.9810100496830491,1,0.9922912672336454,1,0.9969877855417068,1,1.0,1,0.9836618275563112,1,0.9994319081306458,1,0.9999764344703772
03-01-08-01-01-02-17.wav,17,male,surprised,1,1,1.0,1,0.9829566798103634,1,0.9944312292859735,1,0.9999973450077262,1,0.92,1,0.9964307587576601,1,0.9977594614028931,1,0.999971478804953
03-01-08-01-02-01-17.wav,17,male,surprised,1,1,1.0,1,0.9706277058771389,1,0.9876290546906187,1,0.9999911342518178,1,1.0,1,0.9966529393618793,1,0.9999126195907593,1,0.9998946927749293
03-01-08-01-02-02-17.wav,17,male,surprised,1,1,1.0,1,0.9847057030077525,1,0.9943958651094863,1,0.9999870283538629,1,0.99,1,0.99725832864877,1,0.9999459981918335,1,0.9999783255047181
03-01-08-02-01-01-17.wav,17,male,surprised,1,1,1.0,1,0.9987385138149093,1,0.9999991569601853,1,0.9999999463645501,1,0.98,1,0.9973660201285252,1,0.9998908042907715,1,0.9999586819176728
03-01-08-02-01-02-17.wav,17,male,surprised,1,1,1.0,1,0.9977817128362558,1,0.999998663781988,1,0.9999979308330945,1,0.95,1,0.9971660376560061,1,0.9995028972625732,1,0.999971797137212
03-01-08-02-02-01-17.wav,17,male,surprised,1,1,1.0,1,0.9999624814419048,1,0.9999999993715875,1,0.9999999106267783,1,1.0,1,0.998185738730755,1,0.9999281167984009,1,0.9999902338539581
03-01-08-02-02-02-17.wav,17,male,surprised,1,1,1.0,1,0.9998276315324108,1,0.9999999876379797,1,0.9999999703339455,1,1.0,1,0.9980641359704876,1,0.9999496936798096,1,0.9999681451403003
03-01-01-01-01-01-18.wav,18,female,neutral,0,1,1.0,0,0.029813445494296677,0,0.08950825684213265,0,0.1550371689622606,1,0.74,0,0.4782103034154791,1,0.753966212272644,1,0.6674218316684066
03-01-01-01-01-02-18.wav,18,female,neutral,0,1,1.0,0,0.061580482402528655,0,0.15046225121785245,0,0.28290905094389224,0,0.49,0,0.4275065637121021,1,0.7603898048400879,1,0.7042952072720963
03-01-01-01-02-01-18.wav,18,female,neutral,0,0,0.0,0,0.002503410226887678,0,0.011812179108113384,0,0.21053017198030563,0,0.03,0,0.09174481317968898,0,0.05419914424419403,0,0.0009624860580601241
03-01-01-01-02-02-18.wav,18,female,neutral,0,0,0.0,0,0.08776620827535435,0,0.16374839184058623,0,0.10055195999123365,1,0.51,0,0.42863955876954596,0,0.1575005203485489,1,0.5482003591847475
03-01-02-01-01-01-18.wav,18,female,calm,0,1,1.0,0,0.007851626489337423,0,0.045110859546033624,0,0.05610144845705602,0,0.22,0,0.06647196246080471,0,0.004812800791114569,0,0.13333662964813606
03-01-02-01-01-02-18.wav,18,female,calm,0,1,1.0,0,0.009533476860643025,0,0.05642475141116067,0,0.08100138365928045,0,0.0,0,0.009570613570746487,0,2.551733450673055e-05,0,6.1660261329228e-05
03-01-02-01-02-01-18.wav,18,female,calm,0,0,0.0,0,0.013524154375801756,0,0.07106484101338739,0,0.07245241779319214,0,0.01,0,0.011977334450453379,0,0.00017387689149472862,0,5.1299870627027806e-05
03-01-02-01-02-02-18.wav,18,female,calm,0,1,1.0,0,0.017390288818563665,0,0.0869337576758508,0,0.060413211835888825,0,0.01,0,0.0167196958913314,0,0.00026656073168851435,0,5.7478849446702554e-05
03-01-02-02-01-01-18.wav,18,female,calm,0,1,1.0,0,0.008338579412790141,0,0.04068843861187437,0,0.3791719869673337,0,0.01,0,0.009731088060089368,0,8.312820864375681e-05,0,5.77865904787144e-05
03-01-02-02-01-02-18.wav,18,female,calm,0,1,1.0,0,0.005606490125324718,0,0.026354040322275174,0,0.1925931385480387,0,0.0,0,0.01595547406759427,0,0.0003875444526784122,0,0.00013544225293606605
03-01-02-02-02-01-18.wav,18,female,calm,0,1,1.0,0,0.016005323655487125,0,0.07448816314605196,0,0.06933185226614529,0,0.0,0,0.020420454598041506,0,0.000308671296807006,0,0.0006438303359764951
03-01-02-02-02-02-18.wav,18,female,calm,0,0,0.0,0,0.01643260244863236,0,0.08882286182090463,0,0.07935047465351516,0,0.0,0,0.013614175857232383,0,0.00014346354873850942,0,4.862703116990664e-05
03-01-03-01-01-01-18.wav,18,female,happy,1,0,0.0,1,0.759369249349604,1,0.9165987327647726,1,0.972374339609691,1,0.99,1,0.9716049049888681,1,0.8955837488174438,1,0.9919495402003914
03-01-03-01-01-02-18.wav,18,female,happy,1,1,1.0,1,0.5891904037243713,1,0.8363083935501794,1,0.9348897006687932,1,0.93,1,0.9708957418411659,1,0.9888624548912048,1,0.9984960152353113
03-01-03-01-02-01-18.wav,18,female,happy,1,1,1.0,1,0.550990240995421,0,0.7718497895103883,0,0.47885803449709424,1,0.6,1,0.8040234220753286,0,0.055262885987758636,0,0.40409656297185004
03-01-03-01-02-02-18.wav,18,female,happy,1,1,1.0,1,0.7376492168340235,1,0.8828524197163784,0,0.8227665941465645,1,0.77,1,0.9194096347506612,1,0.7140739560127258,1,0.9610478842006284
03-01-03-02-01-01-18.wav,18,female,happy,1,1,1.0,1,0.9999999929222325,1,0.9999999999999699,1,0.9999992124881643,1,1.0,1,0.9954066593629778,1,0.9997876286506653,1,0.9999866065727165
03-01-03-02-01-02-18.wav,18,female,happy,1,0,0.0,1,0.9999991200764824,1,0.9999999999999699,1,0.9999999503102519,1,1.0,1,0.9956323353273068,1,0.9994943141937256,1,0.9999692679763839
03-01-03-02-02-01-18.wav,18,female,happy,1,0,0.0,1,0.9999468331980507,1,0.9999999998782992,1,0.999999892496993,1,1.0,1,0.996158792583163,1,0.9992849230766296,1,0.9999868334005907
03-01-03-02-02-02-18.wav,18,female,happy,1,1,1.0,1,0.9999999955534637,1,0.9999999999999699,1,0.9999991440094177,1,0.96,1,0.9894539656774727,1,0.9953709244728088,1,0.9999772668647299
03-01-04-01-01-01-18.wav,18,female,sad,1,1,1.0,0,0.2223228137004505,0,0.5,0,0.480957570180227,1,0.83,1,0.8177669865605589,1,0.8573817610740662,1,0.9549294500235034
03-01-04-01-01-02-18.wav,18,female,sad,1,1,1.0,0,0.4675283403321472,0,0.7386559446356562,0,0.7753600861562929,1,0.97,1,0.9024111186513136,1,0.9930484294891357,1,0.9996650699390396
03-01-04-01-02-01-18.wav,18,female,sad,1,1,1.0,0,0.009316436534260853,0,0.052722481121758764,0,0.08921119182108217,0,0.01,0,0.027580306142997956,0,0.0023911520838737488,0,0.00013242068648516072
03-01-04-01-02-02-18.wav,18,female,sad,1,0,0.0,0,0.21342844512642176,0,0.4123482467340653,0,0.19292099828229042,1,0.56,1,0.836469537369165,0,0.11747189611196518,1,0.5587903862186266
03-01-04-02-01-01-18.wav,18,female,sad,1,1,1.0,1,0.9873637897148975,1,0.9972804531532139,1,0.9999924908582272,1,1.0,1,0.9943291654722292,1,0.9991331696510315,1,0.9999854300007187
03-01-04-02-01-02-18.wav,18,female,sad,1,1,1.0,1,0.9986318558247441,1,0.9999998187921482,1,0.999999802321658,1,1.0,1,0.993922956097257,1,0.9989963173866272,1,0.9999866078424755
03-01-04-02-02-01-18.wav,18,female,sad,1,1,1.0,1,0.9890841746760418,1,0.9999953907131071,1,0.9970860332701141,1,1.0,1,0.9906686032670978,1,0.9992091059684753,1,0.9999840776427117
03-01-04-02-02-02-18.wav,18,female,sad,1,1,1.0,1,0.9904337067101322,1,0.9999889216045087,1,0.9999848564798363,1,1.0,1,0.9934380390129829,1,0.9995822310447693,1,0.9999822926691894
03-01-05-01-01-01-18.wav,18,female,angry,1,1,1.0,1,0.9613935159679291,1,0.9894993305271415,1,0.9999954530886997,1,0.99,1,0.9951398187222801,1,0.9981459379196167,1,0.999971367282112
03-01-05-01-01-02-18.wav,18,female,angry,1,1,1.0,1,0.9459550712486725,1,0.9835932616546794,1,0.9999962957374519,1,0.99,1,0.9907980120755144,1,0.9991464614868164,1,0.9999855513830486
03-01-05-01-02-01-18.wav,18,female,angry,1,1,1.0,1,0.9885730708120132,1,0.9999839452051036,1,0.996737744719734,1,1.0,1,0.99639397140435,1,0.9995290040969849,1,0.9999891672326255
03-01-05-01-02-02-18.wav,18,female,angry,1,1,1.0,1,0.9024419689186823,1,0.9748758765173723,1,0.9999852482887923,1,1.0,1,0.9892337355310044,1,0.9986587762832642,1,0.9999802585785672
03-01-05-02-01-01-18.wav,18,female,angry,1,1,1.0,1,0.9999999999960858,1,0.9999999999999699,1,0.9973270746141518,1,1.0,1,0.9973334870109284,1,0.9995928406715393,1,0.9999882872573725
03-01-05-02-01-02-18.wav,18,female,angry,1,1,1.0,1,0.9999999999999931,1,0.9999999999999699,1,0.9957924192936946,1,1.0,1,0.9954749082926426,1,0.9997802376747131,1,0.9999891081472643
03-01-05-02-02-01-18.wav,18,female,angry,1,1,1.0,1,0.9999999999981082,1,0.9999999999999699,1,0.9967933708361244,1,1.0,1,0.9970054906811828,1,0.9996641874313354,1,0.999985823517541
03-01-05-02-02-02-18.wav,18,female,angry,1,1,1.0,1,0.9999999999999849,1,0.9999999999999699,1,0.9963068659408975,1,1.0,1,0.9975401683490629,1,0.9997419714927673,1,0.9999910603962883
03-01-06-01-01-01-18.wav,18,female,fearful,1,1,1.0,1,0.9314963498597515,1,0.9809011288681388,1,0.9999959277402205,1,1.0,1,0.9937372907370506,1,0.9996402263641357,1,0.9999850038675199
03-01-06-01-01-02-18.wav,18,female,fearful,1,1,1.0,1,0.8048322140767241,1,0.9350041807380435,1,0.9951552960118603,1,0.99,1,0.9890684965824985,1,0.9978207349777222,1,0.9999102649830581
03-01-06-01-02-01-18.wav,18,female,fearful,1,1,1.0,1,0.710193346595788,1,0.8727998708247766,1,0.9954967399715348,1,0.99,1,0.9847249247792154,1,0.9981854557991028,1,0.9999292908991584
03-01-06-01-02-02-18.wav,18,female,fearful,1,0,0.0,1,0.888951177218377,1,0.942275978744117,1,0.990828778769453,1,0.99,1,0.9966309203669451,1,0.999778687953949,1,0.999979715684945
03-01-06-02-01-01-18.wav,18,female,fearful,1,1,1.0,1,0.9998796430848014,1,0.999999999327898,1,0.999999995582985,1,1.0,1,0.9979173532640828,1,0.9999656677246094,1,0.9999908673711331
03-01-06-02-01-02-18.wav,18,female,fearful,1,1,1.0,1,0.9999992710502679,1,0.9999999999999699,1,0.9999995366109035,1,1.0,1,0.997807538464908,1,0.9998533725738525,1,0.999990952233924
03-01-06-02-02-01-18.wav,18,female,fearful,1,1,1.0,1,0.9968086524471172,1,0.9999977383188445,1,0.9999999966522228,1,1.0,1,0.9980761543483607,1,0.9999722242355347,1,0.9999906939547251
03-01-06-02-02-02-18.wav,18,female,fearful,1,1,1.0,1,0.9997557597465891,1,0.9999999974559055,1,0.9999999638972176,1,1.0,1,0.9969080589364746,1,0.999909520149231,1,0.9999908164842702
03-01-07-01-01-01-18.wav,18,female,disgust,1,1,1.0,1,0.9510011417782,1,0.9689728065953431,1,0.9913486829531241,1,0.95,1,0.9854152660606579,1,0.9971932768821716,1,0.9998275680786772
03-01-07-01-01-02-18.wav,18,female,disgust,1,1,1.0,1,0.9694852100433753,1,0.9856637388433839,1,0.997246438158935,1,1.0,1,0.9967499839641406,1,0.9997819066047668,1,0.9999892600040144
03-01-07-01-02-01-18.wav,18,female,disgust,1,0,0.0,1,0.9945651295401551,1,0.9999958693217166,1,0.99999956463091,1,1.0,1,0.9961581575341115,1,0.9999325275421143,1,0.9999865818575803
03-01-07-01-02-02-18.wav,18,female,disgust,1,1,1.0,1,0.9981259096293139,1,0.999998160741596,1,0.9999999677151447,1,1.0,1,0.9961859611018834,1,0.9999673366546631,1,0.9999847227322521
03-01-07-02-01-01-18.wav,18,female,disgust,1,0,0.0,1,0.999993391533942,1,0.99999999999415,1,0.9999977927373086,1,1.0,1,0.9982644868231297,1,0.9997262358665466,1,0.9999903049689125
03-01-07-02-01-02-18.wav,18,female,disgust,1,1,1.0,1,0.9999310651322095,1,0.9999999990879958,1,0.9999998577283713,1,1.0,1,0.996066505322507,1,0.9994252920150757,1,0.999991336140188
03-01-07-02-02-01-18.wav,18,female,disgust,1,1,1.0,1,0.9999642725726761,1,0.9999999996907236,1,0.9999989391734218,1,1.0,1,0.9982009491928997,1,0.9999384880065918,1,0.9999887002873316
03-01-07-02-02-02-18.wav,18,female,disgust,1,1,1.0,1,0.9999985803889699,1,0.9999999999999047,1,0.9999978443444679,1,1.0,1,0.9982036244247966,1,0.9998792409896851,1,0.9999880936807228
03-01-08-01-01-01-18.wav,18,female,surprised,1,1,1.0,1,0.693733113783525,1,0.8548778021797317,1,0.9538983191802065,1,0.89,1,0.9765171190521398,1,0.9993481040000916,1,0.9998650661360753
03-01-08-01-01-02-18.wav,18,female,surprised,1,1,1.0,1,0.8745764422302098,1,0.9441933894271692,1,0.9906330472457812,1,0.93,1,0.9638299154369706,1,0.9991264939308167,1,0.9992618757278413
03-01-08-01-02-01-18.wav,18,female,surprised,1,1,1.0,1,0.9151755553595184,1,0.9629335095897437,1,0.979909265511767,1,0.96,1,0.9846489234627148,1,0.9994545578956604,1,0.9999850425365038
03-01-08-01-02-02-18.wav,18,female,surprised,1,1,1.0,1,0.7236671525499604,1,0.8092895332518264,1,0.9398790400737336,1,0.95,1,0.9616141826442942,1,0.9990695118904114,1,0.9999460649223796
03-01-08-02-01-01-18.wav,18,female,surprised,1,1,1.0,1,0.9790444017185679,1,0.9934549392010417,1,0.9999984006304148,1,1.0,1,0.994661796422218,1,0.9999223947525024,1,0.9998995800079418
03-01-08-02-01-02-18.wav,18,female,surprised,1,1,1.0,1,0.9647398925990245,1,0.985590993150677,1,0.9999874698554357,1,0.99,1,0.995560859545306,1,0.9997355341911316,1,0.99994281144658
03-01-08-02-02-01-18.wav,18,female,surprised,1,1,1.0,1,0.9758718738633372,1,0.9900933292240989,1,0.9999907389443545,1,1.0,1,0.9973399968324802,1,0.9999415874481201,1,0.9999753518243584
03-01-08-02-02-02-18.wav,18,female,surprised,1,1,1.0,1,0.9800040780739105,1,0.9901745254200085,1,0.9999996942270479,1,1.0,1,0.9976744926314564,1,0.9999247789382935,1,0.9999813034687841
03-01-01-01-01-01-19.wav,19,male,neutral,0,1,1.0,0,0.0802999072757284,0,0.21355942985852142,0,0.11004264733173902,0,0.47,0,0.10216522252635313,0,0.030603567138314247,0,0.008386787026603906
03-01-01-01-01-02-19.wav,19,male,neutral,0,1,1.0,0,0.008885599600876464,0,0.043654843705949464,0,0.08991276011305031,0,0.05,0,0.02789584574295095,0,0.0013674345100298524,0,0.0006706789009760769
03-01-01-01-02-01-19.wav,19,male,neutral,0,0,0.0,0,0.018285778319382825,0,0.08687308536183945,0,0.12725888519397124,0,0.06,0,0.09106487270789378,0,0.0077844904735684395,0,0.0018013743470496224
03-01-01-01-02-02-19.wav,19,male,neutral,0,0,0.0,0,0.06723349572860626,0,0.18445981438233552,0,0.099687912972269,1,0.64,1,0.6321911366590387,1,0.7833895087242126,1,0.9820380567354363
03-01-02-01-01-01-19.wav,19,male,calm,0,1,1.0,0,0.015682814479491873,0,0.11875674938305339,0,0.16283873438636143,0,0.16,0,0.019986374818814587,0,0.001306573860347271,0,0.0001957256688778499
03-01-02-01-01-02-19.wav,19,male,calm,0,1,1.0,0,0.010992112746957544,0,0.0657721557790078,0,0.18304342892472264,0,0.06,0,0.004737771831506763,0,0.006362448912113905,0,0.001447401319792503
03-01-02-01-02-01-19.wav,19,male,calm,0,0,0.0,0,0.01199649581687494,0,0.07252929746570237,0,0.1778038816522709,0,0.29,0,0.14473151494079248,0,0.00468430295586586,0,0.000505869784498283
03-01-02-01-02-02-19.wav,19,male,calm,0,1,1.0,0,0.018309068639523085,0,0.1376402424855127,0,0.38184124275670844,0,0.11,0,0.04501884824310516,0,0.001165004912763834,0,0.00020163065943231448
03-01-02-02-01-01-19.wav,19,male,calm,0,1,1.0,0,0.03365978730168408,0,0.1711859247722213,0,0.15036294047221432,0,0.05,0,0.014210396836885922,0,0.0019024822395294905,0,0.0004968393793656223
03-01-02-02-01-02-19.wav,19,male,calm,0,1,1.0,0,0.01893644260947955,0,0.07710635655359725,0,0.2026591037892007,0,0.03,0,0.01728890468059029,0,0.09171491116285324,0,0.00021627475406506833
03-01-02-02-02-01-19.wav,19,male,calm,0,1,1.0,0,0.022877574019453974,0,0.16332462578073187,0,0.17282262468726436,0,0.12,0,0.02385109605510922,0,0.0006779888062737882,0,7.231897476538814e-05
03-01-02-02-02-02-19.wav,19,male,calm,0,0,0.0,0,0.02233885598545191,0,0.1316938424132727,0,0.2537793076816398,0,0.14,0,0.04292861051443111,0,0.0016681927954778075,0,0.000362063967899475
03-01-03-01-01-01-19.wav,19,male,happy,1,0,0.0,1,0.8964183890398703,1,0.9510985832885044,1,0.9897800604318758,1,0.96,1,0.997613426334124,1,0.9989286065101624,1,0.9999767259971797
03-01-03-01-01-02-19.wav,19,male,happy,1,1,1.0,1,0.936972911573513,1,0.9808611592344365,1,0.9963806209392652,1,0.99,1,0.9878500439304683,1,0.9973996877670288,1,0.9996587664737205
03-01-03-01-02-01-19.wav,19,male,happy,1,1,1.0,1,0.6161944700581928,1,0.8786565994932084,1,0.9694586956172075,1,0.84,1,0.9748563356673445,1,0.9457046389579773,1,0.9348628554376571
03-01-03-01-02-02-19.wav,19,male,happy,1,1,1.0,1,0.6699413667578614,1,0.8216623438736558,1,0.9383532020656097,1,0.84,1,0.9553094671396057,1,0.9975057244300842,1,0.9979548552971307
03-01-03-02-01-01-19.wav,19,male,happy,1,1,1.0,1,0.9372634654345979,1,0.9740099198590474,1,0.9898310830259539,1,0.94,1,0.9935851439482817,1,0.9986170530319214,1,0.9999695316906282
03-01-03-02-01-02-19.wav,19,male,happy,1,0,0.0,1,0.9897431018019772,1,0.9919262358564143,1,0.9999990146136117,1,0.98,1,0.9918767576141102,1,0.9999202489852905,1,0.9999431149040676
03-01-03-02-02-01-19.wav,19,male,happy,1,0,0.0,1,0.9991394366855921,1,0.9999994276732542,1,0.9999863305004207,1,0.95,1,0.990220463428627,1,0.9996059536933899,1,0.999934036905329
03-01-03-02-02-02-19.wav,19,male,happy,1,1,1.0,1,0.9256804967545769,1,0.9632026214143953,1,0.9956122619151029,1,0.96,1,0.983340443076013,1,0.9991711378097534,1,0.9999379622808431
03-01-04-01-01-01-19.wav,19,male,sad,1,1,1.0,0,0.10874407005001831,0,0.33590414662277707,0,0.1534264731101244,1,0.57,1,0.613011068467489,0,0.44379866123199463,1,0.7720624436845687
03-01-04-01-01-02-19.wav,19,male,sad,1,1,1.0,0,0.26256806406139277,0,0.582861375638842,0,0.4283821456788901,0,0.49,0,0.3758953734239191,1,0.8081910610198975,1,0.5190686897511454
03-01-04-01-02-01-19.wav,19,male,sad,1,1,1.0,0,0.011689813972287062,0,0.05831464755049767,0,0.13289750321764832,0,0.02,0,0.1281706815426241,0,0.0020873751491308212,0,0.00013866027819028776
03-01-04-01-02-02-19.wav,19,male,sad,1,0,0.0,0,0.004495622995557582,0,0.02779179793801512,0,0.2547461153945036,0,0.08,0,0.02249951289433722,0,0.0019121106015518308,0,0.00017571137609165424
03-01-04-02-01-01-19.wav,19,male,sad,1,1,1.0,1,0.9924174864310793,1,0.9999877426741438,1,0.9926991140991107,1,0.98,1,0.9946561077461067,1,0.999313473701477,1,0.9999843052312118
03-01-04-02-01-02-19.wav,19,male,sad,1,1,1.0,0,0.44045037004525406,0,0.5777901117558552,1,0.9588871831854123,1,0.86,1,0.9740232904900394,1,0.9910883903503418,1,0.9989498229967034
03-01-04-02-02-01-19.wav,19,male,sad,1,1,1.0,0,0.2228273851541129,0,0.595007706432828,0,0.5717609583477732,1,0.92,1,0.8832146172922756,1,0.9125546216964722,1,0.9883930735113851
03-01-04-02-02-02-19.wav,19,male,sad,1,1,1.0,0,0.30190609826365694,0,0.6590058376768537,0,0.5,1,0.93,1,0.9343774758684095,1,0.9823623299598694,1,0.9990478143154324
03-01-05-01-01-01-19.wav,19,male,angry,1,1,1.0,1,0.9962962358196847,1,0.999995879141133,1,0.9999895478499391,1,1.0,1,0.9962868890909462,1,0.9979621171951294,1,0.99999079023938
03-01-05-01-01-02-19.wav,19,male,angry,1,1,1.0,1,0.9624989062126791,1,0.9790039244508566,1,0.9969008072683636,1,1.0,1,0.9964743775578365,1,0.9993796348571777,1,0.9999735148639607
03-01-05-01-02-01-19.wav,19,male,angry,1,1,1.0,1,0.985497386875804,1,0.995892580524358,1,0.9934897241384467,1,1.0,1,0.9971780075589927,1,0.9995763897895813,1,0.9999733702719301
03-01-05-01-02-02-19.wav,19,male,angry,1,1,1.0,1,0.9853845641848538,1,0.9922545901647416,1,0.9968679011101008,1,1.0,1,0.9966826595661249,1,0.9997863173484802,1,0.9999786802114039
03-01-05-02-01-01-19.wav,19,male,angry,1,1,1.0,1,0.9999994704098807,1,0.9999999999999699,1,0.9970297672659241,1,0.99,1,0.9958911748068452,1,0.9981011748313904,1,0.9998727981798523
03-01-05-02-01-02-19.wav,19,male,angry,1,1,1.0,1,0.9999999998345497,1,0.9999999999999699,1,0.9957149130536419,1,1.0,1,0.9973098813960811,1,0.9995276927947998,1,0.9999896760038557
03-01-05-02-02-01-19.wav,19,male,angry,1,1,1.0,1,0.9999999999998985,1,0.9999999999999699,1,0.9905073199333414,1,1.0,1,0.9956592841389824,1,0.9997038245201111,1,0.9999800413915931
03-01-05-02-02-02-19.wav,19,male,angry,1,1,1.0,1,0.9999996004677891,1,0.9999999999999699,1,0.9999847593899298,1,1.0,1,0.996907894127963,1,0.9996453523635864,1,0.9999916246407117
03-01-06-01-01-01-19.wav,19,male,fearful,1,1,1.0,1,0.9066309567910635,1,0.9695650673257051,1,0.9916090392122249,1,0.93,1,0.9095067922063713,1,0.9771649241447449,1,0.969629474820047
03-01-06-01-01-02-19.wav,19,male,fearful,1,1,1.0,1,0.7295654203135854,1,0.9100934253734491,1,0.9140460496594445,1,0.94,1,0.9272858078689125,1,0.9952793121337891,1,0.9989514347386325
03-01-06-01-02-01-19.wav,19,male,fearful,1,1,1.0,1,0.9765443919232987,1,0.9945332447786692,1,0.9966594118996708,1,1.0,1,0.9922139487988332,1,0.9991515874862671,1,0.9992925684118089
03-01-06-01-02-02-19.wav,19,male,fearful,1,0,0.0,1,0.7947730860152395,1,0.9228591083147921,1,0.997119152731548,1,1.0,1,0.9944780857879976,1,0.9999240636825562,1,0.9999409003991393
03-01-06-02-01-01-19.wav,19,male,fearful,1,1,1.0,1,0.9995243699048445,1,0.9999999815332572,1,0.9972607484484269,1,1.0,1,0.9958327199390246,1,0.9996616840362549,1,0.9999873231244605
03-01-06-02-01-02-19.wav,19,male,fearful,1,1,1.0,1,0.999997847425893,1,0.9999999999995236,1,0.9972564845719465,1,1.0,1,0.9964545301474211,1,0.9996662139892578,1,0.9999891145780071
03-01-06-02-02-01-19.wav,19,male,fearful,1,1,1.0,1,0.9999593102617208,1,0.9999999998015644,1,0.9973911928607186,1,1.0,1,0.9970175124702504,1,0.9998663663864136,1,0.9999910259967882
03-01-06-02-02-02-19.wav,19,male,fearful,1,1,1.0,1,0.999995779101473,1,0.9999999999990442,1,0.9968263218042291,1,1.0,1,0.9970175124702504,1,0.9998254179954529,1,0.9999910259967882
03-01-07-01-01-01-19.wav,19,male,disgust,1,1,1.0,1,0.7727463443002276,1,0.8165822658194976,1,0.989902658258784,1,0.88,1,0.9854864623133975,1,0.9980596899986267,1,0.9999428403018829
03-01-07-01-01-02-19.wav,19,male,disgust,1,1,1.0,1,0.9797494764459934,1,0.996645234690404,1,0.9999979515629093,1,1.0,1,0.9959957410235168,1,0.9999207258224487,1,0.9999862658793133
03-01-07-01-02-01-19.wav,19,male,disgust,1,0,0.0,1,0.9858989220349295,1,0.9967219635316689,1,0.9999914326650904,1,0.99,1,0.9964573737948114,1,0.9997460246086121,1,0.999969724476247
03-01-07-01-02-02-19.wav,19,male,disgust,1,1,1.0,1,0.9924213667078466,1,0.9999916758437948,1,0.9999950383528784,1,0.99,1,0.9963948994101243,1,0.999875545501709,1,0.999985497813517
03-01-07-02-01-01-19.wav,19,male,disgust,1,0,0.0,1,0.998710126006323,1,0.9999992431160616,1,0.9999964373177415,1,1.0,1,0.9982611030531623,1,0.9999263286590576,1,0.9999912751547455
03-01-07-02-01-02-19.wav,19,male,disgust,1,1,1.0,1,0.9997423666074003,1,0.9999999596072563,1,0.9999958984219792,1,1.0,1,0.9982753744749401,1,0.9998893737792969,1,0.9999913742672192
03-01-07-02-02-01-19.wav,19,male,disgust,1,1,1.0,1,0.9999979099921942,1,0.9999999999996121,1,0.9903712963670106,1,0.96,1,0.9978069382710791,1,0.9998552799224854,1,0.9999913742672192
03-01-07-02-02-02-19.wav,19,male,disgust,1,1,1.0,1,0.9999651744001086,1,0.9999999996113391,1,0.9999978982122992,1,0.99,1,0.9969054997301127,1,0.9998612403869629,1,0.9999910393153871
03-01-08-01-01-01-19.wav,19,male,surprised,1,1,1.0,1,0.8135752000426889,1,0.8777369724782871,1,0.9669992102688251,1,0.82,1,0.9861268108917599,1,0.9988930821418762,1,0.9999369185556828
03-01-08-01-01-02-19.wav,19,male,surprised,1,1,1.0,1,0.5903606449262027,1,0.845218473723939,1,0.9206636942644245,1,0.9,1,0.7947219588106788,1,0.8348528146743774,1,0.9835917156305534
03-01-08-01-02-01-19.wav,19,male,surprised,1,1,1.0,1,0.8462047824254864,1,0.9727195355642622,1,0.9929965716590858,1,0.94,1,0.9637636719343786,1,0.9944986701011658,1,0.9992208657874313
03-01-08-01-02-02-19.wav,19,male,surprised,1,1,1.0,1,0.9694701900964804,1,0.9999875962742872,1,0.9947375784030709,1,0.85,1,0.8431559463747236,1,0.957444965839386,1,0.9747155503287707
03-01-08-02-01-01-19.wav,19,male,surprised,1,1,1.0,1,0.9110404992827575,1,0.9847764932287448,1,0.9600618769745959,1,0.95,1,0.9901731967656584,1,0.9975690245628357,1,0.9997730522685551
03-01-08-02-01-02-19.wav,19,male,surprised,1,1,1.0,1,0.9634332703224741,1,0.9946298565439515,1,0.972729666705353,1,0.92,1,0.9566582262432394,1,0.9901851415634155,1,0.9920455740555283
03-01-08-02-02-01-19.wav,19,male,surprised,1,1,1.0,1,0.8799333749669037,1,0.9668789603431659,1,0.9910735730572762,1,0.98,1,0.9933258933022483,1,0.9991658926010132,1,0.999976073957048
03-01-08-02-02-02-19.wav,19,male,surprised,1,1,1.0,1,0.9383276920348113,1,0.9938449276702844,1,0.9911937348276644,1,0.97,1,0.9812125307859993,1,0.9959816932678223,1,0.9998740513843685
03-01-01-01-01-01-20.wav,20,female,neutral,0,1,1.0,1,0.6524704887873652,1,0.8287109145272975,0,0.7960424984441342,0,0.5,1,0.6337951901931788,0,0.19657312333583832,0,0.1015367649961701
03-01-01-01-01-02-20.wav,20,female,neutral,0,1,1.0,1,0.780088870275178,1,0.903380282540503,1,0.8903460611167389,1,0.77,1,0.8284048254740279,1,0.9756582379341125,1,0.6274562634499196
03-01-01-01-02-01-20.wav,20,female,neutral,0,0,0.0,1,0.6423357962369001,1,0.857091133990071,1,0.8422438661065792,1,0.68,0,0.44483642411627444,0,0.2809959053993225,1,0.5871835057981554
03-01-01-01-02-02-20.wav,20,female,neutral,0,0,0.0,0,0.43503696477581166,0,0.6906086979168877,0,0.5394305482354858,1,0.62,1,0.5342432312204993,0,0.02895023114979267,0,0.03301337686564129
03-01-02-01-01-01-20.wav,20,female,calm,0,1,1.0,0,0.03719805265307421,0,0.21517911226695086,0,0.16888147484784044,0,0.13,0,0.06091175028291038,0,0.005697683896869421,0,0.0008034090836726515
03-01-02-01-01-02-20.wav,20,female,calm,0,1,1.0,0,0.09044422994432219,0,0.359431914433931,0,0.12957335121415722,0,0.43,0,0.47766822794444447,0,0.3311291038990021,0,0.1616256222860685
03-01-02-01-02-01-20.wav,20,female,calm,0,0,0.0,0,0.03392065029966829,0,0.24077563532319404,0,0.13249830887191558,0,0.1,0,0.032653449606914554,0,0.0006292258622124791,0,0.0003155175721700869
03-01-02-01-02-02-20.wav,20,female,calm,0,1,1.0,0,0.020831629193761615,0,0.16520053751213926,0,0.47902798963288257,0,0.09,0,0.04022192984325661,0,0.005601650103926659,0,0.0009713577379210509
03-01-02-02-01-01-20.wav,20,female,calm,0,1,1.0,0,0.05058399204960214,0,0.4167627894087234,0,0.0661369653714855,0,0.12,0,0.02884612888013884,0,0.00156692904420197,0,0.0005860479192289943
03-01-02-02-01-02-20.wav,20,female,calm,0,1,1.0,0,0.05105775805734745,0,0.4275357511742109,0,0.4780459220101955,0,0.16,0,0.027787166188194688,0,0.003465807531028986,0,0.0003467749196303623
03-01-02-02-02-01-20.wav,20,female,calm,0,1,1.0,0,0.020691390790208722,0,0.21786364359726243,0,0.39785377559334295,0,0.06,0,0.04944127371698754,0,0.00032230862416327,0,0.0004581896533839915
03-01-02-02-02-02-20.wav,20,female,calm,0,0,0.0,0,0.06665009110000365,0,0.5274129706699744,0,0.10556540572083024,0,0.15,0,0.02093225607886707,0,0.0002265043294755742,0,0.00022520338960496287
03-01-03-01-01-01-20.wav,20,female,happy,1,0,0.0,1,0.981017235252285,1,0.9904985109176431,1,0.9999980504071311,1,1.0,1,0.996857734406447,1,0.9997729659080505,1,0.9999851729812153
03-01-03-01-01-02-20.wav,20,female,happy,1,1,1.0,1,0.9104316421619805,1,0.9497410009209118,1,0.9895275440090774,1,0.96,1,0.9852480635694799,1,0.997591495513916,1,0.9999831774560508
03-01-03-01-02-01-20.wav,20,female,happy,1,1,1.0,1,0.8279044984072725,1,0.9062566095101448,1,0.9379906987525365,1,0.96,1,0.964283005905562,1,0.9974800944328308,1,0.995302089768663
03-01-03-01-02-02-20.wav,20,female,happy,1,1,1.0,1,0.7284041372172858,1,0.9105198515938608,1,0.9025775659910144,1,0.92,1,0.7225282934831463,1,0.9573637843132019,1,0.9990143147225642
03-01-03-02-01-01-20.wav,20,female,happy,1,1,1.0,1,0.9987568939529293,1,0.9999994694908714,1,0.9999996326160802,1,1.0,1,0.9966839055941831,1,0.9998326301574707,1,0.9999860005937315
03-01-03-02-01-02-20.wav,20,female,happy,1,0,0.0,1,0.9961983818402692,1,0.9999868439573133,1,0.9999975800627781,1,1.0,1,0.9971618223187491,1,0.9992018342018127,1,0.9999772249376375
03-01-03-02-02-01-20.wav,20,female,happy,1,0,0.0,1,0.9999659768835887,1,0.9999999992862293,1,0.9999997968438588,1,1.0,1,0.9969023674474531,1,0.9987886548042297,1,0.9999784493700027
03-01-03-02-02-02-20.wav,20,female,happy,1,1,1.0,1,0.9999971880542184,1,0.999999999990885,1,0.9999994255560923,1,1.0,1,0.9886824538080026,1,0.998145341873169,1,0.9999834310696847
03-01-04-01-01-01-20.wav,20,female,sad,1,1,1.0,1,0.5291345234693211,1,0.8920098625460168,1,0.8295070658369177,1,0.91,1,0.8995151991275144,1,0.9784917831420898,1,0.9977641823397148
03-01-04-01-01-02-20.wav,20,female,sad,1,1,1.0,1,0.5718810392546096,1,0.8968217757266367,0,0.8010571944470953,1,0.73,1,0.8626180193440176,1,0.9329326748847961,1,0.9684571136598913
03-01-04-01-02-01-20.wav,20,female,sad,1,1,1.0,1,0.7963135168710759,1,0.9710845385933277,1,0.8767346546689767,1,0.86,1,0.7850710858360432,1,0.8530246019363403,1,0.9987367736022265
03-01-04-01-02-02-20.wav,20,female,sad,1,0,0.0,1,0.6552827581314046,1,0.9442956206375454,0,0.7146239048422228,1,0.67,1,0.8276498560608213,1,0.7066066861152649,1,0.9786661298415588
03-01-04-02-01-01-20.wav,20,female,sad,1,1,1.0,0,0.22807319052112318,0,0.44752467392011885,0,0.24212237420877278,1,0.85,1,0.8212143668305263,1,0.9770888686180115,1,0.9862844016011341
03-01-04-02-01-02-20.wav,20,female,sad,1,1,1.0,1,0.9987478276069406,1,0.9999954529061842,1,0.999989918774115,1,0.96,1,0.9950924052091205,1,0.9997461438179016,1,0.999970795067497
03-01-04-02-02-01-20.wav,20,female,sad,1,1,1.0,0,0.3515867197730296,0,0.7098121508334644,1,0.84927022235988,1,0.91,1,0.9771556536656376,1,0.9982507824897766,1,0.9999629841324326
03-01-04-02-02-02-20.wav,20,female,sad,1,1,1.0,1,0.9373968670780657,1,0.9549941442600143,1,0.9999970531841612,1,1.0,1,0.9965588921087762,1,0.9996881484985352,1,0.9999800367397064
03-01-05-01-01-01-20.wav,20,female,angry,1,1,1.0,1,0.7529596768442378,1,0.8883811793754126,1,0.9347827231538811,1,0.92,1,0.981291604798485,1,0.9942440390586853,1,0.9998877750001092
03-01-05-01-01-02-20.wav,20,female,angry,1,1,1.0,1,0.9762951605390596,1,0.9847044712974325,1,0.9999995485135178,1,1.0,1,0.9927446663966689,1,0.9999514818191528,1,0.9999889282399224
03-01-05-01-02-01-20.wav,20,female,angry,1,1,1.0,1,0.9032584992783337,1,0.9526187424084819,1,0.9999900267198664,1,0.98,1,0.9777343902992817,1,0.9977017045021057,1,0.999915108653645
03-01-05-01-02-02-20.wav,20,female,angry,1,1,1.0,1,0.9909298725009916,1,0.9968006371786783,1,0.9999947782410414,1,1.0,1,0.9967724880329418,1,0.99974125623703,1,0.9999901777776719
03-01-05-02-01-01-20.wav,20,female,angry,1,1,1.0,1,0.9999801778006497,1,0.9999999998922886,1,0.9999997482794725,1,1.0,1,0.9982023581469135,1,0.9997019171714783,1,0.9999892512694382
03-01-05-02-01-02-20.wav,20,female,angry,1,1,1.0,1,0.9999999999973288,1,0.9999999999999699,1,0.9971649139635609,1,1.0,1,0.9982023581469135,1,0.9995782971382141,1,0.9999839166291961
03-01-05-02-02-01-20.wav,20,female,angry,1,1,1.0,1,0.9999999999999984,1,0.9999999999999699,1,0.9940897800077503,1,1.0,1,0.9980081298720266,1,0.9993383288383484,1,0.9999901974107178
03-01-05-02-02-02-20.wav,20,female,angry,1,1,1.0,1,0.999952525443105,1,0.9999999983848683,1,0.999999638822585,1,1.0,1,0.9967724880329418,1,0.9997373223304749,1,0.9999901777776719
03-01-06-01-01-01-20.wav,20,female,fearful,1,1,1.0,1,0.9257554564042648,1,0.9620585218960935,1,0.9968880363938672,1,0.99,1,0.9932348576361395,1,0.9992908239364624,1,0.9999700796299932
03-01-06-01-01-02-20.wav,20,female,fearful,1,1,1.0,1,0.992238621564588,1,0.9965445428530254,1,0.9933001484705083,1,1.0,1,0.9990539429494217,1,0.9999593496322632,1,0.9999868297642805
03-01-06-01-02-01-20.wav,20,female,fearful,1,1,1.0,1,0.92331168558359,1,0.9715962198504463,1,0.9942045398947148,1,0.93,1,0.732612238376404,1,0.7120318412780762,1,0.9986501188799347
03-01-06-01-02-02-20.wav,20,female,fearful,1,0,0.0,1,0.538665873021144,0,0.7671332166822542,1,0.9175934568268183,1,0.95,1,0.9853006257844901,1,0.9989556074142456,1,0.999934199047444
03-01-06-02-01-01-20.wav,20,female,fearful,1,1,1.0,1,0.9999999999873905,1,0.9999999999999699,1,0.9999914848765924,1,1.0,1,0.9987340648805039,1,0.9996882677078247,1,0.9999890239668269
03-01-06-02-01-02-20.wav,20,female,fearful,1,1,1.0,1,0.999999999977528,1,0.9999999999999699,1,0.9999857487505386,1,1.0,1,0.9986068844318966,1,0.9992479681968689,1,0.9999890787454063
03-01-06-02-02-01-20.wav,20,female,fearful,1,1,1.0,1,0.9999999999998848,1,0.9999999999999699,1,0.9953940384307215,1,1.0,1,0.9936926965271484,1,0.9994081258773804,1,0.9999862406427862
03-01-06-02-02-02-20.wav,20,female,fearful,1,1,1.0,1,1.0,1,0.9999999999999699,1,0.9941878992569451,1,1.0,1,0.9942792040984813,1,0.9994388222694397,1,0.9999905134702121
03-01-07-01-01-01-20.wav,20,female,disgust,1,1,1.0,1,0.9700293429283411,1,0.9883997826964448,1,0.9964152171235047,1,0.98,1,0.9969337664840775,1,0.9998968839645386,1,0.9999885004064932
03-01-07-01-01-02-20.wav,20,female,disgust,1,1,1.0,1,0.9991020753220808,1,0.9900884588714218,1,0.9935241331501126,1,0.94,1,0.9758159672075247,1,0.9985122084617615,1,0.9999156573232026
03-01-07-01-02-01-20.wav,20,female,disgust,1,0,0.0,1,0.9962694263095795,1,0.9657670837582589,1,0.9934016888678957,1,0.96,1,0.9500862763169916,1,0.996110737323761,1,0.9991837746282306
03-01-07-01-02-02-20.wav,20,female,disgust,1,1,1.0,1,0.9817188292928679,1,0.9958530745687525,1,0.9999857821436521,1,0.92,1,0.9496228530338934,1,0.9894893765449524,1,0.999577424400026
03-01-07-02-01-01-20.wav,20,female,disgust,1,0,0.0,1,0.9863807966145691,1,0.9939814753580425,1,0.9999920209833633,1,0.98,1,0.9972790104079136,1,0.9999270439147949,1,0.9999869422562604
03-01-07-02-01-02-20.wav,20,female,disgust,1,1,1.0,1,0.996990732767861,1,0.9999865294954359,1,0.9999986732273098,1,0.98,1,0.9919987262589959,1,0.999903678894043,1,0.9999852167636488
03-01-07-02-02-01-20.wav,20,female,disgust,1,1,1.0,1,0.9993023773745292,1,0.9999985072889102,1,0.9965689181816787,1,1.0,1,0.9973328770720514,1,0.9998847246170044,1,0.9999882818562319
03-01-07-02-02-02-20.wav,20,female,disgust,1,1,1.0,1,0.9955736497085236,1,0.9999857668269462,1,0.9999856381159036,1,1.0,1,0.9973483889582551,1,0.9998884201049805,1,0.9999913634968353
03-01-08-01-01-01-20.wav,20,female,surprised,1,1,1.0,1,0.9552560895663781,1,0.9829709385011499,1,0.991796776151058,1,0.91,1,0.9874320242571024,1,0.9985378980636597,1,0.9999662665750324
03-01-08-01-01-02-20.wav,20,female,surprised,1,1,1.0,1,0.9755007854783047,1,0.9907726582283783,1,0.9999819816267267,1,0.99,1,0.9970499857872106,1,0.9998766183853149,1,0.9999373474497092
03-01-08-01-02-01-20.wav,20,female,surprised,1,1,1.0,1,0.8228189932677681,1,0.9323863118579567,1,0.9963036369434976,1,1.0,1,0.9864053452691807,1,0.9996644258499146,1,0.9999674751869342
03-01-08-01-02-02-20.wav,20,female,surprised,1,1,1.0,1,0.8677305189956191,1,0.9699007334907842,1,0.9569685065548802,1,0.95,1,0.9910594952522724,1,0.9991829991340637,1,0.9999524244800178
03-01-08-02-01-01-20.wav,20,female,surprised,1,1,1.0,1,0.9970571593413363,1,0.9999938298663342,1,0.9999996201368008,1,1.0,1,0.9976815571412847,1,0.9998830556869507,1,0.9999890888015296
03-01-08-02-01-02-20.wav,20,female,surprised,1,1,1.0,1,0.9726088750239521,1,0.9945123026218372,1,0.999981881624854,1,0.96,1,0.9959934777725399,1,0.9995794892311096,1,0.9999631434659667
03-01-08-02-02-01-20.wav,20,female,surprised,1,1,1.0,1,0.9969478350292967,1,0.9999941380159341,1,0.9999995465466278,1,1.0,1,0.9888900962983289,1,0.9994850158691406,1,0.9999883989708878
03-01-08-02-02-02-20.wav,20,female,surprised,1,1,1.0,1,0.9052098760124853,1,0.9549509477147303,1,0.999992439969596,1,1.0,1,0.9941110094341271,1,0.9991061091423035,1,0.9999809773009619
03-01-01-01-01-01-21.wav,21,male,neutral,0,0,0.0,1,0.7407496964072509,0,0.7991793681809427,0,0.65205954716132,0,0.43,0,0.3526323093168401,0,0.06429088860750198,0,0.021217991425062026
03-01-01-01-01-02-21.wav,21,male,neutral,0,0,0.0,1,0.8407233762503454,1,0.897208214321045,1,0.9057165476768376,1,0.68,0,0.36542481978304914,0,0.11173658818006516,0,0.19295590354809317
03-01-01-01-02-01-21.wav,21,male,neutral,0,0,0.0,1,0.6727705886498497,1,0.8595490111137833,0,0.6425497950780322,1,0.66,0,0.41125046950798505,0,0.13921180367469788,0,0.19551100155100107
03-01-01-01-02-02-21.wav,21,male,neutral,0,1,1.0,1,0.6451781333145661,1,0.8269945353267727,0,0.5751065144608268,0,0.33,0,0.3885546279100161,0,0.013739063404500484,0,0.010119433622150122
03-01-02-01-01-01-21.wav,21,male,calm,0,1,1.0,0,0.031001968993270925,0,0.11366443394766484,0,0.3158870865392437,0,0.29,0,0.02924229863689205,0,0.008868311531841755,0,0.006931236037601549
03-01-02-01-01-02-21.wav,21,male,calm,0,0,0.0,0,0.026905102721877194,0,0.09122380062720481,0,0.12063528608658813,0,0.24,0,0.16544467718663788,0,0.034968454390764236,0,0.0032557614668344975
03-01-02-01-02-01-21.wav,21,male,calm,0,1,1.0,0,0.06205091219764384,0,0.31272275376111,0,0.17027940900040914,0,0.09,0,0.03898098690987499,0,0.0030388941522687674,0,0.000416079976622355
03-01-02-01-02-02-21.wav,21,male,calm,0,0,0.0,0,0.059106930708065955,0,0.27597309175553075,0,0.18102931115019602,0,0.25,0,0.012371416847768359,0,0.0072061712853610516,0,0.0018978068261568276
03-01-02-02-01-01-21.wav,21,male,calm,0,0,0.0,0,0.07252192696033787,0,0.2680011761360757,0,0.15226928739430168,0,0.07,0,0.045723466298055064,0,0.0006088257650844753,0,0.00013064047216992605
03-01-02-02-01-02-21.wav,21,male,calm,0,0,0.0,0,0.061373615902317914,0,0.264753062040638,0,0.1550593430598576,0,0.16,0,0.013053865302647863,0,0.0011424251133576035,0,0.0006410895949873876
03-01-02-02-02-01-21.wav,21,male,calm,0,1,1.0,0,0.037655530805135,0,0.15076067925087402,0,0.17171832232702697,0,0.28,0,0.05099017180763917,0,0.029175259172916412,0,0.07825375967329742
03-01-02-02-02-02-21.wav,21,male,calm,0,1,1.0,0,0.029616058941661975,0,0.17390223378310912,0,0.1297588306592945,0,0.15,0,0.02609571516952112,0,0.0008178833522833884,0,0.0002655711047863254
03-01-03-01-01-01-21.wav,21,male,happy,1,0,0.0,1,0.8245173906084653,1,0.9139037177145999,0,0.8421381704945091,1,0.95,1,0.9555506878322283,1,0.9955834746360779,1,0.9884422000888401
03-01-03-01-01-02-21.wav,21,male,happy,1,1,1.0,1,0.8998281707137383,1,0.960983981640315,1,0.9403160444250835,1,0.98,1,0.9935436515565643,1,0.9910140633583069,1,0.9999180383621292
03-01-03-01-02-01-21.wav,21,male,happy,1,1,1.0,1,0.9571093053937952,1,0.9878870671863056,1,0.9920612260105609,1,0.98,1,0.9457611547563212,1,0.9977498650550842,1,0.9999454895888084
03-01-03-01-02-02-21.wav,21,male,happy,1,1,1.0,1,0.9222895948838307,1,0.9703174689340622,1,0.9703803122374911,1,0.99,1,0.9677563379592741,1,0.999268114566803,1,0.9990956635523347
03-01-03-02-01-01-21.wav,21,male,happy,1,0,0.0,1,0.998415279265676,1,0.9999991430838437,1,0.9999997385741415,1,1.0,1,0.9951276486927622,1,0.9998583793640137,1,0.9999754844625659
03-01-03-02-01-02-21.wav,21,male,happy,1,1,1.0,1,0.9995864787204017,1,0.9999999342715064,1,0.9999966523405378,1,0.99,1,0.9971817943856226,1,0.9983066320419312,1,0.9999757359873789
03-01-03-02-02-01-21.wav,21,male,happy,1,1,1.0,1,0.9939087758039217,1,0.9973060351238487,1,0.991123012767674,1,0.99,1,0.9903190437264687,1,0.996174156665802,1,0.9999783874510206
03-01-03-02-02-02-21.wav,21,male,happy,1,1,1.0,1,0.9997433490456255,1,0.9999999920491401,1,0.9999999546289037,1,1.0,1,0.9940843417151709,1,0.9997656941413879,1,0.9999635324601814
03-01-04-01-01-01-21.wav,21,male,sad,1,1,1.0,0,0.08806583193673703,0,0.31524587563696144,0,0.20714055631250325,1,0.64,1,0.6040679645354458,0,0.2619345784187317,0,0.0010770727886876702
03-01-04-01-01-02-21.wav,21,male,sad,1,0,0.0,0,0.45749533075313403,0,0.793841529775491,1,0.8845945525509675,1,0.91,1,0.8918009870601111,1,0.9968739748001099,1,0.9994635573949248
03-01-04-01-02-01-21.wav,21,male,sad,1,1,1.0,0,0.09073225850458365,0,0.4119846730816512,0,0.1030036609909624,0,0.42,1,0.6993781942731395,0,0.10533224791288376,0,0.005488469224894255
03-01-04-01-02-02-21.wav,21,male,sad,1,1,1.0,0,0.09399821526992397,0,0.4011930636128924,0,0.15773296983417529,0,0.36,0,0.05561913757088092,0,0.21359224617481232,0,0.06698790767193635
03-01-04-02-01-01-21.wav,21,male,sad,1,0,0.0,1,0.985048342785922,1,0.999988142857514,1,0.9999826497331332,1,0.98,1,0.9826009432885082,1,0.9967623949050903,1,0.9998848103011241
03-01-04-02-01-02-21.wav,21,male,sad,1,1,1.0,1,0.9829819312437273,1,0.9942926177975123,1,0.9900089649451905,1,0.98,1,0.9844697272561992,1,0.9855924248695374,1,0.9991889061246496
03-01-04-02-02-01-21.wav,21,male,sad,1,1,1.0,1,0.9173140361860049,1,0.9706615222604837,1,0.9877585266972593,1,0.93,1,0.9832832546245369,1,0.9993590712547302,1,0.9995149810565158
03-01-04-02-02-02-21.wav,21,male,sad,1,1,1.0,1,0.7176589775341217,1,0.9050886017538775,0,0.7254742019486081,1,0.95,1,0.9777802313992823,1,0.9992234706878662,1,0.9995193865387981
03-01-05-01-01-01-21.wav,21,male,angry,1,1,1.0,1,0.9999945798856751,1,0.9999999999905309,1,0.9999999355029285,1,0.99,1,0.9957782092297052,1,0.999259889125824,1,0.9999862173255343
03-01-05-01-01-02-21.wav,21,male,angry,1,1,1.0,1,0.9999731610273097,1,0.9999999996993337,1,0.9999998159723479,1,1.0,1,0.996285806716228,1,0.9987006187438965,1,0.9999839641611021
03-01-05-01-02-01-21.wav,21,male,angry,1,0,0.0,1,0.999999634944962,1,0.9999999999999699,1,0.9999996971609717,1,1.0,1,0.9965179385363028,1,0.998874843120575,1,0.9999687576090982
03-01-05-01-02-02-21.wav,21,male,angry,1,0,0.0,1,0.9999966245017313,1,0.999999999997581,1,0.9999993724201022,1,1.0,1,0.9973964265419917,1,0.9988196492195129,1,0.9999724455950794
03-01-05-02-01-01-21.wav,21,male,angry,1,0,0.0,1,0.9999999999956295,1,0.9999999999999699,1,0.9999914411821001,1,1.0,1,0.996285806716228,1,0.9989635944366455,1,0.9999719769658624
03-01-05-02-01-02-21.wav,21,male,angry,1,0,0.0,1,0.9999999997691325,1,0.9999999999999699,1,0.999997424476084,1,1.0,1,0.996818058203406,1,0.9998807907104492,1,0.9999913412898448
03-01-05-02-02-01-21.wav,21,male,angry,1,1,1.0,1,0.9999999968513351,1,0.9999999999999699,1,0.9999993688760037,1,1.0,1,0.9965179385363028,1,0.9993361830711365,1,0.9999774608491294
03-01-05-02-02-02-21.wav,21,male,angry,1,1,1.0,1,0.9999999997090274,1,0.9999999999999699,1,0.9999989852677686,1,1.0,1,0.9962010692308221,1,0.9999109506607056,1,0.9999920917905073
03-01-06-01-01-01-21.wav,21,male,fearful,1,1,1.0,1,0.9525471732552913,1,0.9824301509696438,1,0.9892534787101867,1,0.88,1,0.9055103922591627,1,0.9228814244270325,1,0.9845324656602628
03-01-06-01-01-02-21.wav,21,male,fearful,1,1,1.0,1,0.9391313461625812,1,0.9629562562630326,1,0.9577639542425711,1,0.84,1,0.9015101365805687,1,0.8471092581748962,1,0.8179787736290475
03-01-06-01-02-01-21.wav,21,male,fearful,1,1,1.0,1,0.9587098989849695,1,0.9792070864746967,1,0.9969904424874856,1,0.97,1,0.9727289756535613,1,0.9995384216308594,1,0.9981178521398885
03-01-06-01-02-02-21.wav,21,male,fearful,1,1,1.0,1,0.9817405812818006,1,0.9920935251412876,1,0.996857353011543,1,0.95,1,0.9723303538343429,1,0.9913259148597717,1,0.9985282364713299
03-01-06-02-01-01-21.wav,21,male,fearful,1,0,0.0,1,0.9998207057378501,1,0.9999999529120749,1,0.999999533133864,1,1.0,1,0.993000213374093,1,0.9995056390762329,1,0.9999797593499525
03-01-06-02-01-02-21.wav,21,male,fearful,1,1,1.0,1,0.9997366812314894,1,0.9999999201274781,1,0.9999998900246625,1,1.0,1,0.9919218450750122,1,0.9996720552444458,1,0.9999681471805484
03-01-06-02-02-01-21.wav,21,male,fearful,1,1,1.0,1,0.9986662302154199,1,0.9999992139958405,1,0.9999995253160546,1,1.0,1,0.992017383865374,1,0.9998179078102112,1,0.999981614359753
03-01-06-02-02-02-21.wav,21,male,fearful,1,1,1.0,1,0.9970948491591457,1,0.999995394867073,1,0.9999953175323378,1,1.0,1,0.9658420751913234,1,0.9989808201789856,1,0.9999482682334048
03-01-07-01-01-01-21.wav,21,male,disgust,1,1,1.0,1,0.9878841868941465,1,0.9917770817051704,1,0.9928478462980479,1,1.0,1,0.9944450712736841,1,0.9990148544311523,1,0.9999889592441207
03-01-07-01-01-02-21.wav,21,male,disgust,1,1,1.0,1,0.995490342944728,1,0.9999832667299127,1,0.9999931124228111,1,1.0,1,0.9974337936349369,1,0.9989917874336243,1,0.9999889592441207
03-01-07-01-02-01-21.wav,21,male,disgust,1,1,1.0,1,0.982429705449173,1,0.9913105934527895,1,0.9999986970162007,1,1.0,1,0.9968630580210204,1,0.9987046718597412,1,0.9999786096575035
03-01-07-01-02-02-21.wav,21,male,disgust,1,1,1.0,1,0.9743976893489046,1,0.988601559752294,1,0.9999975523365136,1,1.0,1,0.9942064718114653,1,0.99954754114151,1,0.9999541882571165
03-01-07-02-01-01-21.wav,21,male,disgust,1,1,1.0,1,0.9860552317863633,1,0.9930540207094596,1,0.9999839927145353,1,1.0,1,0.9969328737410144,1,0.9993133544921875,1,0.9999827016451891
03-01-07-02-01-02-21.wav,21,male,disgust,1,1,1.0,1,0.9956899446937848,1,0.9999935393701372,1,0.9999916967929114,1,0.99,1,0.9972196904857052,1,0.9994364380836487,1,0.9999704522501706
03-01-07-02-02-01-21.wav,21,male,disgust,1,1,1.0,1,0.989870331769084,1,0.9968295593252632,1,0.9999999918256538,1,0.99,1,0.9977455380701772,1,0.9997063279151917,1,0.9999749657184764
03-01-07-02-02-02-21.wav,21,male,disgust,1,1,1.0,1,0.989649217040714,1,0.9969218650512924,1,0.9999999944380834,1,0.98,1,0.9977524641385136,1,0.999903678894043,1,0.9999910046513765
03-01-08-01-01-01-21.wav,21,male,surprised,1,0,0.0,1,0.8523051773762504,1,0.8918203246294112,1,0.9328152453289313,1,0.87,1,0.9626939135167034,1,0.9173672795295715,1,0.9999614421345093
03-01-08-01-01-02-21.wav,21,male,surprised,1,1,1.0,1,0.8993010651907277,1,0.9295851931170009,1,0.9539059487409605,1,0.9,1,0.9765263997139386,1,0.9138258695602417,1,0.9999638469086183
03-01-08-01-02-01-21.wav,21,male,surprised,1,1,1.0,1,0.8771706838570709,1,0.9395710338130796,1,0.9907577498697778,1,0.96,1,0.9912088622142975,1,0.9958662986755371,1,0.9999846264279216
03-01-08-01-02-02-21.wav,21,male,surprised,1,1,1.0,1,0.9969813541122485,1,0.9999983085885614,1,0.9999999606135193,1,0.99,1,0.9951230560155067,1,0.9989495873451233,1,0.9999791755331665
03-01-08-02-01-01-21.wav,21,male,surprised,1,1,1.0,1,0.9976645065054538,1,0.9999949201517416,1,0.9999990280265288,1,1.0,1,0.9932975466935178,1,0.9983782768249512,1,0.999984214595592
03-01-08-02-01-02-21.wav,21,male,surprised,1,1,1.0,1,0.9885627711076737,1,0.9927192359947462,1,0.999988452145099,1,0.98,1,0.9962582551432525,1,0.9988768696784973,1,0.9999870831151563
03-01-08-02-02-01-21.wav,21,male,surprised,1,1,1.0,1,0.9645149500678238,1,0.980728088644543,1,0.9999880443114793,1,0.98,1,0.9845870767274184,1,0.9967862367630005,1,0.9997523926116787
03-01-08-02-02-02-21.wav,21,male,surprised,1,1,1.0,1,0.9878137634412201,1,0.9954825182626185,1,0.9999993207571228,1,1.0,1,0.9923260830918865,1,0.9945129156112671,1,0.9999823059095413
03-01-01-01-01-01-22.wav,22,female,neutral,0,0,0.0,0,0.03383017879830253,0,0.17385390507610587,0,0.10877831729408992,0,0.1,0,0.05903026918158295,0,0.0009712392347864807,0,0.002938016486424672
03-01-01-01-01-02-22.wav,22,female,neutral,0,0,0.0,0,0.2814291906700004,0,0.6259383367903714,0,0.344896181974152,0,0.41,1,0.5237069582202996,0,0.24843469262123108,0,0.12374349320036156
03-01-01-01-02-01-22.wav,22,female,neutral,0,0,0.0,0,0.280951649066157,0,0.6180547118913143,0,0.3639854779841967,1,0.55,1,0.5080773480990289,0,0.03636740893125534,0,0.21149358932946546
03-01-01-01-02-02-22.wav,22,female,neutral,0,1,1.0,0,0.028343879690091934,0,0.18044326295686716,0,0.08663532138926444,0,0.02,0,0.015773751885013662,0,0.00038109096931293607,0,0.00010218572607508345
03-01-02-01-01-01-22.wav,22,female,calm,0,1,1.0,0,0.0417927407395311,0,0.24699154372064913,0,0.08187621170737042,0,0.02,0,0.03906125599258392,0,0.00037301069824025035,0,8.775133790291429e-05
03-01-02-01-01-02-22.wav,22,female,calm,0,0,0.0,0,0.018812946300079212,0,0.10140997000899689,0,0.09749980310077638,0,0.06,0,0.027080604649437238,0,0.0010923565132543445,0,0.00023658107602540364
03-01-02-01-02-01-22.wav,22,female,calm,0,1,1.0,0,0.022828279005139947,0,0.14649329030614386,0,0.10711406558832728,0,0.06,0,0.021472644846370476,0,0.00012143311323598027,0,0.0003057200024090832
03-01-02-01-02-02-22.wav,22,female,calm,0,0,0.0,0,0.04980403040490833,0,0.2750397098985379,0,0.19498078617351428,0,0.03,0,0.026811220097469467,0,0.0030698019545525312,0,0.00011746531224112021
03-01-02-02-01-01-22.wav,22,female,calm,0,0,0.0,0,0.028772941588294326,0,0.1746955876810404,0,0.17462428717289172,0,0.02,0,0.03654807225790207,0,0.002434101887047291,0,0.0002987688019566767
03-01-02-02-01-02-22.wav,22,female,calm,0,0,0.0,0,0.021966611854276084,0,0.11005499661567351,0,0.13629520472690848,0,0.07,0,0.01833601939141009,0,0.0006323544657789171,0,0.000128882775303411
03-01-02-02-02-01-22.wav,22,female,calm,0,1,1.0,0,0.025859973742494307,0,0.21088009223393606,0,0.07895055507026913,0,0.04,0,0.1170802293732392,0,0.002929374109953642,0,0.001781404578716729
03-01-02-02-02-02-22.wav,22,female,calm,0,1,1.0,0,0.044559943261908826,0,0.3153721217697831,0,0.14400768349785614,0,0.03,0,0.0241928309322036,0,0.0003732091863639653,0,8.71403051206256e-05
03-01-03-01-01-01-22.wav,22,female,happy,1,0,0.0,1,0.7934001866198013,1,0.8966088621086438,1,0.9454055248161934,1,0.78,1,0.861123887283437,1,0.9589757919311523,1,0.9826241313704112
03-01-03-01-01-02-22.wav,22,female,happy,1,1,1.0,1,0.7761801808591665,1,0.9393167647472965,1,0.969718174187917,1,0.95,1,0.903776387600189,1,0.9922770261764526,1,0.9995889035345502
03-01-03-01-02-01-22.wav,22,female,happy,1,1,1.0,1,0.7633536611080467,1,0.8981274212043584,1,0.9396179690134894,1,0.84,1,0.8363178141673719,1,0.6207954287528992,0,0.46570963139822014
03-01-03-01-02-02-22.wav,22,female,happy,1,1,1.0,1,0.5875130850389392,0,0.7729025815279834,0,0.7126200589735431,1,0.68,1,0.812678272793903,0,0.13821761310100555,0,0.24595983194231053
03-01-03-02-01-01-22.wav,22,female,happy,1,0,0.0,1,0.9980646117717062,1,0.9999987952459268,1,0.9999998098036121,1,1.0,1,0.9950131071419666,1,0.9999197721481323,1,0.9999798731729963
03-01-03-02-01-02-22.wav,22,female,happy,1,1,1.0,1,0.9924185416453989,1,0.9974352632914598,1,0.9999994912170342,1,1.0,1,0.9967855607652966,1,0.9999409914016724,1,0.9999907129040646
03-01-03-02-02-01-22.wav,22,female,happy,1,1,1.0,1,0.9968778919314694,1,0.999992992629785,1,0.9999942960944802,1,1.0,1,0.9961417067927634,1,0.999316930770874,1,0.9999905826896549
03-01-03-02-02-02-22.wav,22,female,happy,1,1,1.0,1,0.9877687195862392,1,0.995428387065704,1,0.9970351528211108,1,1.0,1,0.991809094323433,1,0.9998347759246826,1,0.9999601296970292
03-01-04-01-01-01-22.wav,22,female,sad,1,1,1.0,0,0.014185535801644762,0,0.08657232092921315,0,0.14736153261866597,0,0.11,0,0.08597611065915264,0,0.0032993489876389503,0,0.0013030418987745956
03-01-04-01-01-02-22.wav,22,female,sad,1,0,0.0,0,0.056312178641712396,0,0.21854468608227645,0,0.13466867296081447,1,0.57,1,0.5536145200693731,0,0.028440065681934357,0,0.14370945075286673
03-01-04-01-02-01-22.wav,22,female,sad,1,1,1.0,0,0.10363112046836348,0,0.3485053398481678,0,0.24051900646423008,1,0.62,1,0.5913158526866574,1,0.9769839644432068,1,0.5901261869598777
03-01-04-01-02-02-22.wav,22,female,sad,1,1,1.0,0,0.23452623256631427,0,0.6222622373997487,0,0.536503223140108,1,0.68,1,0.8981549061654599,1,0.8868644833564758,1,0.972780265840371
03-01-04-02-01-01-22.wav,22,female,sad,1,0,0.0,0,0.19628110607679874,0,0.42988382914269385,0,0.3646621315988914,1,0.84,1,0.9196556310804941,1,0.9932153224945068,1,0.994147198236033
03-01-04-02-01-02-22.wav,22,female,sad,1,1,1.0,0,0.23181100905421728,0,0.4677231742605159,0,0.48771129762301957,1,0.87,1,0.9196556310804941,1,0.9957730174064636,1,0.8540566564839689
03-01-04-02-02-01-22.wav,22,female,sad,1,1,1.0,0,0.20679217908415526,0,0.505975614971412,0,0.7711666071460388,1,0.88,1,0.9487474327409479,1,0.9847328066825867,1,0.9946300692015074
03-01-04-02-02-02-22.wav,22,female,sad,1,1,1.0,1,0.7843392382582577,1,0.9007184315455727,1,0.9940740993513665,1,0.94,1,0.986898593307719,1,0.9988734126091003,1,0.9998229370159439
03-01-05-01-01-01-22.wav,22,female,angry,1,1,1.0,1,0.6077728006509934,0,0.7465638900447245,1,0.9671293697981503,1,0.96,1,0.979573460010721,1,0.9917581677436829,1,0.9860971560538853
03-01-05-01-01-02-22.wav,22,female,angry,1,1,1.0,1,0.5659111994317182,0,0.7453589129627273,1,0.9638471384921675,1,0.93,1,0.9752384666952493,1,0.99398273229599,1,0.9998624444605998
03-01-05-01-02-01-22.wav,22,female,angry,1,0,0.0,1,0.8871199182958854,1,0.9655713563337329,1,0.9809297216837415,1,0.9,1,0.938899671282828,1,0.9995748400688171,1,0.9974168904559788
03-01-05-01-02-02-22.wav,22,female,angry,1,0,0.0,1,0.9140617535818979,1,0.9580894615619063,1,0.9883203057834057,1,0.98,1,0.9913795504662665,1,0.9985539317131042,1,0.9999377632858883
03-01-05-02-01-01-22.wav,22,female,angry,1,0,0.0,1,0.9989560241410655,1,0.9999994804086758,1,0.99999929234273,1,1.0,1,0.9950089342467199,1,0.9997068047523499,1,0.9999908430783265
03-01-05-02-01-02-22.wav,22,female,angry,1,0,0.0,1,0.9994421294539747,1,0.9999998933774082,1,0.999999810301237,1,1.0,1,0.9949716900972461,1,0.9998101592063904,1,0.9999907388057865
03-01-05-02-02-01-22.wav,22,female,angry,1,1,1.0,1,0.999996693937285,1,0.9999999999953737,1,0.9999996803848804,1,1.0,1,0.995827594561417,1,0.9993278980255127,1,0.9999907152741242
03-01-05-02-02-02-22.wav,22,female,angry,1,1,1.0,1,0.9999873567836653,1,0.999999999959279,1,0.9999997919167797,1,1.0,1,0.995827594561417,1,0.9996166229248047,1,0.9999907152741242
03-01-06-01-01-01-22.wav,22,female,fearful,1,1,1.0,1,0.812234413613067,1,0.9125930801471968,1,0.9740402160507108,1,0.99,1,0.9676983967577811,1,0.9873203039169312,1,0.9106512248907985
03-01-06-01-01-02-22.wav,22,female,fearful,1,1,1.0,1,0.9005313275737129,1,0.9553855327812593,1,0.9953930621601133,1,1.0,1,0.98762977121826,1,0.9972364902496338,1,0.9996575092445464
03-01-06-01-02-01-22.wav,22,female,fearful,1,1,1.0,1,0.8811363082777609,1,0.9420871229103348,1,0.9971325312124568,1,0.97,1,0.9890840002937057,1,0.999688982963562,1,0.9999392851314135
03-01-06-01-02-02-22.wav,22,female,fearful,1,1,1.0,1,0.8990722730638534,1,0.947028841219615,1,0.9953695655412838,1,0.98,1,0.9900375744280032,1,0.9994615912437439,1,0.9999181443557512
03-01-06-02-01-01-22.wav,22,female,fearful,1,0,0.0,1,0.9972760702019158,1,0.9999948076976011,1,0.9999994084548198,1,1.0,1,0.9962957269650151,1,0.9999711513519287,1,0.9999882630808479
03-01-06-02-01-02-22.wav,22,female,fearful,1,1,1.0,1,0.998277015839877,1,0.9999984027719632,1,0.9999997474094872,1,1.0,1,0.9958813733589427,1,0.9999580383300781,1,0.9999903289750305
03-01-06-02-02-01-22.wav,22,female,fearful,1,1,1.0,1,0.9984659379841885,1,0.999997126665731,1,0.9999997324502746,1,1.0,1,0.9962883368660653,1,0.9999257326126099,1,0.9999911783995694
03-01-06-02-02-02-22.wav,22,female,fearful,1,1,1.0,1,0.9993412335806876,1,0.9999995231055573,1,0.9999997606441362,1,1.0,1,0.9965429228192835,1,0.9999185800552368,1,0.9999912319023806
03-01-07-01-01-01-22.wav,22,female,disgust,1,1,1.0,1,0.9319197184101438,1,0.9687142057301142,1,0.994625773779256,1,0.98,1,0.9951828222020663,1,0.9998249411582947,1,0.9999801797744399
03-01-07-01-01-02-22.wav,22,female,disgust,1,1,1.0,1,0.9931455611659544,1,0.9114300865776129,1,0.9932982201701355,1,0.93,1,0.9873987584439226,1,0.9960512518882751,1,0.9999554368700382
03-01-07-01-02-01-22.wav,22,female,disgust,1,1,1.0,1,0.9355508468506546,1,0.9694801866345322,1,0.9916696703277981,1,0.95,1,0.9890364219592248,1,0.9997764229774475,1,0.999975607341675
03-01-07-01-02-02-22.wav,22,female,disgust,1,1,1.0,1,0.839284018554502,1,0.9328141758766464,1,0.9902228998008739,1,0.98,1,0.9839678260306941,1,0.999103844165802,1,0.9999528566808457
03-01-07-02-01-01-22.wav,22,female,disgust,1,1,1.0,1,0.9829799805106425,1,0.9910890850940319,1,0.9999982244328626,1,0.99,1,0.9951749588330903,1,0.9997419714927673,1,0.9999761243444455
03-01-07-02-01-02-22.wav,22,female,disgust,1,1,1.0,1,0.9756057459568321,1,0.9841817657961558,1,0.9969688966353502,1,1.0,1,0.9949098991181172,1,0.9997538924217224,1,0.9999794551976787
03-01-07-02-02-01-22.wav,22,female,disgust,1,1,1.0,1,0.999843543389537,1,0.999987358924356,1,0.9934823492338366,1,1.0,1,0.9964337470938904,1,0.9998984336853027,1,0.9999920979188561
03-01-07-02-02-02-22.wav,22,female,disgust,1,1,1.0,1,0.9524641213695215,1,0.9785792749796443,1,0.9958995923145645,1,0.99,1,0.9927847374613025,1,0.9993448853492737,1,0.9999506155755647
03-01-08-01-01-01-22.wav,22,female,surprised,1,0,0.0,1,0.9422034954667391,1,0.9820785307492559,1,0.9969835585071364,1,1.0,1,0.9962276084186777,1,0.999923586845398,1,0.9999867545058783
03-01-08-01-01-02-22.wav,22,female,surprised,1,1,1.0,1,0.9852641503526637,1,0.9956775419234076,1,0.999999701296669,1,1.0,1,0.9965925221226972,1,0.9999498128890991,1,0.9999879691390019
03-01-08-01-02-01-22.wav,22,female,surprised,1,1,1.0,1,0.9757360037007938,1,0.9909612935913062,1,0.999994823581302,1,0.99,1,0.9965429319079537,1,0.9999262094497681,1,0.9999864429884812
03-01-08-01-02-02-22.wav,22,female,surprised,1,1,1.0,1,0.9991650482394207,1,0.9999998987632088,1,0.9956920838659651,1,1.0,1,0.9969769176754116,1,0.999955415725708,1,0.9999903572707136
03-01-08-02-01-01-22.wav,22,female,surprised,1,1,1.0,1,0.9970828958366151,1,0.999998425062477,1,0.9999999125099746,1,1.0,1,0.9963273476013594,1,0.9999403953552246,1,0.9999831340496421
03-01-08-02-01-02-22.wav,22,female,surprised,1,1,1.0,1,0.9976172845818756,1,0.999997601176998,1,0.9999999469263997,1,1.0,1,0.9965383187006243,1,0.9999746084213257,1,0.9999903289750305
03-01-08-02-02-01-22.wav,22,female,surprised,1,1,1.0,1,0.9986804274431825,1,0.9999993054380528,1,0.9967512778132045,1,1.0,1,0.9943746082201779,1,0.9997910857200623,1,0.9999893709661333
03-01-08-02-02-02-22.wav,22,female,surprised,1,1,1.0,1,0.9963089426218652,1,0.9999945751855602,1,0.9999972122733631,1,1.0,1,0.9926684352183802,1,0.9989450573921204,1,0.9999813631702588
03-01-01-01-01-01-23.wav,23,male,neutral,0,0,0.0,1,0.6240263313917158,1,0.808806168343479,0,0.8458429497712913,1,0.94,1,0.9799620211918788,1,0.9776752591133118,1,0.9994334203009845
03-01-01-01-01-02-23.wav,23,male,neutral,0,0,0.0,1,0.6240320098340385,1,0.8103693002791489,1,0.8722185719741887,1,0.83,1,0.967320339361089,1,0.936737060546875,1,0.996253097134482
03-01-01-01-02-01-23.wav,23,male,neutral,0,0,0.0,1,0.7554803708720705,1,0.893629950301551,1,0.9529062106981326,1,0.91,1,0.9397665190042698,1,0.9989205598831177,1,0.9998728397277121
03-01-01-01-02-02-23.wav,23,male,neutral,0,1,1.0,1,0.6986848692629158,1,0.8397507589610056,1,0.8871047676477076,1,0.89,1,0.939278365219356,1,0.9949163198471069,1,0.9996301281030916
03-01-02-01-01-01-23.wav,23,male,calm,0,1,1.0,0,0.16837576899983034,0,0.4510703807909127,0,0.2789238110921408,0,0.31,0,0.11136220958195102,0,0.15831975638866425,1,0.8279266918556584
03-01-02-01-01-02-23.wav,23,male,calm,0,0,0.0,0,0.3231096455836505,0,0.64671923712861,0,0.6035404504184884,0,0.35,1,0.6782472172563514,1,0.834467351436615,1,0.9635538278040928
03-01-02-01-02-01-23.wav,23,male,calm,0,1,1.0,1,0.5293101884483303,1,0.8447499161773325,1,0.971273478195992,0,0.4,0,0.16019455827639467,0,0.22521798312664032,1,0.8479555134307037
03-01-02-01-02-02-23.wav,23,male,calm,0,0,0.0,0,0.4102255349437905,0,0.7888665226220154,1,0.9525265702267292,0,0.42,0,0.12263137412823637,0,0.2329145073890686,1,0.8798091124077108
03-01-02-02-01-01-23.wav,23,male,calm,0,0,0.0,0,0.31792277983888834,0,0.7131968721549706,0,0.768130639391928,0,0.17,0,0.04313843663215932,0,0.005802633706480265,0,0.0013448839039331873
03-01-02-02-01-02-23.wav,23,male,calm,0,0,0.0,0,0.28589706351126315,0,0.6588429766565783,0,0.827162051765577,0,0.32,0,0.03222177863294826,0,0.02432803437113762,0,0.0008679310489639599
03-01-02-02-02-01-23.wav,23,male,calm,0,1,1.0,0,0.3808041470624639,0,0.7067073260280199,1,0.900149387162569,0,0.22,0,0.05317945017705764,0,0.011928183026611805,0,0.00046547136495139974
03-01-02-02-02-02-23.wav,23,male,calm,0,1,1.0,1,0.6079295314534626,1,0.8850336681447876,1,0.9782629216179111,0,0.42,0,0.05477786009995276,0,0.009537077508866787,0,0.0008999633567564496
03-01-03-01-01-01-23.wav,23,male,happy,1,0,0.0,1,0.8267263360550189,1,0.9405550981100569,1,0.9950154285667691,1,0.95,1,0.9806528709846475,1,0.9841398000717163,1,0.99950453777301
03-01-03-01-01-02-23.wav,23,male,happy,1,1,1.0,1,0.9740315867513606,1,0.9938393721987812,1,0.9999990835645662,1,1.0,1,0.9869817394281559,1,0.9973721504211426,1,0.9999603663487946
03-01-03-01-02-01-23.wav,23,male,happy,1,1,1.0,1,0.8952006697775514,1,0.9595493177240665,1,0.9999947244822981,1,0.99,1,0.9929986667928968,1,0.9998043179512024,1,0.9999669858572157
03-01-03-01-02-02-23.wav,23,male,happy,1,1,1.0,1,0.930790477843542,1,0.9700379117341573,1,0.9999961507050381,1,1.0,1,0.9886564303537024,1,0.9999213218688965,1,0.999979154167642
03-01-03-02-01-01-23.wav,23,male,happy,1,0,0.0,1,0.9996769271842129,1,0.9999999945722065,1,0.9999999975419966,1,1.0,1,0.9923638490717375,1,0.9999542236328125,1,0.9999888126596775
03-01-03-02-01-02-23.wav,23,male,happy,1,1,1.0,1,0.9997302082607473,1,0.9999999955276354,1,0.999999999251336,1,1.0,1,0.9960346915514776,1,0.9999538660049438,1,0.9999901613350181
03-01-03-02-02-01-23.wav,23,male,happy,1,1,1.0,1,0.9996274409219434,1,0.9999999893855982,1,0.9999999984608914,1,1.0,1,0.9933068818527339,1,0.999618411064148,1,0.9999891696862125
03-01-03-02-02-02-23.wav,23,male,happy,1,1,1.0,1,0.9927496702841044,1,0.9999926515315646,1,0.9999995887694237,1,0.99,1,0.9939744398168816,1,0.999659538269043,1,0.9999867255856054
03-01-04-01-01-01-23.wav,23,male,sad,1,1,1.0,0,0.1389716343633305,0,0.39882853623677283,0,0.203423292386166,0,0.39,0,0.3716895315614196,0,0.05106145143508911,0,0.024271708866780265
03-01-04-01-01-02-23.wav,23,male,sad,1,0,0.0,0,0.2139263372006492,0,0.5157353213154445,0,0.3336444517314623,1,0.76,1,0.8857268669289162,1,0.9625568389892578,1,0.9898823690595528
03-01-04-01-02-01-23.wav,23,male,sad,1,1,1.0,1,0.5829589534528833,1,0.8761607315579497,1,0.9896802491286689,1,0.85,1,0.9278109117597197,1,0.9942050576210022,1,0.9993110336428859
03-01-04-01-02-02-23.wav,23,male,sad,1,1,1.0,0,0.45707290550369634,1,0.8542765800800094,1,0.9887463392312754,1,0.94,1,0.9784211368586939,1,0.9962888956069946,1,0.9997532971269157
03-01-04-02-01-01-23.wav,23,male,sad,1,0,0.0,1,0.9336398362558503,1,0.9577862279398931,1,0.9787675182531399,1,0.95,1,0.9787412685887984,1,0.9984887838363647,1,0.9996577652149213
03-01-04-02-01-02-23.wav,23,male,sad,1,1,1.0,1,0.9733458413512821,1,0.9833496139757941,1,0.9949485714814427,1,0.91,1,0.9797348408220001,1,0.9982665181159973,1,0.9983602744596065
03-01-04-02-02-01-23.wav,23,male,sad,1,1,1.0,1,0.8758167899706959,1,0.9506967044111608,1,0.9999994315269892,1,0.82,1,0.9688725122570832,1,0.9987043142318726,1,0.9999731521401303
03-01-04-02-02-02-23.wav,23,male,sad,1,1,1.0,1,0.9730169149702189,1,0.985751947508369,1,0.9972056633200769,1,0.97,1,0.9866490692290604,1,0.9997013211250305,1,0.9998382615641599
03-01-05-01-01-01-23.wav,23,male,angry,1,1,1.0,1,0.9983688575049167,1,0.9999997569349078,1,0.999999998899449,1,1.0,1,0.9939275285862661,1,0.9994977712631226,1,0.9999864707113267
03-01-05-01-01-02-23.wav,23,male,angry,1,1,1.0,1,0.9981749782195097,1,0.9999997015622194,1,0.999999996817515,1,1.0,1,0.9939275285862661,1,0.9993563294410706,1,0.9999811637774552
03-01-05-01-02-01-23.wav,23,male,angry,1,0,0.0,1,0.9963800262416873,1,0.9999982619377706,1,0.999999984027207,1,1.0,1,0.9925315623703025,1,0.9960477948188782,1,0.999961665893003
03-01-05-01-02-02-23.wav,23,male,angry,1,0,0.0,1,0.9979229913683347,1,0.9999993387580733,1,0.9999999957193765,1,1.0,1,0.9954930917041835,1,0.9995433688163757,1,0.9999827115440395
03-01-05-02-01-01-23.wav,23,male,angry,1,0,0.0,1,0.9999999224744833,1,0.9999999999999699,1,0.9999999192326916,1,0.99,1,0.9935313941925521,1,0.9997439980506897,1,0.9999696763880024
03-01-05-02-01-02-23.wav,23,male,angry,1,0,0.0,1,0.9999998790753573,1,0.9999999999999699,1,0.9999999464456626,1,1.0,1,0.9943471354281803,1,0.9997912049293518,1,0.9999882547863623
03-01-05-02-02-01-23.wav,23,male,angry,1,1,1.0,1,0.99999999999109,1,0.9999999999999699,1,0.999994656975593,1,1.0,1,0.9957103663020629,1,0.9997337460517883,1,0.9999882458810324
03-01-05-02-02-02-23.wav,23,male,angry,1,1,1.0,1,0.9999999997585074,1,0.9999999999999699,1,0.9999984135275248,1,1.0,1,0.9947838719015172,1,0.9990719556808472,1,0.9999730807192031
03-01-06-01-01-01-23.wav,23,male,fearful,1,1,1.0,1,0.9145968902730214,1,0.9729442859818679,1,0.9999880641142781,1,1.0,1,0.9872002691041288,1,0.9998186230659485,1,0.9999839500825694
03-01-06-01-01-02-23.wav,23,male,fearful,1,1,1.0,0,0.4865841523865175,0,0.7648037743271905,1,0.8879063918246707,1,0.89,1,0.9511735642350895,1,0.9899279475212097,1,0.996726673304063
03-01-06-01-02-01-23.wav,23,male,fearful,1,1,1.0,1,0.7486780885832393,1,0.8961628925186048,1,0.9707561296510906,1,0.89,1,0.9728877146753802,1,0.9791777729988098,1,0.992500306924593
03-01-06-01-02-02-23.wav,23,male,fearful,1,1,1.0,1,0.6592833169876504,1,0.8128382444802432,1,0.9535721164710131,1,0.91,1,0.9847839558317777,1,0.9989678859710693,1,0.9998869780108183
03-01-06-02-01-01-23.wav,23,male,fearful,1,0,0.0,1,0.9825714032408329,1,0.9963127584807409,1,0.9999997963753153,1,1.0,1,0.9953685723756973,1,0.9998692274093628,1,0.9999674320497292
03-01-06-02-01-02-23.wav,23,male,fearful,1,1,1.0,1,0.9872300890504925,1,0.9967888491084304,1,0.9999999152609743,1,1.0,1,0.9958311605469792,1,0.9999344348907471,1,0.9999728742298528
03-01-06-02-02-01-23.wav,23,male,fearful,1,1,1.0,1,0.9996525846786651,1,0.9999999862219721,1,0.9999999999788125,1,0.99,1,0.9950761523211207,1,0.9999243021011353,1,0.9999887698031932
03-01-06-02-02-02-23.wav,23,male,fearful,1,1,1.0,1,0.9936221793620106,1,0.9999930825773304,1,0.9999999975764022,1,1.0,1,0.9917818729517812,1,0.9999171495437622,1,0.999983301179128
03-01-07-01-01-01-23.wav,23,male,disgust,1,1,1.0,1,0.9774660748793906,1,0.9921379026354956,1,0.9999999426217833,1,0.99,1,0.9924083308706182,1,0.9999724626541138,1,0.9999692658791369
03-01-07-01-01-02-23.wav,23,male,disgust,1,1,1.0,1,0.973579618567882,1,0.9912840324714787,1,0.9999996935648766,1,0.95,1,0.9821459356786832,1,0.9997871518135071,1,0.9998842672575621
03-01-07-01-02-01-23.wav,23,male,disgust,1,1,1.0,1,0.9998674146949785,1,0.9999970272174323,1,0.9967576546217591,1,0.99,1,0.9932280559351622,1,0.999954104423523,1,0.9999826856775603
03-01-07-01-02-02-23.wav,23,male,disgust,1,1,1.0,1,0.9521296333446218,1,0.9860902641575761,1,0.9999945675401908,1,0.98,1,0.9860246588131386,1,0.9997808337211609,1,0.9999658240335463
03-01-07-02-01-01-23.wav,23,male,disgust,1,1,1.0,1,0.999957752338085,1,0.9999999992511088,1,0.999999135993145,1,1.0,1,0.9958202964226669,1,0.9998651742935181,1,0.9999046459870866
03-01-07-02-01-02-23.wav,23,male,disgust,1,1,1.0,1,0.998997909029278,1,0.9999996057896308,1,0.9999999951222045,1,1.0,1,0.9962276679094362,1,0.9999308586120605,1,0.9999918934157093
03-01-07-02-02-01-23.wav,23,male,disgust,1,1,1.0,1,0.9992787699281667,1,0.999999820497064,1,0.9999999992991399,1,1.0,1,0.9977561132794811,1,0.9999638795852661,1,0.9999916215515603
03-01-07-02-02-02-23.wav,23,male,disgust,1,1,1.0,1,0.9993588534867904,1,0.9999999064309552,1,0.9999999997802058,1,1.0,1,0.9984114581859912,1,0.9999709129333496,1,0.9999893136849313
03-01-08-01-01-01-23.wav,23,male,surprised,1,0,0.0,1,0.9982002881661627,1,0.9999995353099226,1,0.9999999819281354,1,1.0,1,0.9964618834275856,1,0.9998244643211365,1,0.9999879325126932
03-01-08-01-01-02-23.wav,23,male,surprised,1,1,1.0,1,0.9911774723319718,1,0.9973951791014201,1,0.9999999888341196,1,0.99,1,0.9925893936366218,1,0.9996359348297119,1,0.9999904521837814
03-01-08-01-02-01-23.wav,23,male,surprised,1,1,1.0,1,0.9887820253470299,1,0.9999905543970123,1,0.9999996798989181,1,0.99,1,0.99432530758136,1,0.9995794892311096,1,0.999958509876242
03-01-08-01-02-02-23.wav,23,male,surprised,1,1,1.0,1,0.9998682970402133,1,0.9999999983734122,1,0.9999999967404456,1,0.97,1,0.9918423066319012,1,0.9991436004638672,1,0.9999836503922644
03-01-08-02-01-01-23.wav,23,male,surprised,1,1,1.0,1,0.9999441992687474,1,0.9999999998939022,1,0.9999999982805358,1,1.0,1,0.9967359492647648,1,0.99994957447052,1,0.9999908760339343
03-01-08-02-01-02-23.wav,23,male,surprised,1,1,1.0,1,0.9992857887715155,1,0.9999999460981781,1,0.9999999989600601,1,1.0,1,0.9964618834275856,1,0.9999127388000488,1,0.999989969218357
03-01-08-02-02-01-23.wav,23,male,surprised,1,1,1.0,1,0.9999473056979155,1,0.999999999883022,1,0.9999999997000464,1,1.0,1,0.9966799941653485,1,0.9999661445617676,1,0.99999082099746
03-01-08-02-02-02-23.wav,23,male,surprised,1,1,1.0,1,0.999694643459591,1,0.9999999933833943,1,0.999999999056398,1,1.0,1,0.9950910984993998,1,0.9998929500579834,1,0.9999866093985397
03-01-01-01-01-01-24.wav,24,female,neutral,0,0,0.0,0,0.26726873845873106,0,0.4392152634388195,0,0.27919228414689834,1,0.52,1,0.6703473433738566,1,0.8070564866065979,1,0.6697706807386556
03-01-01-01-01-02-24.wav,24,female,neutral,0,0,0.0,0,0.4322426790498243,0,0.6178943628905731,0,0.5329743590227339,0,0.4,0,0.12359936084612791,0,0.06500536948442459,0,0.022877065895746916
03-01-01-01-02-01-24.wav,24,female,neutral,0,0,0.0,1,0.5504026186240175,0,0.7640456586410579,0,0.6289449015013681,0,0.48,1,0.6548190522098697,1,0.5684114098548889,1,0.8193023796335989
03-01-01-01-02-02-24.wav,24,female,neutral,0,1,1.0,1,0.5955491337864375,0,0.7754401584124919,0,0.6247079179804497,1,0.72,1,0.6864298634315621,1,0.5110194087028503,1,0.6643507437291272
03-01-02-01-01-01-24.wav,24,female,calm,0,1,1.0,0,0.03035761070114551,0,0.18142145842147325,0,0.09775282082194933,0,0.15,0,0.022173904643460623,0,0.0006425997707992792,0,0.0002192023090130759
03-01-02-01-01-02-24.wav,24,female,calm,0,0,0.0,0,0.016256686752984563,0,0.08676867962842692,0,0.10032613866652018,0,0.21,0,0.044046703429075885,0,0.009338396601378918,0,0.0008948371270277312
03-01-02-01-02-01-24.wav,24,female,calm,0,1,1.0,0,0.033407573942987406,0,0.23720693976665672,0,0.36635496578917665,0,0.34,0,0.12976518237628232,0,0.281057208776474,0,0.0011297009638898143
03-01-02-01-02-02-24.wav,24,female,calm,0,0,0.0,0,0.028532810017599778,0,0.2043079385318211,0,0.27507174824335284,1,0.73,1,0.8330354591024537,0,0.4780109226703644,1,0.9802388865993618
03-01-02-02-01-01-24.wav,24,female,calm,0,0,0.0,0,0.024873186020234413,0,0.13329984277793702,0,0.23538803193111116,0,0.04,0,0.028720483781307867,0,0.0023741936311125755,0,9.279291024830493e-05
03-01-02-02-01-02-24.wav,24,female,calm,0,0,0.0,0,0.039209008084882056,0,0.2236106349618556,0,0.13740258786000162,0,0.18,0,0.018782456265122323,0,0.001401884714141488,0,0.00024505022894059664
03-01-02-02-02-01-24.wav,24,female,calm,0,1,1.0,0,0.04005979626591801,0,0.25358261140357286,0,0.1887824074244958,0,0.05,0,0.03208811689875667,0,0.0021647103130817413,0,0.00032299017644233003
03-01-02-02-02-02-24.wav,24,female,calm,0,1,1.0,0,0.06411378208754469,0,0.3857657548224815,0,0.2574889200073676,0,0.03,0,0.024458880005243336,0,0.0005124549497850239,0,0.00011742422893358741
03-01-03-01-01-01-24.wav,24,female,happy,1,0,0.0,1,0.5659933281750245,0,0.7012164479404327,0,0.6476006791706469,1,0.92,1,0.9426932330127544,1,0.9598327279090881,1,0.9974118230781819
03-01-03-01-01-02-24.wav,24,female,happy,1,1,1.0,1,0.5625294292796147,0,0.7801292615420904,0,0.6039489092171063,1,0.72,1,0.752873052746423,1,0.7235360145568848,1,0.5393656291117768
03-01-03-01-02-01-24.wav,24,female,happy,1,1,1.0,1,0.5294195283081532,0,0.7783930565135468,0,0.6596494417730604,1,0.84,1,0.754536333353727,1,0.8495089411735535,1,0.8822084103725234
03-01-03-01-02-02-24.wav,24,female,happy,1,1,1.0,1,0.8764252075198945,1,0.962103667647534,1,0.973631679847872,1,0.91,1,0.8266117648452652,1,0.9333729147911072,1,0.9962126270090794
03-01-03-02-01-01-24.wav,24,female,happy,1,0,0.0,1,0.9774610420217779,1,0.9861432233801996,1,0.9945083604958787,1,1.0,1,0.9961767159218162,1,0.9986261129379272,1,0.9999728701743007
03-01-03-02-01-02-24.wav,24,female,happy,1,1,1.0,1,0.9749951625818652,1,0.9829625947205333,1,0.9939235182092058,1,0.99,1,0.9913335396207739,1,0.9966657757759094,1,0.9998713980038435
03-01-03-02-02-01-24.wav,24,female,happy,1,1,1.0,1,0.9756864508862425,1,0.990009299227905,1,0.9904800401027422,1,1.0,1,0.9872447250833485,1,0.9929648637771606,1,0.9999713385038413
03-01-03-02-02-02-24.wav,24,female,happy,1,1,1.0,1,0.9979542289616996,1,0.999997795892714,1,0.9937813137180799,1,0.99,1,0.9880224335857316,1,0.9873049855232239,1,0.9999686433465547
03-01-04-01-01-01-24.wav,24,female,sad,1,1,1.0,0,0.05305073062343183,0,0.2559028872570774,0,0.1488187782324848,0,0.06,0,0.04236800974203449,0,0.010915601626038551,0,0.0006790713138236918
03-01-04-01-01-02-24.wav,24,female,sad,1,0,0.0,0,0.00711329501317306,0,0.04417014359853367,0,0.5313332760503802,1,0.74,1,0.9332731568082985,1,0.939816951751709,1,0.9952699345826669
03-01-04-01-02-01-24.wav,24,female,sad,1,1,1.0,0,0.28815851610225435,0,0.5984114751498537,0,0.7278175697012678,1,0.82,1,0.7945398178119775,1,0.9865781664848328,1,0.9993666007527616
03-01-04-01-02-02-24.wav,24,female,sad,1,1,1.0,0,0.0845079356987414,0,0.44288749469930816,0,0.2708338292172342,0,0.14,0,0.03868371168237457,0,0.006065028719604015,0,0.0005126930351162478
03-01-04-02-01-01-24.wav,24,female,sad,1,0,0.0,1,0.9918886841950757,1,0.9999825482274951,1,0.9923196166220298,1,0.93,1,0.9874897144325276,1,0.9990471005439758,1,0.9998989838032838
03-01-04-02-01-02-24.wav,24,female,sad,1,1,1.0,1,0.9215157148692005,1,0.9570470977559803,1,0.8898040838142656,1,0.96,1,0.9887247452708344,1,0.9947927594184875,1,0.9991056050894124
03-01-04-02-02-01-24.wav,24,female,sad,1,1,1.0,1,0.918870913148864,1,0.9814629260320088,1,0.9891094480571461,1,0.91,1,0.9381023165556805,1,0.9395178556442261,1,0.999621477863753
03-01-04-02-02-02-24.wav,24,female,sad,1,1,1.0,1,0.5932294724398351,1,0.8518171039225517,1,0.9533302403615773,1,0.92,1,0.9324461449229566,1,0.9907624125480652,1,0.9996659689134486
03-01-05-01-01-01-24.wav,24,female,angry,1,1,1.0,1,0.9972057462817565,1,0.9999941359023128,1,0.9999904013039109,1,1.0,1,0.993235413641997,1,0.9980631470680237,1,0.9999127550007099
03-01-05-01-01-02-24.wav,24,female,angry,1,1,1.0,1,0.9973382792593497,1,0.9999918915110514,1,0.9999956426949648,1,1.0,1,0.9962528227147579,1,0.9988787770271301,1,0.9999729164610034
03-01-05-01-02-01-24.wav,24,female,angry,1,0,0.0,1,0.991920591260413,1,0.9962847577169279,1,0.9962891672729123,1,0.99,1,0.9924903649258134,1,0.9990881681442261,1,0.9997739130812023
03-01-05-01-02-02-24.wav,24,female,angry,1,0,0.0,1,0.9971892769788859,1,0.9999967973176069,1,0.9970893178750293,1,0.98,1,0.9919343338280057,1,0.9993170499801636,1,0.9999102818960808
03-01-05-02-01-01-24.wav,24,female,angry,1,0,0.0,1,0.9999984144712722,1,0.9999999999997872,1,0.9999856896797402,1,1.0,1,0.9976943715730049,1,0.9990660548210144,1,0.9999862688496185
03-01-05-02-01-02-24.wav,24,female,angry,1,0,0.0,1,0.9999576637157712,1,0.9999999992821232,1,0.9999978643562958,1,1.0,1,0.9976453562200297,1,0.9995970129966736,1,0.9999914637227532
03-01-05-02-02-01-24.wav,24,female,angry,1,1,1.0,1,0.9983643093948281,1,0.9999983039646632,1,0.9961229269548265,1,1.0,1,0.9971780055454573,1,0.999656081199646,1,0.9999904680098409
03-01-05-02-02-02-24.wav,24,female,angry,1,1,1.0,1,0.9998563988832622,1,0.9999999873476337,1,0.9963248322608554,1,1.0,1,0.9970060313113014,1,0.9998261332511902,1,0.9999825690835887
03-01-06-01-01-01-24.wav,24,female,fearful,1,1,1.0,1,0.9931301299269828,1,0.9969332087847179,1,0.9923094728412564,1,1.0,1,0.9921128807868448,1,0.9990434050559998,1,0.9999819569176489
03-01-06-01-01-02-24.wav,24,female,fearful,1,1,1.0,1,0.9950986812393693,1,0.9999889777164904,1,0.9970192955873063,1,1.0,1,0.9954526814903395,1,0.9984616041183472,1,0.9999848291849406
03-01-06-01-02-01-24.wav,24,female,fearful,1,1,1.0,1,0.9963995484050823,1,0.9999933001363149,1,0.9964331731572058,1,1.0,1,0.9960658515272024,1,0.9998828172683716,1,0.9999910259967882
03-01-06-01-02-02-24.wav,24,female,fearful,1,1,1.0,1,0.9938352217445768,1,0.999985960465861,1,0.9999813217587701,1,1.0,1,0.994829249625501,1,0.9999167919158936,1,0.9999911841533777
03-01-06-02-01-01-24.wav,24,female,fearful,1,0,0.0,1,0.999998925349276,1,0.9999999999997251,1,0.9969275410328479,1,1.0,1,0.995985450404179,1,0.999288022518158,1,0.9999883035960895
03-01-06-02-01-02-24.wav,24,female,fearful,1,1,1.0,1,0.9998694021983804,1,0.9999999789740496,1,0.996841048325967,1,1.0,1,0.9854875053196432,1,0.9980506896972656,1,0.9999808970665535
03-01-06-02-02-01-24.wav,24,female,fearful,1,1,1.0,1,0.9999990239020178,1,0.9999999999998277,1,0.9949541905961099,1,1.0,1,0.9947725912855583,1,0.9995228052139282,1,0.9999881832938143
03-01-06-02-02-02-24.wav,24,female,fearful,1,1,1.0,1,0.9999997137728311,1,0.9999999999999637,1,0.9963171803154754,1,1.0,1,0.9967545523407401,1,0.9997857213020325,1,0.9999910259967882
03-01-07-01-01-01-24.wav,24,female,disgust,1,1,1.0,1,0.9519401652476083,1,0.9839928630752561,1,0.9610971729978343,1,0.95,1,0.9972352930876256,1,0.9998550415039062,1,0.9999877944880151
03-01-07-01-01-02-24.wav,24,female,disgust,1,1,1.0,1,0.9681629659365311,1,0.9814213933647559,1,0.9942233148585632,1,0.99,1,0.9925774332504332,1,0.9992620348930359,1,0.9999835432695783
03-01-07-01-02-01-24.wav,24,female,disgust,1,1,1.0,1,0.9593961057381613,1,0.9886523991400115,1,0.9956394566690061,1,0.98,1,0.9631122848845877,1,0.994699239730835,1,0.9998856611823929
03-01-07-01-02-02-24.wav,24,female,disgust,1,1,1.0,1,0.960265329517806,1,0.994034515829293,1,0.950245344236446,1,0.98,1,0.9973445870657016,1,0.9998470544815063,1,0.9999819966246508
03-01-07-02-01-01-24.wav,24,female,disgust,1,1,1.0,1,0.9068367921784254,1,0.9590156139494208,1,0.9795345845396914,1,0.97,1,0.9915744707250099,1,0.9987635612487793,1,0.9999875607147133
03-01-07-02-01-02-24.wav,24,female,disgust,1,1,1.0,1,0.997411467678299,1,0.9999960755220162,1,0.9924449117966754,1,1.0,1,0.9971522427122455,1,0.9993032217025757,1,0.999991461189984
03-01-07-02-02-01-24.wav,24,female,disgust,1,1,1.0,1,0.9963295475338693,1,0.9999952016035911,1,0.9963672318847238,1,1.0,1,0.9959583018728586,1,0.9993276596069336,1,0.9999902478293227
03-01-07-02-02-02-24.wav,24,female,disgust,1,1,1.0,1,0.9895504001647439,1,0.9951823164347441,1,0.996533892763733,1,1.0,1,0.9944826323570006,1,0.9984318614006042,1,0.9999801760626181
03-01-08-01-01-01-24.wav,24,female,surprised,1,0,0.0,1,0.9330108394758821,1,0.980390539546027,1,0.9813678709102358,1,0.97,1,0.9743037861359818,1,0.9985092282295227,1,0.9999550900626408
03-01-08-01-01-02-24.wav,24,female,surprised,1,1,1.0,1,0.9844252481264373,1,0.9957239191989085,1,0.9968346263317102,1,1.0,1,0.9967641228841285,1,0.9997045397758484,1,0.999971821257708
03-01-08-01-02-01-24.wav,24,female,surprised,1,1,1.0,1,0.9792441830397155,1,0.9950091972871289,1,0.9973680392964333,1,1.0,1,0.9978445478064691,1,0.9998810291290283,1,0.9999907272850971
03-01-08-01-02-02-24.wav,24,female,surprised,1,1,1.0,1,0.9877471070173011,1,0.9967089497478363,1,0.9908609139528245,1,1.0,1,0.9886350362559704,1,0.9990758895874023,1,0.9999826881821723
03-01-08-02-01-01-24.wav,24,female,surprised,1,1,1.0,1,0.9939014894942937,1,0.9999969192506419,1,0.9918063273955541,1,1.0,1,0.9965491733306008,1,0.998278021812439,1,0.9999844985037724
03-01-08-02-01-02-24.wav,24,female,surprised,1,1,1.0,1,0.9871413457142557,1,0.9999821748002953,1,0.9915051128255966,1,0.99,1,0.996781903703491,1,0.9982737302780151,1,0.999981997646507
03-01-08-02-02-01-24.wav,24,female,surprised,1,1,1.0,1,0.9991481981707889,1,0.9999999140850568,1,0.999982279135655,1,1.0,1,0.9949397414496455,1,0.9991095662117004,1,0.9999729212534603
03-01-08-02-02-02-24.wav,24,female,surprised,1,1,1.0,1,0.999493479492834,1,0.9999999850441859,1,0.9999917542170854,1,1.0,1,0.9963053297999591,1,0.999006450176239,1,0.9999825587285575
03-01-01-01-01-01-01.wav,1,male,neutral,0,1,1.0,0,0.4553243712866318,0,0.7858004065454107,1,0.9749764591414867,1,0.98,1,0.9542351183601011,1,0.9958301186561584,1,0.9991705380307712
03-01-01-01-01-02-01.wav,1,male,neutral,0,1,1.0,0,0.4739080414896425,0,0.7194111413803038,0,0.7886965762642487,0,0.4,1,0.537593399449598,0,0.04265478625893593,0,0.14938316217927192
03-01-01-01-02-01-01.wav,1,male,neutral,0,1,1.0,0,0.33865831595133766,0,0.653078835499039,0,0.7391698211209634,1,0.79,1,0.903598765246943,1,0.9531185626983643,1,0.9992037098567865
03-01-01-01-02-02-01.wav,1,male,neutral,0,1,1.0,0,0.3777109373963987,0,0.6717071117387383,0,0.808508657651865,1,0.81,1,0.8997721794220506,1,0.8252319097518921,1,0.9973776646750436
03-01-02-01-01-01-01.wav,1,male,calm,0,1,1.0,0,0.07061442913298882,0,0.38289057130151144,0,0.5445900447907532,0,0.19,0,0.035337895307662105,0,0.0057036783546209335,0,0.00038481356380566016
03-01-02-01-01-02-01.wav,1,male,calm,0,0,0.0,0,0.01331800542758733,0,0.08062882092864385,0,0.22233967663925958,0,0.01,0,0.02670474450155443,0,0.003749710973352194,0,0.0007263207821796841
03-01-02-01-02-01-01.wav,1,male,calm,0,1,1.0,0,0.033770483222118404,0,0.3038400796415577,0,0.25508057032090076,0,0.08,0,0.0242185037065059,0,0.0024841204285621643,0,0.0003012413711847537
03-01-02-01-02-02-01.wav,1,male,calm,0,1,1.0,0,0.0208936331349694,0,0.18252733080011047,0,0.22087328988274546,0,0.15,0,0.02510390610042751,0,0.006710044573992491,0,0.0002519140391934857
03-01-02-02-01-01-01.wav,1,male,calm,0,1,1.0,0,0.0236332493673634,0,0.18162490394656264,0,0.3154945622426042,0,0.08,0,0.17744357805264382,0,0.004950855392962694,0,0.0005477162673460781
03-01-02-02-01-02-01.wav,1,male,calm,0,1,1.0,0,0.042926051681468104,0,0.3287102014146568,0,0.41629403059916803,0,0.16,0,0.057356690054243646,0,0.007880176417529583,0,0.00033714570182355637
03-01-02-02-02-01-01.wav,1,male,calm,0,1,1.0,0,0.019417694116861468,0,0.15434371067596508,0,0.15762213479649442,0,0.05,0,0.02845664103068838,0,0.01732136309146881,0,0.00043293566495808844
03-01-02-02-02-02-01.wav,1,male,calm,0,1,1.0,0,0.02811532509848733,0,0.19952860942251163,0,0.135304682663055,0,0.01,0,0.027760189312687776,0,0.002174684777855873,0,0.00030987975389634324
03-01-03-01-01-01-01.wav,1,male,happy,1,1,1.0,1,0.7999756679276352,1,0.9292120370939865,1,0.9973348807113861,1,0.96,1,0.9861293383304416,1,0.9979836940765381,1,0.9999337864052945
03-01-03-01-01-02-01.wav,1,male,happy,1,0,0.0,1,0.9140807730304876,1,0.970865086486125,1,0.9966918636195814,1,0.93,1,0.9883435052500786,1,0.9978864789009094,1,0.9998979077856918
03-01-03-01-02-01-01.wav,1,male,happy,1,0,0.0,1,0.8017865593667945,1,0.9416304779825447,1,0.9838177020515703,1,0.89,1,0.9813631962861632,1,0.9974615573883057,1,0.9998094784898837
03-01-03-01-02-02-01.wav,1,male,happy,1,1,1.0,1,0.8437092973252065,1,0.955068988712078,1,0.978130328353621,1,0.98,1,0.9894977925408697,1,0.9994900226593018,1,0.9998994964991833
03-01-03-02-01-01-01.wav,1,male,happy,1,1,1.0,1,0.935038531907237,1,0.97228049204449,1,0.9999951363003904,1,1.0,1,0.9946316998182375,1,0.9989173412322998,1,0.9999551407365519
03-01-03-02-01-02-01.wav,1,male,happy,1,1,1.0,1,0.9412260987568183,1,0.9749224979231037,1,0.9917644460831793,1,1.0,1,0.9953449627409618,1,0.9997642636299133,1,0.9999853727497795
03-01-03-02-02-01-01.wav,1,male,happy,1,1,1.0,1,0.9792884613876743,1,0.9933941928702413,1,0.9999905838042221,1,0.99,1,0.9929366994993345,1,0.9990642666816711,1,0.9999751870116047
03-01-03-02-02-02-01.wav,1,male,happy,1,1,1.0,1,0.9749216018763429,1,0.9941850339750022,1,0.9999987122053762,1,1.0,1,0.995984220572115,1,0.9998753070831299,1,0.9999854241501089
03-01-04-01-01-01-01.wav,1,male,sad,1,1,1.0,0,0.07018450846155039,0,0.2940198393561984,0,0.3556827318075691,0,0.47,0,0.39423638325345894,0,0.08395954966545105,0,0.001322257934942642
03-01-04-01-01-02-01.wav,1,male,sad,1,1,1.0,0,0.467838991725267,0,0.7275432860839054,0,0.7406455996613237,1,0.59,1,0.7152605556717642,0,0.44510579109191895,0,0.008004977822905034
03-01-04-01-02-01-01.wav,1,male,sad,1,1,1.0,0,0.14375471000611661,0,0.4933453940935388,0,0.45932901465738,0,0.39,0,0.43245642079920643,0,0.05565813556313515,0,0.009928283127027974
03-01-04-01-02-02-01.wav,1,male,sad,1,1,1.0,1,0.8153212617834666,1,0.9461525986430152,1,0.9897790995110295,1,0.89,1,0.9415553893112232,1,0.971564769744873,1,0.9997596727221746
03-01-04-02-01-01-01.wav,1,male,sad,1,0,0.0,1,0.5937359898487857,1,0.8476178395729645,1,0.9470695668220017,1,0.63,1,0.8809656754435307,1,0.8299091458320618,1,0.7042601227498778
03-01-04-02-01-02-01.wav,1,male,sad,1,1,1.0,1,0.6612810571599145,1,0.8231269858705903,0,0.5208797726975702,1,0.74,1,0.8940985433622614,0,0.18468262255191803,0,0.10841781183211074
03-01-04-02-02-01-01.wav,1,male,sad,1,1,1.0,1,0.9422749722907116,1,0.9817251167779727,1,0.992793994156322,1,1.0,1,0.9912644204543498,1,0.9996490478515625,1,0.9999858536024643
03-01-04-02-02-02-01.wav,1,male,sad,1,1,1.0,1,0.9304372882670132,1,0.9740313167136636,1,0.9999953575804641,1,1.0,1,0.992044712359618,1,0.9999003410339355,1,0.9999782056981171
03-01-05-01-01-01-01.wav,1,male,angry,1,1,1.0,1,0.9955974939273249,1,0.9999932078321092,1,0.9999948736617342,1,1.0,1,0.9964306897186314,1,0.999285876750946,1,0.9999689558563777
03-01-05-01-01-02-01.wav,1,male,angry,1,1,1.0,1,0.9950740464073522,1,0.9999941481510151,1,0.9999932235076449,1,1.0,1,0.9964306897186314,1,0.9994542002677917,1,0.9999740605571916
03-01-05-01-02-01-01.wav,1,male,angry,1,1,1.0,1,0.9388650882314593,1,0.9804722090008821,1,0.9999882290284571,1,0.97,1,0.9925160714118639,1,0.9987426400184631,1,0.999933368112319
03-01-05-01-02-02-01.wav,1,male,angry,1,1,1.0,1,0.9918614184343942,1,0.9999898451716693,1,0.9999954918016476,1,1.0,1,0.9963305000963328,1,0.9996877908706665,1,0.9999766813876492
03-01-05-02-01-01-01.wav,1,male,angry,1,1,1.0,1,0.9999999993447874,1,0.9999999999999699,1,0.999998777486098,1,1.0,1,0.9975606793739511,1,0.9995138645172119,1,0.9999897219223357
03-01-05-02-01-02-01.wav,1,male,angry,1,1,1.0,1,0.9999992107662194,1,0.9999999999998956,1,0.9999999504152196,1,1.0,1,0.9969640108466461,1,0.9998694658279419,1,0.9999897167098035
03-01-05-02-02-01-01.wav,1,male,angry,1,1,1.0,1,0.9999998257015821,1,0.9999999999999699,1,0.9999995646712156,1,1.0,1,0.9962010692308221,1,0.9994387030601501,1,0.9999706671750891
03-01-05-02-02-02-01.wav,1,male,angry,1,1,1.0,1,0.9999999999999998,1,0.9999999999999699,1,0.9957730806592183,1,1.0,1,0.9968628155399859,1,0.999762237071991,1,0.9999914469878117
03-01-06-01-01-01-01.wav,1,male,fearful,1,0,0.0,1,0.9093400889380973,1,0.96247796647372,1,0.994764818223675,1,0.96,1,0.9684442665939398,1,0.9958492517471313,1,0.9993477822472827
03-01-06-01-01-02-01.wav,1,male,fearful,1,1,1.0,1,0.7453339323464683,1,0.9248741359058564,1,0.990857422265403,1,0.93,1,0.94528341820317,1,0.9721845388412476,1,0.9986423051626238
03-01-06-01-02-01-01.wav,1,male,fearful,1,1,1.0,1,0.8584270674822022,1,0.9670328042677183,1,0.9999967766957345,1,0.92,1,0.9455611763938695,1,0.7530660629272461,1,0.8625625425762522
03-01-06-01-02-02-01.wav,1,male,fearful,1,1,1.0,1,0.8827149729938712,1,0.9704340849982684,1,0.9999995300732112,1,0.97,1,0.9890330196427592,1,0.9998049139976501,1,0.9999534407208293
03-01-06-02-01-01-01.wav,1,male,fearful,1,1,1.0,1,0.9999979833003966,1,0.9999999999980484,1,0.9999957988244106,1,1.0,1,0.9967623380351255,1,0.999874472618103,1,0.9999895362278207
03-01-06-02-01-02-01.wav,1,male,fearful,1,1,1.0,1,0.9999740620975206,1,0.999999999640118,1,0.999999975283944,1,1.0,1,0.9962622042464166,1,0.9993374943733215,1,0.9999832348243245
03-01-06-02-02-01-01.wav,1,male,fearful,1,1,1.0,1,0.9999997757904181,1,0.9999999999999699,1,0.9999999955791118,1,1.0,1,0.9966432620572608,1,0.9997872710227966,1,0.9999912777990022
03-01-06-02-02-02-01.wav,1,male,fearful,1,1,1.0,1,0.99997079299571,1,0.9999999997866701,1,0.9999999986854499,1,1.0,1,0.992017383865374,1,0.9998912811279297,1,0.9999858749150998
03-01-07-01-01-01-01.wav,1,male,disgust,1,1,1.0,1,0.9968767077977857,1,0.9843418854511308,1,0.9946796603615896,1,0.99,1,0.9951235793473706,1,0.9998037219047546,1,0.9999859074067492
03-01-07-01-01-02-01.wav,1,male,disgust,1,1,1.0,1,0.9585567758908247,1,0.9824650941622196,1,0.9950612224732177,1,0.98,1,0.9952037598993178,1,0.9999194145202637,1,0.9999848835765438
03-01-07-01-02-01-01.wav,1,male,disgust,1,1,1.0,1,0.9507005395023407,1,0.9875874476045521,1,0.999995525165839,1,0.95,1,0.9744524615516367,1,0.9957263469696045,1,0.9972233135947853
03-01-07-01-02-02-01.wav,1,male,disgust,1,1,1.0,1,0.9979193262298918,1,0.9941608407418941,1,0.9949019254233613,1,0.94,1,0.9091565835453164,1,0.9953387975692749,1,0.9938390700810104
03-01-07-02-01-01-01.wav,1,male,disgust,1,1,1.0,1,0.9998609563270019,1,0.9999999932246807,1,0.9999999882154725,1,1.0,1,0.9982697244228868,1,0.9999052286148071,1,0.9999852954193442
03-01-07-02-01-02-01.wav,1,male,disgust,1,1,1.0,1,0.9995659548167015,1,0.99999986078618,1,0.9999999090604311,1,1.0,1,0.9980580398788202,1,0.9998817443847656,1,0.9999852430680458
03-01-07-02-02-01-01.wav,1,male,disgust,1,1,1.0,1,0.9989614965039805,1,0.9999994572013395,1,0.9999998312221685,1,1.0,1,0.9914244232528739,1,0.9997571110725403,1,0.9999858390909261
03-01-07-02-02-02-01.wav,1,male,disgust,1,0,0.0,1,0.9992552802432901,1,0.9999997936031434,1,0.9999999881714873,1,1.0,1,0.9971823991663018,1,0.9998537302017212,1,0.9999818465161591
03-01-08-01-01-01-01.wav,1,male,surprised,1,1,1.0,1,0.7906887410694734,1,0.8984630792866144,1,0.9588569883858103,1,0.91,1,0.9678430954665532,1,0.9938464760780334,1,0.9998723170331975
03-01-08-01-01-02-01.wav,1,male,surprised,1,1,1.0,1,0.7434800285277736,1,0.894600266362808,1,0.989572670581847,1,0.84,1,0.9865907873382211,1,0.9984583854675293,1,0.9996852169433388
03-01-08-01-02-01-01.wav,1,male,surprised,1,1,1.0,1,0.8805725257703999,1,0.971667923150727,1,0.9999988388562198,1,0.91,1,0.9905984429213684,1,0.9993727803230286,1,0.9998693024803967
03-01-08-01-02-02-01.wav,1,male,surprised,1,1,1.0,1,0.8100989805032417,1,0.9256502741180322,1,0.9953186888815633,1,0.96,1,0.9852339405920819,1,0.9998210072517395,1,0.9999549603706371
03-01-08-02-01-01-01.wav,1,male,surprised,1,1,1.0,1,0.9626591114019334,1,0.986892390995636,1,0.9999998459812028,1,1.0,1,0.994053926244056,1,0.9995076656341553,1,0.9999850973838915
03-01-08-02-01-02-01.wav,1,male,surprised,1,1,1.0,1,0.97144351544469,1,0.9798657741374361,1,0.9731215678237344,1,0.97,1,0.9681280063590214,1,0.9935926795005798,1,0.9998278598373075
03-01-08-02-02-01-01.wav,1,male,surprised,1,0,0.0,1,0.958574110200152,1,0.9895621457848709,1,0.9999999877100684,1,0.98,1,0.9928796878301535,1,0.9998443126678467,1,0.9999650672504239
03-01-08-02-02-02-01.wav,1,male,surprised,1,1,1.0,1,0.9560102092653253,1,0.9837174159409741,1,0.9999994621478038,1,0.99,1,0.99236366707455,1,0.9995014667510986,1,0.9999468959153056
03-01-01-01-01-01-02.wav,2,female,neutral,0,1,1.0,1,0.6722810177519036,1,0.8465683013377019,0,0.7885857880467452,1,0.93,1,0.8982995044317754,1,0.911987841129303,1,0.8981794790620763
03-01-01-01-01-02-02.wav,2,female,neutral,0,1,1.0,1,0.6930824273902171,1,0.864241461795298,0,0.8000456640863859,1,0.96,1,0.9304367662485606,1,0.9758598208427429,1,0.9952561266739478
03-01-01-01-02-01-02.wav,2,female,neutral,0,1,1.0,1,0.7159583318643268,1,0.877538034685653,0,0.8116521798951553,1,0.87,1,0.8735994415799826,1,0.6776363253593445,0,0.31221459040568234
03-01-01-01-02-02-02.wav,2,female,neutral,0,1,1.0,1,0.654790081271348,1,0.8534788765172661,0,0.7148974757656487,1,0.83,1,0.8642691275217607,1,0.8595271110534668,1,0.8417455746311394
03-01-02-01-01-01-02.wav,2,female,calm,0,1,1.0,0,0.05242192283518062,0,0.25179426041055736,0,0.05184492366494679,0,0.2,0,0.06365160774710851,0,0.00602877140045166,0,0.0001763412581852486
03-01-02-01-01-02-02.wav,2,female,calm,0,0,0.0,0,0.012274477818252085,0,0.05747221865162524,0,0.2717746995315147,0,0.19,0,0.032606819633868425,0,0.001312456326559186,0,0.0002544942630271542
03-01-02-01-02-01-02.wav,2,female,calm,0,1,1.0,0,0.05282135222419976,0,0.3203176275151791,0,0.10591148168192625,0,0.07,0,0.036249146707364836,0,0.0007777272257953882,0,4.563134783660996e-05
03-01-02-01-02-02-02.wav,2,female,calm,0,1,1.0,0,0.02340691558121954,0,0.15794466578421984,0,0.11939779644004313,0,0.17,0,0.040466290138045306,0,0.0008100129198282957,0,0.00022365533980239346
03-01-02-02-01-01-02.wav,2,female,calm,0,1,1.0,0,0.0356668853035393,0,0.15937309768686686,0,0.07142643814028009,0,0.09,0,0.030254099790108027,0,0.0005104175070300698,0,0.00014633040591158298
03-01-02-02-01-02-02.wav,2,female,calm,0,1,1.0,0,0.02474358882415079,0,0.11020826289816425,0,0.08645483238075495,0,0.1,0,0.030254099790108027,0,0.00027753677568398416,0,7.979014093934724e-05
03-01-02-02-02-01-02.wav,2,female,calm,0,1,1.0,0,0.04244891633511573,0,0.2697161415872106,0,0.26574447602811985,0,0.09,0,0.026402772410408684,0,0.0005119032575748861,0,0.00010628351990271231
03-01-02-02-02-02-02.wav,2,female,calm,0,1,1.0,0,0.04838836703761587,0,0.3108000008227006,0,0.05691975922310462,0,0.17,0,0.030437570392811086,0,0.0005939608672633767,0,7.541073025290105e-05
03-01-03-01-01-01-02.wav,2,female,happy,1,1,1.0,1,0.8305638593580148,1,0.9184685553339504,1,0.9465502683739716,1,0.99,1,0.995087187008326,1,0.9996912479400635,1,0.9999647717484341
03-01-03-01-01-02-02.wav,2,female,happy,1,0,0.0,1,0.808222548372925,1,0.916868888115726,1,0.9279082522498723,1,1.0,1,0.9831446718112247,1,0.9987138509750366,1,0.9996424561716639
03-01-03-01-02-01-02.wav,2,female,happy,1,0,0.0,1,0.8110766602330686,1,0.9178355475262924,1,0.9217051650192466,1,0.96,1,0.9800033571091034,1,0.9991507530212402,1,0.9986522735110159
03-01-03-01-02-02-02.wav,2,female,happy,1,1,1.0,1,0.8842290021471202,1,0.9477632327576978,1,0.9206040590036674,1,0.98,1,0.9878175204445829,1,0.9997774958610535,1,0.9994212211201975
03-01-03-02-01-01-02.wav,2,female,happy,1,1,1.0,1,0.9993103367437016,1,0.9999998000276469,1,0.9999981928396835,1,1.0,1,0.9953237350953638,1,0.9998346567153931,1,0.9999907129040646
03-01-03-02-01-02-02.wav,2,female,happy,1,1,1.0,1,0.9997920249810722,1,0.9999999904179006,1,0.9999998217820341,1,1.0,1,0.9965353565456629,1,0.9999082088470459,1,0.9999906201289656
03-01-03-02-02-01-02.wav,2,female,happy,1,1,1.0,1,0.987987984131575,1,0.9957708571384397,1,0.9999912257689179,1,1.0,1,0.985885304007443,1,0.9991334080696106,1,0.9999055214698912
03-01-03-02-02-02-02.wav,2,female,happy,1,1,1.0,1,0.9929226928269748,1,0.9999847100268191,1,0.9999879472571681,1,1.0,1,0.9933905659280878,1,0.9998998641967773,1,0.999979378559812
03-01-04-01-01-01-02.wav,2,female,sad,1,1,1.0,0,0.048573262672319414,0,0.21069967712090742,0,0.050351422039651636,0,0.49,0,0.37871192095205075,0,0.01688533090054989,0,0.011106112359664928
03-01-04-01-01-02-02.wav,2,female,sad,1,1,1.0,0,0.20304799436178494,0,0.5092450263585553,0,0.17602065035341666,1,0.87,1,0.8963080813357599,1,0.9295855760574341,1,0.908068806405537
03-01-04-01-02-01-02.wav,2,female,sad,1,1,1.0,0,0.005356669380834207,0,0.038161432151407916,0,0.16185787097159857,1,0.54,1,0.6344184241564786,0,0.32274580001831055,1,0.8142226558880525
03-01-04-01-02-02-02.wav,2,female,sad,1,1,1.0,0,0.010108743362953093,0,0.07593796002730362,0,0.2430095145898771,0,0.17,0,0.03496888855680918,0,0.0894048660993576,0,0.005497753716814992
03-01-04-02-01-01-02.wav,2,female,sad,1,0,0.0,0,0.40967171396823954,0,0.626660931071778,0,0.5515646561699605,1,0.91,1,0.9655016264906612,1,0.9982990622520447,1,0.9993742442927843
03-01-04-02-01-02-02.wav,2,female,sad,1,1,1.0,0,0.39979185066217804,0,0.7244961983245994,0,0.6090041099618255,1,0.82,1,0.9249167847527621,1,0.975816011428833,1,0.9910416771033564
03-01-04-02-02-01-02.wav,2,female,sad,1,1,1.0,0,0.4608586685585275,0,0.7409124489195564,0,0.613164174628658,1,0.89,1,0.9510464462850142,1,0.9923298954963684,1,0.9962694894153368
03-01-04-02-02-02-02.wav,2,female,sad,1,1,1.0,0,0.19777240506014157,0,0.4255164805942841,0,0.7195828444077726,1,0.87,1,0.9516979979003142,1,0.9917773008346558,1,0.9997579059456565
03-01-05-01-01-01-02.wav,2,female,angry,1,1,1.0,1,0.864153151943492,1,0.9377227053245348,1,0.9940356948283204,1,1.0,1,0.9902235305726188,1,0.9995394945144653,1,0.9999886532820554
03-01-05-01-01-02-02.wav,2,female,angry,1,1,1.0,1,0.93712635006456,1,0.9753403564906772,1,0.9999813802118349,1,1.0,1,0.9939308884029219,1,0.9997900128364563,1,0.9999883868572169
03-01-05-01-02-01-02.wav,2,female,angry,1,1,1.0,1,0.9353550602421395,1,0.9801918007078791,1,0.99678918565585,1,1.0,1,0.9946523684146514,1,0.9993466734886169,1,0.999970294349759
03-01-05-01-02-02-02.wav,2,female,angry,1,1,1.0,1,0.9427922084622222,1,0.9761445855737458,1,0.9953274327966468,1,1.0,1,0.9927847374613025,1,0.9997356534004211,1,0.9999598694098905
03-01-05-02-01-01-02.wav,2,female,angry,1,1,1.0,1,0.9999466169560555,1,0.9999999992259091,1,0.9999996424685392,1,1.0,1,0.9961846962390893,1,0.9995404481887817,1,0.9999846534430993
03-01-05-02-01-02-02.wav,2,female,angry,1,1,1.0,1,0.9991643133489413,1,0.9999996831092127,1,0.9999993546863694,1,1.0,1,0.996147190978106,1,0.9995404481887817,1,0.9999846534430993
03-01-05-02-02-01-02.wav,2,female,angry,1,1,1.0,1,0.9999999965556827,1,0.9999999999999699,1,0.9999987921291607,1,1.0,1,0.9958749363171788,1,0.999687910079956,1,0.9999907018401644
03-01-05-02-02-02-02.wav,2,female,angry,1,1,1.0,1,0.9999998559655324,1,0.9999999999999699,1,0.9999996468727764,1,1.0,1,0.9958681980370689,1,0.9995505213737488,1,0.9999907018401644
03-01-06-01-01-01-02.wav,2,female,fearful,1,0,0.0,1,0.9095372252591918,1,0.962511349186242,1,0.9936896007148817,1,0.99,1,0.9915430143306829,1,0.9997326731681824,1,0.9999623572456986
03-01-06-01-01-02-02.wav,2,female,fearful,1,1,1.0,1,0.9092596486743045,1,0.9570930590921556,1,0.9920047374650411,1,1.0,1,0.9939605451286888,1,0.9997498393058777,1,0.9999864474397699
03-01-06-01-02-01-02.wav,2,female,fearful,1,1,1.0,1,0.9217322468742285,1,0.9668874517011883,1,0.99999697964553,1,1.0,1,0.9948012415126605,1,0.9998083710670471,1,0.9999891389835376
03-01-06-01-02-02-02.wav,2,female,fearful,1,1,1.0,1,0.9209059035393534,1,0.9736667647812419,1,0.9999989001217422,1,1.0,1,0.9917119183707704,1,0.9997109770774841,1,0.9999826440304665
03-01-06-02-01-01-02.wav,2,female,fearful,1,1,1.0,1,0.9900636681848553,1,0.9952471888285561,1,0.9999972471594141,1,1.0,1,0.9910668688170472,1,0.9998835325241089,1,0.9999878154264292
03-01-06-02-01-02-02.wav,2,female,fearful,1,1,1.0,1,0.997558815614321,1,0.9999974409412603,1,0.9999988517013887,1,1.0,1,0.9939605451286888,1,0.9998321533203125,1,0.9999882887138949
03-01-06-02-02-01-02.wav,2,female,fearful,1,1,1.0,1,0.9989446222919526,1,0.9999995826190555,1,0.9999999286994725,1,0.99,1,0.9955684536413952,1,0.9999102354049683,1,0.9999893841474069
03-01-06-02-02-02-02.wav,2,female,fearful,1,1,1.0,1,0.9943753924817893,1,0.9972056946294122,1,0.9999990221373097,1,1.0,1,0.9928445358637892,1,0.9997907280921936,1,0.9999883000243094
03-01-07-01-01-01-02.wav,2,female,disgust,1,1,1.0,1,0.84868846382371,1,0.9298895702746673,1,0.9904120032556342,1,0.97,1,0.9896509479985155,1,0.998748779296875,1,0.9999748272949568
03-01-07-01-01-02-02.wav,2,female,disgust,1,1,1.0,1,0.7544544413263965,1,0.8774799171713115,1,0.9625025653598454,1,0.97,1,0.9704734104468281,1,0.9994378685951233,1,0.9998877755871144
03-01-07-01-02-01-02.wav,2,female,disgust,1,1,1.0,1,0.8969146026425763,1,0.9665506844947253,1,0.9943072493982082,1,0.98,1,0.9807418251145612,1,0.9993624091148376,1,0.9998945340942232
03-01-07-01-02-02-02.wav,2,female,disgust,1,1,1.0,1,0.8593334115851089,1,0.9490651407543471,1,0.9892181693378793,1,0.97,1,0.9571786556663374,1,0.9985415935516357,1,0.9998103508120265
03-01-07-02-01-01-02.wav,2,female,disgust,1,1,1.0,1,0.9819214895586235,1,0.9930846323145507,1,0.9999995678298422,1,1.0,1,0.9963018641150212,1,0.9999123811721802,1,0.9999723369845257
03-01-07-02-01-02-02.wav,2,female,disgust,1,1,1.0,1,0.9821876395704624,1,0.9906256155160564,1,0.9999973338320123,1,1.0,1,0.9965425957702319,1,0.9998995065689087,1,0.9999835476045665
03-01-07-02-02-01-02.wav,2,female,disgust,1,1,1.0,1,0.9882772756216822,1,0.9958938377916794,1,0.9999993398254198,1,1.0,1,0.9965982730499243,1,0.9999305009841919,1,0.9999824555597753
03-01-07-02-02-02-02.wav,2,female,disgust,1,0,0.0,1,0.9893799834697546,1,0.9961975122363004,1,0.9999997114307934,1,1.0,1,0.9969684410533359,1,0.9999605417251587,1,0.9999914024817818
03-01-08-01-01-01-02.wav,2,female,surprised,1,1,1.0,1,0.9932174461849692,1,0.999990048480065,1,0.9999996722307845,1,1.0,1,0.9963273476013594,1,0.9997275471687317,1,0.999977896423697
03-01-08-01-01-02-02.wav,2,female,surprised,1,1,1.0,1,0.9838735094463755,1,0.9956222025063978,1,0.9999988069284836,1,1.0,1,0.9963316796989734,1,0.9997531771659851,1,0.9999743057888828
03-01-08-01-02-01-02.wav,2,female,surprised,1,1,1.0,1,0.9831859081857544,1,0.9953282497657775,1,0.9999962923551988,1,1.0,1,0.9967312629744322,1,0.9996811151504517,1,0.9999702754660128
03-01-08-01-02-02-02.wav,2,female,surprised,1,1,1.0,1,0.9956500225968459,1,0.9999976246415617,1,0.9972588336650922,1,0.99,1,0.9967925908226474,1,0.9997538924217224,1,0.9999794364177953
03-01-08-02-01-01-02.wav,2,female,surprised,1,1,1.0,1,0.9985320038596319,1,0.9999996384076828,1,0.9999968238980468,1,0.99,1,0.9967269002558595,1,0.9998971223831177,1,0.9999818348075076
03-01-08-02-01-02-02.wav,2,female,surprised,1,1,1.0,1,0.9981002943619762,1,0.9999991959165834,1,0.9999972355731404,1,0.99,1,0.9967269002558595,1,0.9998385906219482,1,0.9999818348075076
03-01-08-02-02-01-02.wav,2,female,surprised,1,0,0.0,1,0.9975139329084157,1,0.9999990105932707,1,0.9999831741713122,1,1.0,1,0.9971416742648281,1,0.9998674392700195,1,0.999981686048932
03-01-08-02-02-02-02.wav,2,female,surprised,1,1,1.0,1,0.9983940836987076,1,0.9999993201176626,1,0.999995622586146,1,0.94,1,0.996156539278726,1,0.9998612403869629,1,0.999981686048932
03-01-01-01-01-01-03.wav,3,male,neutral,0,1,1.0,1,0.875109116180442,1,0.9492095473145243,1,0.9951384698188638,1,0.96,1,0.9713108704798188,1,0.9972711205482483,1,0.9997806402611221
03-01-01-01-01-02-03.wav,3,male,neutral,0,1,1.0,1,0.7285351281984469,1,0.8709354901188383,1,0.9454394159060246,1,0.87,1,0.9462091351773788,1,0.9186110496520996,1,0.9983967902443232
03-01-01-01-02-01-03.wav,3,male,neutral,0,1,1.0,1,0.9652622510344688,1,0.9911790632111743,1,0.9855026451421012,1,0.88,1,0.8602833498310968,1,0.5336096286773682,0,0.40557425583016893
03-01-01-01-02-02-03.wav,3,male,neutral,0,1,1.0,1,0.8513081094021132,1,0.9410681578331562,1,0.9973577331831553,1,0.91,1,0.9826623903838969,1,0.9980777502059937,1,0.998524580944459
03-01-02-01-01-01-03.wav,3,male,calm,0,1,1.0,0,0.13716355984269046,0,0.4886323297098885,0,0.22596537538935213,0,0.17,0,0.030020729713727594,0,0.00058560079196468,0,4.4816926512178535e-05
03-01-02-01-01-02-03.wav,3,male,calm,0,0,0.0,0,0.16100237364029796,0,0.5764746313212703,0,0.34731183266563836,0,0.1,0,0.032146276614796965,0,0.0026669732760638,0,0.0001878989846769683
03-01-02-01-02-01-03.wav,3,male,calm,0,1,1.0,0,0.057829558156472866,0,0.39069116817676336,0,0.20411195301425494,0,0.12,0,0.03377208016586657,0,0.0016111579025164247,0,7.570008894780619e-05
03-01-02-01-02-02-03.wav,3,male,calm,0,1,1.0,0,0.3447437368323745,1,0.8400032150368233,0,0.5899017673267207,0,0.19,0,0.03198216908973018,0,0.004080813378095627,0,0.0013028740217562043
03-01-02-02-01-01-03.wav,3,male,calm,0,1,1.0,0,0.23820824511472496,0,0.6902051016182126,0,0.38450698088170265,0,0.16,0,0.035109605199582686,0,0.008072416298091412,0,0.0001668879568609755
03-01-02-02-01-02-03.wav,3,male,calm,0,1,1.0,0,0.32989467330137,1,0.8131722408120072,0,0.5722213937701868,0,0.2,0,0.033352106934837464,0,0.0027279569767415524,0,0.001090569703020186
03-01-02-02-02-01-03.wav,3,male,calm,0,1,1.0,0,0.1874207999348925,0,0.6993209372755735,0,0.45189617191107156,0,0.2,0,0.029161109428385273,0,0.009553766809403896,0,0.0016803203903200368
03-01-02-02-02-02-03.wav,3,male,calm,0,1,1.0,0,0.37827324310327953,1,0.8776883116017453,0,0.6461542552966504,0,0.18,0,0.031723183953083336,0,0.007882394827902317,0,0.0002516292376445646
03-01-03-01-01-01-03.wav,3,male,happy,1,1,1.0,1,0.9698914415630011,1,0.9922231358070914,1,0.9999972708110758,1,1.0,1,0.9842378022432666,1,0.9995636343955994,1,0.999941649746356
03-01-03-01-01-02-03.wav,3,male,happy,1,0,0.0,1,0.9598049237348827,1,0.9873721486255836,1,0.9999982492628094,1,0.99,1,0.9825176964920369,1,0.9995317459106445,1,0.9999615669629061
03-01-03-01-02-01-03.wav,3,male,happy,1,0,0.0,1,0.9890838172446933,1,0.9965050527792635,1,0.9999996638688895,1,1.0,1,0.993115605695978,1,0.9999305009841919,1,0.9999824220853929
03-01-03-01-02-02-03.wav,3,male,happy,1,1,1.0,1,0.9288985844952209,1,0.9747968802398935,1,0.9999830085219348,1,0.98,1,0.9872473137098798,1,0.9996423721313477,1,0.999968546192091
03-01-03-02-01-01-03.wav,3,male,happy,1,1,1.0,1,0.9998968821695566,1,0.9999999994417823,1,0.9999999993397722,1,1.0,1,0.9966990876952103,1,0.999961256980896,1,0.9999888688418345
03-01-03-02-01-02-03.wav,3,male,happy,1,1,1.0,1,0.9999993970107007,1,0.9999999999999699,1,0.9999999989780902,1,1.0,1,0.996026869147721,1,0.999895453453064,1,0.9999826862428501
03-01-03-02-02-01-03.wav,3,male,happy,1,1,1.0,1,0.9999999929247836,1,0.9999999999999699,1,0.9999999904987339,1,1.0,1,0.9981261404315611,1,0.9998176693916321,1,0.999990972595745
03-01-03-02-02-02-03.wav,3,male,happy,1,1,1.0,1,0.9999070470442588,1,0.9999999993053583,1,0.9999999846069771,1,0.98,1,0.9919774690589623,1,0.9990741014480591,1,0.9999488552658536
03-01-04-01-01-01-03.wav,3,male,sad,1,1,1.0,0,0.28760712249137066,0,0.5478575954030311,0,0.6623370641540962,1,0.71,1,0.7777260946345607,1,0.8696701526641846,1,0.9280287929218298
03-01-04-01-01-02-03.wav,3,male,sad,1,1,1.0,0,0.012057318840436565,0,0.0596406604566415,0,0.09831362474017687,0,0.02,0,0.02950701153824819,0,0.0010714761447161436,0,0.00013310286171233957
03-01-04-01-02-01-03.wav,3,male,sad,1,1,1.0,0,0.016113010148368415,0,0.10795448849551748,0,0.18039232393215882,1,0.54,1,0.8628757168538944,1,0.826257586479187,1,0.6179404535019405
03-01-04-01-02-02-03.wav,3,male,sad,1,1,1.0,0,0.019504328338527208,0,0.1377866995737102,0,0.10064674763237626,0,0.37,0,0.4628878243250327,0,0.15292346477508545,0,0.0376935973987041
03-01-04-02-01-01-03.wav,3,male,sad,1,0,0.0,1,0.9902519545379801,1,0.9972236075431329,1,0.9973766118945894,1,0.99,1,0.9934647591851056,1,0.9982383251190186,1,0.9999771452379164
03-01-04-02-01-02-03.wav,3,male,sad,1,1,1.0,1,0.9997096518845379,1,0.9999999450744094,1,0.9999992970053404,1,1.0,1,0.9973481116545199,1,0.9998131394386292,1,0.9999869670883312
03-01-04-02-02-01-03.wav,3,male,sad,1,1,1.0,1,0.9996577986583292,1,0.9999999630341914,1,0.9999986877901546,1,0.99,1,0.9828984345727428,1,0.9998785257339478,1,0.9999833429925415
03-01-04-02-02-02-03.wav,3,male,sad,1,1,1.0,1,0.9909769350765556,1,0.9999827531868068,1,0.9999997726867353,1,0.99,1,0.9871121121343291,1,0.9996300935745239,1,0.999954643972107
03-01-05-01-01-01-03.wav,3,male,angry,1,1,1.0,1,0.9576640616104086,1,0.9802071430064581,1,0.9999984212720682,1,0.98,1,0.9747044405049881,1,0.9973224997520447,1,0.999907445281306
03-01-05-01-01-02-03.wav,3,male,angry,1,1,1.0,1,0.9908052642546237,1,0.9999860917432395,1,0.9999993713797619,1,1.0,1,0.995007223365004,1,0.9999470710754395,1,0.9999689017015351
03-01-05-01-02-01-03.wav,3,male,angry,1,1,1.0,1,0.969749970536131,1,0.9909616639666536,1,0.9999998865837582,1,1.0,1,0.9869624952606721,1,0.9999068975448608,1,0.9999874620077259
03-01-05-01-02-02-03.wav,3,male,angry,1,1,1.0,1,0.9882924303165566,1,0.9969928287590883,1,0.9999999823688195,1,1.0,1,0.9962286720259897,1,0.9999661445617676,1,0.9999906851965541
03-01-05-02-01-01-03.wav,3,male,angry,1,1,1.0,1,0.9999999996815792,1,0.9999999999999699,1,0.9999997617195644,1,1.0,1,0.9983977575729862,1,0.9999110698699951,1,0.9999908614868358
03-01-05-02-01-02-03.wav,3,male,angry,1,1,1.0,1,0.999999999655512,1,0.9999999999999699,1,0.9999997482967755,1,1.0,1,0.9982088583820922,1,0.9998931884765625,1,0.9999903823009969
03-01-05-02-02-01-03.wav,3,male,angry,1,1,1.0,1,0.9999999951702185,1,0.9999999999999699,1,0.9999999726511175,1,1.0,1,0.9976876103664625,1,0.9999681711196899,1,0.9999910757332177
03-01-05-02-02-02-03.wav,3,male,angry,1,1,1.0,1,0.999999999968407,1,0.9999999999999699,1,0.9999990703614564,1,1.0,1,0.9980273875831852,1,0.9998387098312378,1,0.9999908631133672
03-01-06-01-01-01-03.wav,3,male,fearful,1,0,0.0,1,0.9341073588972175,1,0.9779511799919954,1,0.9999914588424972,1,0.91,1,0.9663790988236339,1,0.9993959665298462,1,0.9992442893499871
03-01-06-01-01-02-03.wav,3,male,fearful,1,1,1.0,1,0.9629520123642783,1,0.9871665580989597,1,0.9999999392197719,1,1.0,1,0.9914384456410725,1,0.9998996257781982,1,0.9999910683645721
03-01-06-01-02-01-03.wav,3,male,fearful,1,1,1.0,1,0.9656877468392485,1,0.9837868086354856,1,0.9999999391049907,1,0.99,1,0.9925101665997388,1,0.9999442100524902,1,0.999990073808684
03-01-06-01-02-02-03.wav,3,male,fearful,1,1,1.0,1,0.9745595902533313,1,0.9829907376609941,1,0.9999996282390765,1,0.96,1,0.9961041790789767,1,0.9999179840087891,1,0.9999619060954882
03-01-06-02-01-01-03.wav,3,male,fearful,1,1,1.0,1,0.9999942464628152,1,0.9999999999933564,1,0.9999998773390172,1,1.0,1,0.9957899336736603,1,0.999984622001648,1,0.9999871274291958
03-01-06-02-01-02-03.wav,3,male,fearful,1,1,1.0,1,0.9999999900331972,1,0.9999999999999699,1,0.9999999933591875,1,1.0,1,0.9977448531004651,1,0.9999496936798096,1,0.9999908610042668
03-01-06-02-02-01-03.wav,3,male,fearful,1,1,1.0,1,0.9999763062911022,1,0.9999999999485418,1,0.9999999999744277,1,1.0,1,0.997975514683574,1,0.9999773502349854,1,0.9999902642866072
03-01-06-02-02-02-03.wav,3,male,fearful,1,1,1.0,1,0.9999984330973011,1,0.9999999999999377,1,0.999999997229027,1,1.0,1,0.9974601001435072,1,0.9998999834060669,1,0.9999884887228953
03-01-07-01-01-01-03.wav,3,male,disgust,1,1,1.0,1,0.9993467484458297,1,0.9999993832823639,1,0.9999999694587022,1,1.0,1,0.9959445082940434,1,0.9998793601989746,1,0.999956672931322
03-01-07-01-01-02-03.wav,3,male,disgust,1,1,1.0,1,0.9824254226797239,1,0.9912800295719078,1,0.9999999635555826,1,0.99,1,0.9973925613223915,1,0.9999827146530151,1,0.9999904702888021
03-01-07-01-02-01-03.wav,3,male,disgust,1,1,1.0,1,0.9997668179725414,1,0.9999869384251445,1,0.9968982896578715,1,1.0,1,0.9985078946341011,1,0.9999899864196777,1,0.9999900584742183
03-01-07-01-02-02-03.wav,3,male,disgust,1,1,1.0,1,0.9873404536113976,1,0.9947150306477249,1,0.9999999727850758,1,1.0,1,0.998839731932586,1,0.999968409538269,1,0.9999896563166086
03-01-07-02-01-01-03.wav,3,male,disgust,1,1,1.0,1,0.9973341267307405,1,0.9999967312949353,1,0.9999999977955973,1,1.0,1,0.9975021309835199,1,0.9999852180480957,1,0.9999907853950935
03-01-07-02-01-02-03.wav,3,male,disgust,1,1,1.0,1,0.9950418574249503,1,0.9999881321711184,1,0.9999999941287433,1,0.98,1,0.9986664801968541,1,0.999994158744812,1,0.9999861609161752
03-01-07-02-02-01-03.wav,3,male,disgust,1,1,1.0,1,0.9987248615002978,1,0.9999982864363243,1,0.9999999267218785,1,1.0,1,0.9984422778232787,1,0.9999637603759766,1,0.999986039317597
03-01-07-02-02-02-03.wav,3,male,disgust,1,0,0.0,1,0.9999403055252379,1,0.9999999989277552,1,0.9999999985227498,1,1.0,1,0.9975702905477795,1,0.9999507665634155,1,0.9999912929578617
03-01-08-01-01-01-03.wav,3,male,surprised,1,1,1.0,1,0.9227974152600762,1,0.9704803739600959,1,0.9999993493765091,1,0.99,1,0.9911320404229343,1,0.9998470544815063,1,0.9999876423770067
03-01-08-01-01-02-03.wav,3,male,surprised,1,1,1.0,1,0.9827429873255202,1,0.9940361316572974,1,0.999987384723815,1,1.0,1,0.9914857302829815,1,0.9996408224105835,1,0.9998394135162905
03-01-08-01-02-01-03.wav,3,male,surprised,1,1,1.0,1,0.9799724675966851,1,0.9935925643213824,1,0.9999999856092475,1,0.99,1,0.994186109286367,1,0.9999840259552002,1,0.99998998739256
03-01-08-01-02-02-03.wav,3,male,surprised,1,1,1.0,1,0.9939249949353652,1,0.999995864033537,1,0.9999892196188943,1,0.99,1,0.9929034067312204,1,0.9996813535690308,1,0.9999769788328386
03-01-08-02-01-01-03.wav,3,male,surprised,1,1,1.0,1,0.9991179458863515,1,0.99999991109191,1,0.9999999998883347,1,0.99,1,0.9943859128338439,1,0.999975323677063,1,0.9999899709166025
03-01-08-02-01-02-03.wav,3,male,surprised,1,1,1.0,1,0.9998377908156839,1,0.9999999979588793,1,0.9999999180900055,1,1.0,1,0.993922956097257,1,0.9995056390762329,1,0.9999864704311131
03-01-08-02-02-01-03.wav,3,male,surprised,1,0,0.0,1,0.9992457647447643,1,0.9999999181229466,1,0.9999999948200398,1,0.99,1,0.9918190551654955,1,0.9997795224189758,1,0.9999742504785964
03-01-08-02-02-02-03.wav,3,male,surprised,1,1,1.0,1,0.9987752697328823,1,0.999999704587232,1,0.9999999997491857,1,1.0,1,0.9898461282579065,1,0.9999266862869263,1,0.9999838254408037
03-01-01-01-01-01-04.wav,4,female,neutral,0,1,1.0,1,0.6482542927785896,1,0.8854533917691048,0,0.7874382191821728,1,0.58,1,0.5615457544515157,0,0.2545939087867737,0,0.027843470999012417
03-01-01-01-01-02-04.wav,4,female,neutral,0,1,1.0,1,0.5862549153908032,1,0.828557096234075,0,0.8064561584894542,1,0.55,0,0.45540293117824054,0,0.27201706171035767,0,0.013733897359346641
03-01-01-01-02-01-04.wav,4,female,neutral,0,1,1.0,1,0.6678414706471967,1,0.8841236168760848,1,0.936855280899457,1,0.64,1,0.8587890545423698,1,0.9527156352996826,1,0.9689772241199751
03-01-01-01-02-02-04.wav,4,female,neutral,0,1,1.0,1,0.6617448464581233,1,0.881382475102196,1,0.9182916817354985,1,0.76,1,0.5566975691411125,0,0.45985516905784607,0,0.4301441593237284
03-01-02-01-01-01-04.wav,4,female,calm,0,1,1.0,0,0.03852414387963098,0,0.1871363891101135,0,0.07455815863425752,0,0.2,0,0.018519918402114862,0,0.005021593067795038,0,0.0002797933866422065
03-01-02-01-01-02-04.wav,4,female,calm,0,0,0.0,0,0.025720155314570583,0,0.18998290944945623,0,0.25837023721994623,1,0.7,1,0.6958258118701758,0,0.2187897264957428,1,0.9737395383405203
03-01-02-01-02-01-04.wav,4,female,calm,0,1,1.0,0,0.025744012968302015,0,0.16599934815956707,0,0.2369765917323534,1,0.71,1,0.7700342553318019,0,0.37024885416030884,0,0.44368411810390573
03-01-02-01-02-02-04.wav,4,female,calm,0,1,1.0,0,0.025291108851465134,0,0.18623845304640727,0,0.19062923418557692,1,0.73,1,0.6243678708060092,0,0.03564731776714325,0,0.2862364340622693
03-01-02-02-01-01-04.wav,4,female,calm,0,1,1.0,0,0.04945780254552782,0,0.23566372053828658,0,0.1433046278757673,0,0.18,0,0.012943514485250026,0,0.0024880594573915005,0,0.0002510512299577702
03-01-02-02-01-02-04.wav,4,female,calm,0,1,1.0,0,0.020134341943092018,0,0.10675961570346414,0,0.1066694338017094,1,0.61,1,0.7876868786871505,0,0.23425932228565216,1,0.9630643077617863
03-01-02-02-02-01-04.wav,4,female,calm,0,1,1.0,0,0.030327492017755895,0,0.21438739023062778,0,0.17902022674666043,1,0.73,0,0.4305033091757431,0,0.10121550410985947,0,0.20799931886876472
03-01-02-02-02-02-04.wav,4,female,calm,0,1,1.0,0,0.12139068446201802,0,0.5575993087510196,0,0.3744819365182244,0,0.03,0,0.03016722222100042,0,0.00036261911736801267,0,8.429845668989105e-05
03-01-03-01-01-01-04.wav,4,female,happy,1,1,1.0,1,0.8344374359639833,1,0.9449698007085635,1,0.9326591733260159,1,0.82,1,0.9697276767761006,1,0.9963221549987793,1,0.992606867362373
03-01-03-01-01-02-04.wav,4,female,happy,1,0,0.0,1,0.9612828608576252,1,0.9896001150911808,1,0.9964577904455939,1,1.0,1,0.9904004500066007,1,0.9994394183158875,1,0.9999574931130474
03-01-03-01-02-01-04.wav,4,female,happy,1,0,0.0,1,0.9228413427872553,1,0.9805035510432186,1,0.9974491934146488,1,0.87,1,0.880683010133593,1,0.871548593044281,1,0.8653471595944466
03-01-03-01-02-02-04.wav,4,female,happy,1,1,1.0,1,0.9196113503299654,1,0.9780329122271564,1,0.9880693933276469,1,0.94,1,0.9824404227499572,1,0.9960513710975647,1,0.9994156185602625
03-01-03-02-01-01-04.wav,4,female,happy,1,1,1.0,1,0.999418557800937,1,0.9999999664180532,1,0.9999872730974546,1,1.0,1,0.9928036989611652,1,0.9995453953742981,1,0.9999785826269512
03-01-03-02-01-02-04.wav,4,female,happy,1,1,1.0,1,0.9997168162330569,1,0.9999999728210515,1,0.9999902086669934,1,1.0,1,0.997554740346582,1,0.9996885061264038,1,0.9999896812736219
03-01-03-02-02-01-04.wav,4,female,happy,1,1,1.0,1,0.9994810703315211,1,0.9999999534223686,1,0.9999829697451721,1,1.0,1,0.9963983633973776,1,0.9995074272155762,1,0.9999916103266655
03-01-03-02-02-02-04.wav,4,female,happy,1,1,1.0,1,0.999971718478543,1,0.9999999999103235,1,0.9999931354054111,1,1.0,1,0.9958903973018303,1,0.9993470311164856,1,0.9999877483693976
03-01-04-01-01-01-04.wav,4,female,sad,1,1,1.0,1,0.5242253091165192,0,0.7448579158401388,0,0.7831619929446852,1,0.79,1,0.8198906072511748,1,0.9745879769325256,1,0.9875057931608864
03-01-04-01-01-02-04.wav,4,female,sad,1,1,1.0,1,0.8837027785151194,1,0.9501651107307513,1,0.9245115188302526,1,1.0,1,0.9829034109207465,1,0.9901289343833923,1,0.99966171353351
03-01-04-01-02-01-04.wav,4,female,sad,1,1,1.0,1,0.8814358164123253,1,0.9522162456463572,1,0.9808987790225585,1,0.97,1,0.9724052314705914,1,0.9951046705245972,1,0.9998477303269798
03-01-04-01-02-02-04.wav,4,female,sad,1,1,1.0,1,0.9027619554090646,1,0.9642111958789563,1,0.9776881703050117,1,0.97,1,0.979069334633624,1,0.9971548318862915,1,0.9997761607004149
03-01-04-02-01-01-04.wav,4,female,sad,1,0,0.0,1,0.9920731298528166,1,0.9972987739048926,1,0.9935982718576876,1,1.0,1,0.9941625980150639,1,0.9998278617858887,1,0.9999830142431071
03-01-04-02-01-02-04.wav,4,female,sad,1,1,1.0,1,0.9989105118203851,1,0.9999994552421783,1,0.9937327535295208,1,1.0,1,0.9952797782986292,1,0.9996377229690552,1,0.9999894204942248
03-01-04-02-02-01-04.wav,4,female,sad,1,1,1.0,1,0.9999859413446499,1,0.9999999999370646,1,0.9956122638145576,1,1.0,1,0.9916736781540475,1,0.9989025592803955,1,0.9999882729634627
03-01-04-02-02-02-04.wav,4,female,sad,1,1,1.0,1,0.9994919461282282,1,0.9999998459408378,1,0.9962848447656922,1,1.0,1,0.9960226890421944,1,0.9996918439865112,1,0.9999893536765582
03-01-05-01-01-01-04.wav,4,female,angry,1,1,1.0,1,0.969811978317241,1,0.9828397876168616,1,0.9954715513800262,1,1.0,1,0.9974897267343206,1,0.9992693066596985,1,0.999991460420599
03-01-05-01-01-02-04.wav,4,female,angry,1,1,1.0,1,0.9962330540121515,1,0.9999952212204043,1,0.996800983865879,1,1.0,1,0.9971989029985057,1,0.9996564388275146,1,0.9999914638861612
03-01-05-01-02-01-04.wav,4,female,angry,1,1,1.0,1,0.989172695041329,1,0.9958916066911447,1,0.9927640861600504,1,1.0,1,0.996907894127963,1,0.9993008375167847,1,0.9999916246407117
03-01-05-01-02-02-04.wav,4,female,angry,1,1,1.0,1,0.970030088149727,1,0.9911160090255519,1,0.9904568317897114,1,0.99,1,0.9955919460828567,1,0.998668909072876,1,0.9999890704749848
03-01-05-02-01-01-04.wav,4,female,angry,1,1,1.0,1,0.9999999733619911,1,0.9999999999999699,1,0.9968327678272084,1,1.0,1,0.9977612892996146,1,0.9990591406822205,1,0.9999914605840704
03-01-05-02-01-02-04.wav,4,female,angry,1,1,1.0,1,0.9999978065797789,1,0.9999999999997129,1,0.9968409568078272,1,1.0,1,0.9977612892996146,1,0.999325156211853,1,0.9999914635737791
03-01-05-02-02-01-04.wav,4,female,angry,1,1,1.0,1,0.9999999909368832,1,0.9999999999999699,1,0.996016438023796,1,1.0,1,0.9976943715730049,1,0.9991794228553772,1,0.9999916246407117
03-01-05-02-02-02-04.wav,4,female,angry,1,1,1.0,1,0.9999942111938486,1,0.9999999999964662,1,0.9964271822076798,1,1.0,1,0.996907894127963,1,0.9991794228553772,1,0.9999916103266655
03-01-06-01-01-01-04.wav,4,female,fearful,1,0,0.0,1,0.9830958466840707,1,0.9937649880646048,1,0.9964473311307936,1,0.98,1,0.9951991825444978,1,0.999512791633606,1,0.9999868716864869
03-01-06-01-01-02-04.wav,4,female,fearful,1,1,1.0,1,0.9888927684181953,1,0.996202267381262,1,0.9999914072364631,1,1.0,1,0.9939739830487853,1,0.999434769153595,1,0.9999869709060922
03-01-06-01-02-01-04.wav,4,female,fearful,1,1,1.0,1,0.9885325139581542,1,0.9958955566138353,1,0.9999984401546631,1,0.99,1,0.9945344458501488,1,0.9992358684539795,1,0.9999855585612206
03-01-06-01-02-02-04.wav,4,female,fearful,1,1,1.0,1,0.9786840420008144,1,0.9906321848276466,1,0.9974438423588906,1,0.99,1,0.9945344458501488,1,0.9995847344398499,1,0.9999901991504092
03-01-06-02-01-01-04.wav,4,female,fearful,1,1,1.0,1,0.9999924281644968,1,0.9999999999718986,1,0.9965863396246795,1,1.0,1,0.9973034944402196,1,0.9998428821563721,1,0.9999910259967882
03-01-06-02-01-02-04.wav,4,female,fearful,1,1,1.0,1,0.9999873453956121,1,0.9999999999578162,1,0.9999938240129486,1,1.0,1,0.9961982146575916,1,0.9997947812080383,1,0.9999893187261945
03-01-06-02-02-01-04.wav,4,female,fearful,1,1,1.0,1,0.9999988146078668,1,0.9999999999999081,1,0.9999856856342234,1,0.99,1,0.9916736781540475,1,0.9996057152748108,1,0.9999901111838801
03-01-06-02-02-02-04.wav,4,female,fearful,1,1,1.0,1,0.9999983755405822,1,0.999999999999517,1,0.9999949582672331,1,1.0,1,0.9970175124702504,1,0.9997395873069763,1,0.9999910259967882
03-01-07-01-01-01-04.wav,4,female,disgust,1,1,1.0,1,0.9723388627857709,1,0.9893435064727689,1,0.9956028898217677,1,0.99,1,0.9929242942631545,1,0.9998809099197388,1,0.9999713078870951
03-01-07-01-01-02-04.wav,4,female,disgust,1,1,1.0,1,0.9891169526931383,1,0.9957296545885642,1,0.9959737658637373,1,1.0,1,0.9976864665992362,1,0.9998432397842407,1,0.9999881276796603
03-01-07-01-02-01-04.wav,4,female,disgust,1,1,1.0,1,0.99098129336378,1,0.9966962069734687,1,0.9973152528906198,1,0.98,1,0.9966424318449609,1,0.9998692274093628,1,0.999988601528664
03-01-07-01-02-02-04.wav,4,female,disgust,1,1,1.0,1,0.9946589967360066,1,0.9970581025582231,1,0.995158822921341,1,1.0,1,0.9973334639746246,1,0.9998125433921814,1,0.9999911343034183
03-01-07-02-01-01-04.wav,4,female,disgust,1,1,1.0,1,0.9998204200690576,1,0.9999999712428124,1,0.9999993373228248,1,1.0,1,0.9980546309952182,1,0.9999217987060547,1,0.9999913742672192
03-01-07-02-01-02-04.wav,4,female,disgust,1,1,1.0,1,0.999784499156771,1,0.9999999743379412,1,0.9999999575013588,1,0.99,1,0.9980546309952182,1,0.9999758005142212,1,0.9999914927174841
03-01-07-02-02-01-04.wav,4,female,disgust,1,1,1.0,1,0.9969627234293349,1,0.9999951784126707,1,0.9999928472224281,1,0.99,1,0.996075467377736,1,0.9997305274009705,1,0.9999902732190233
03-01-07-02-02-02-04.wav,4,female,disgust,1,0,0.0,1,0.9992793431496267,1,0.9999998628954551,1,0.9999949999699308,1,1.0,1,0.9973445870657016,1,0.9998964071273804,1,0.9999914863524594
03-01-08-01-01-01-04.wav,4,female,surprised,1,1,1.0,1,0.9576626450493885,1,0.9866507743699525,1,0.9896011757727351,1,1.0,1,0.9956259909654738,1,0.9997590184211731,1,0.9999866934129714
03-01-08-01-01-02-04.wav,4,female,surprised,1,1,1.0,1,0.9961981265822444,1,0.9999985757014643,1,0.9973844902694905,1,1.0,1,0.9958327199390246,1,0.9997202754020691,1,0.9999883520018216
03-01-08-01-02-01-04.wav,4,female,surprised,1,1,1.0,1,0.9954855681829446,1,0.9999990887822001,1,0.9931119654390622,1,1.0,1,0.9970175124702504,1,0.9998342990875244,1,0.9999893536765582
03-01-08-01-02-02-04.wav,4,female,surprised,1,1,1.0,1,0.9971795642797799,1,0.999999341091996,1,0.9999949902121488,1,1.0,1,0.9976528697083097,1,0.9998114705085754,1,0.9999910124097046
03-01-08-02-01-01-04.wav,4,female,surprised,1,1,1.0,1,0.9999202716865858,1,0.9999999997249284,1,0.9966973604911673,1,1.0,1,0.9970175124702504,1,0.9997791647911072,1,0.9999910259967882
03-01-08-02-01-02-04.wav,4,female,surprised,1,1,1.0,1,0.9992798101079258,1,0.9999999458209036,1,0.9943854638276323,1,0.99,1,0.9961982146575916,1,0.9997503161430359,1,0.9999893143995939
03-01-08-02-02-01-04.wav,4,female,surprised,1,0,0.0,1,0.9995501787728488,1,0.9999999784660478,1,0.9962631299528442,1,1.0,1,0.9978696494695481,1,0.9998757839202881,1,0.9999910124097046
03-01-08-02-02-02-04.wav,4,female,surprised,1,1,1.0,1,0.999942037773076,1,0.999999999802206,1,0.9999972583883193,1,1.0,1,0.9978696494695481,1,0.9998077750205994,1,0.9999910124097046
03-01-01-01-01-01-05.wav,5,male,neutral,0,0,0.0,0,0.2540357163325012,0,0.5,0,0.4195064422247846,1,0.81,1,0.9358144547986208,1,0.986177921295166,1,0.9997616681562355
03-01-01-01-01-02-05.wav,5,male,neutral,0,0,0.0,0,0.41399556448122365,0,0.7662612518424887,1,0.9799130685538536,1,0.85,1,0.7283137335754831,1,0.5322508811950684,1,0.7529030355186246
03-01-01-01-02-01-05.wav,5,male,neutral,0,0,0.0,0,0.25722327646690074,0,0.5787206536635572,0,0.3043410648619305,1,0.67,1,0.7454326627759864,1,0.8375080823898315,1,0.9811039342837776
03-01-01-01-02-02-05.wav,5,male,neutral,0,1,1.0,0,0.32965760495976054,0,0.7304742837540797,1,0.9145709188857339,1,0.85,1,0.6655913110499085,1,0.9094876050949097,1,0.9863618770147996
03-01-02-01-01-01-05.wav,5,male,calm,0,1,1.0,0,0.012182301767594154,0,0.09800993706204782,0,0.19493516297122113,0,0.05,0,0.04155783166954009,0,0.0058762142434716225,0,0.00024995572395076896
03-01-02-01-01-02-05.wav,5,male,calm,0,0,0.0,0,0.011601923298068422,0,0.09312540327617845,0,0.5754035641338179,0,0.15,0,0.04981561264504934,0,0.005720943678170443,0,0.005257410874246221
03-01-02-01-02-01-05.wav,5,male,calm,0,1,1.0,0,0.011401225982280912,0,0.11285878987297902,0,0.27931858034220397,0,0.07,0,0.044973633927072904,0,0.0026393774896860123,0,0.0006160641141989042
03-01-02-01-02-02-05.wav,5,male,calm,0,0,0.0,0,0.054341804771893154,0,0.40505968326454667,0,0.28319393409315013,0,0.12,0,0.0326302314032966,0,0.004533563274890184,0,0.0012524104347391336
03-01-02-02-01-01-05.wav,5,male,calm,0,0,0.0,0,0.058273130751660754,0,0.41248378929858837,0,0.20945878988692848,0,0.03,0,0.04769077135148725,0,0.007364706601947546,0,0.002035411298455798
03-01-02-02-01-02-05.wav,5,male,calm,0,0,0.0,0,0.02748264774268129,0,0.16369672407118988,1,0.836242826593108,0,0.11,0,0.043008425398428,0,0.01610635034739971,0,0.00749224110655914
03-01-02-02-02-01-05.wav,5,male,calm,0,1,1.0,0,0.055855223519727416,0,0.439125342858124,0,0.39578003783389615,0,0.07,0,0.020532329455575135,0,0.0036648784298449755,0,0.001555247153672929
03-01-02-02-02-02-05.wav,5,male,calm,0,1,1.0,0,0.018726693824885787,0,0.16453947517590714,0,0.40113882024689085,0,0.02,0,0.04133488440418948,0,0.01199597492814064,0,0.003220813310814733
03-01-03-01-01-01-05.wav,5,male,happy,1,0,0.0,1,0.8873946966231663,1,0.9671740853500106,1,0.9945831487247473,1,0.87,1,0.9000448427493951,1,0.9941691160202026,1,0.9870335199381758
03-01-03-01-01-02-05.wav,5,male,happy,1,1,1.0,0,0.4335523921603058,0,0.7618774616115472,1,0.828002529687708,1,0.85,1,0.9351582089456748,1,0.9358216524124146,1,0.9898912515326703
03-01-03-01-02-01-05.wav,5,male,happy,1,1,1.0,1,0.5779176791887422,1,0.8378037092744192,1,0.9206090390950658,1,0.81,1,0.7822551824436329,1,0.980830192565918,1,0.984928645830797
03-01-03-01-02-02-05.wav,5,male,happy,1,1,1.0,1,0.7364706587763195,1,0.9472479855841391,1,0.9629063549938671,1,0.97,1,0.9698641592981737,1,0.9876327514648438,1,0.9998251627756453
03-01-03-02-01-01-05.wav,5,male,happy,1,0,0.0,1,0.928301070236772,1,0.9674201725127468,1,0.9947383884523708,1,0.96,1,0.9773816130811577,1,0.9999439716339111,1,0.999954583707646
03-01-03-02-01-02-05.wav,5,male,happy,1,1,1.0,1,0.949523271851554,1,0.9784655764224971,1,0.9999922284872694,1,1.0,1,0.9939139832636827,1,0.9998562335968018,1,0.9999685572903011
03-01-03-02-02-01-05.wav,5,male,happy,1,1,1.0,1,0.945865427149002,1,0.9855449448414559,1,0.9960989909276738,1,1.0,1,0.9937363716765858,1,0.9992972612380981,1,0.999981801109653
03-01-03-02-02-02-05.wav,5,male,happy,1,1,1.0,1,0.9306106946424171,1,0.9752166591481419,1,0.994661455938173,1,1.0,1,0.9932315330583296,1,0.9973272085189819,1,0.9998938455461518
03-01-04-01-01-01-05.wav,5,male,sad,1,1,1.0,0,0.10536616742393086,0,0.5773426183155804,0,0.5,1,0.71,1,0.8589897068142452,1,0.8713797330856323,1,0.942215221783244
03-01-04-01-01-02-05.wav,5,male,sad,1,0,0.0,0,0.10665407416600166,0,0.3732179982540983,0,0.8239751467201167,1,0.77,1,0.9111380960767321,1,0.9864805936813354,1,0.9760302778530184
03-01-04-01-02-01-05.wav,5,male,sad,1,1,1.0,0,0.43883359515083864,1,0.8988217467129814,0,0.6284903817949806,1,0.71,0,0.46071388398243307,0,0.4814763367176056,1,0.7658621228750224
03-01-04-01-02-02-05.wav,5,male,sad,1,1,1.0,0,0.003161461810488392,0,0.02936043230118751,0,0.610790071672554,0,0.3,0,0.14103581820255212,0,0.051865674555301666,0,0.029866467819354495
03-01-04-02-01-01-05.wav,5,male,sad,1,0,0.0,0,0.030697284532798203,0,0.10710947212597854,0,0.7314626656272344,1,0.73,1,0.7738851804897222,1,0.8829301595687866,0,0.47255744098477875
03-01-04-02-01-02-05.wav,5,male,sad,1,1,1.0,0,0.13942285036239888,0,0.3314390109615759,0,0.19772157668549797,1,0.56,0,0.4764247170686815,0,0.2721530795097351,0,0.026880683532644604
03-01-04-02-02-01-05.wav,5,male,sad,1,1,1.0,0,0.03564145932822981,0,0.07633745685537349,0,0.07464222357750443,1,0.69,0,0.49611590704281433,1,0.8719741702079773,1,0.8375695588485723
03-01-04-02-02-02-05.wav,5,male,sad,1,1,1.0,0,0.10649660489609358,0,0.4421272261389977,0,0.5,1,0.69,1,0.5928434338550346,0,0.48422470688819885,1,0.9170237699036585
03-01-05-01-01-01-05.wav,5,male,angry,1,1,1.0,1,0.9946381869321728,1,0.9999973053169222,1,0.9999878824056317,1,0.99,1,0.996210831288609,1,0.9978871941566467,1,0.9999606751961324
03-01-05-01-01-02-05.wav,5,male,angry,1,1,1.0,1,0.9773398490757703,1,0.9917052467035314,1,0.9999991804959154,1,1.0,1,0.9968820792551453,1,0.9997407793998718,1,0.9999858299861241
03-01-05-01-02-01-05.wav,5,male,angry,1,0,0.0,0,0.4345779011805036,1,0.8208278454448051,1,0.9930213873122881,1,0.84,1,0.9619524832399723,1,0.9893904328346252,1,0.9965221618619505
03-01-05-01-02-02-05.wav,5,male,angry,1,0,0.0,1,0.9293524128112549,1,0.9895558219991509,1,0.9999944912904273,1,0.96,1,0.9752694362910148,1,0.9953989386558533,1,0.9999433530005375
03-01-05-02-01-01-05.wav,5,male,angry,1,0,0.0,1,0.9999999889684968,1,0.9999999999999699,1,0.9999982498444124,1,1.0,1,0.9982023581469135,1,0.9995782971382141,1,0.9999839314384402
03-01-05-02-01-02-05.wav,5,male,angry,1,0,0.0,1,0.9999998844960241,1,0.9999999999999699,1,0.9999999512276063,1,1.0,1,0.9972974595831484,1,0.9998916387557983,1,0.9999901799329158
03-01-05-02-02-01-05.wav,5,male,angry,1,1,1.0,1,0.9999999999998799,1,0.9999999999999699,1,0.9967859326389843,1,1.0,1,0.9980081298720266,1,0.9997835755348206,1,0.9999892428499287
03-01-05-02-02-02-05.wav,5,male,angry,1,1,1.0,1,0.9999999999991331,1,0.9999999999999699,1,0.997276223769511,1,1.0,1,0.993590940229789,1,0.999352753162384,1,0.9999849057522594
03-01-06-01-01-01-05.wav,5,male,fearful,1,1,1.0,1,0.8049155035697293,1,0.9240138579420175,1,0.9961944039377066,1,0.93,1,0.9808041001160582,1,0.9954001307487488,1,0.9990933315591219
03-01-06-01-01-02-05.wav,5,male,fearful,1,1,1.0,1,0.6112028506627641,0,0.6992198504901197,1,0.8691088496184605,1,0.91,1,0.9663553010520567,1,0.8449087142944336,1,0.9996810804357668
03-01-06-01-02-01-05.wav,5,male,fearful,1,1,1.0,1,0.5841139887042955,1,0.8062442206717924,1,0.9356441859573214,1,0.87,1,0.9340360991917639,1,0.9486852288246155,1,0.9987279692725223
03-01-06-01-02-02-05.wav,5,male,fearful,1,1,1.0,1,0.7321008411821794,1,0.8306134340386115,1,0.9469515877202309,1,0.93,1,0.9884710808732129,1,0.9943589568138123,1,0.9999785102036558
03-01-06-02-01-01-05.wav,5,male,fearful,1,0,0.0,1,0.9997414138013873,1,0.999999930631442,1,0.9999999817355106,1,1.0,1,0.9986066286695844,1,0.9997338652610779,1,0.9999890787454063
03-01-06-02-01-02-05.wav,5,male,fearful,1,1,1.0,1,0.9995531397839774,1,0.9999998923003689,1,0.9999999974545042,1,1.0,1,0.9965741494928445,1,0.9999046325683594,1,0.9999827255319611
03-01-06-02-02-01-05.wav,5,male,fearful,1,1,1.0,1,0.9998406938078389,1,0.9999999846056902,1,0.9999999960876396,1,1.0,1,0.9923828892827298,1,0.9994412064552307,1,0.9999895291080056
03-01-06-02-02-02-05.wav,5,male,fearful,1,1,1.0,1,0.998207899694983,1,0.9999963371394154,1,0.9999999904745716,1,1.0,1,0.995627442998487,1,0.9999121427536011,1,0.9999903352918997
03-01-07-01-01-01-05.wav,5,male,disgust,1,1,1.0,1,0.9981909082404095,1,0.975761009982351,1,0.9935244930348905,1,0.95,1,0.9840577657354694,1,0.9987397789955139,1,0.9999169446365997
03-01-07-01-01-02-05.wav,5,male,disgust,1,1,1.0,1,0.9822564279595624,1,0.98613604347306,1,0.999997114695815,1,0.93,1,0.99271070359335,1,0.9989197254180908,1,0.9999391809506272
03-01-07-01-02-01-05.wav,5,male,disgust,1,1,1.0,1,0.9979544428876593,1,0.9830022174587737,1,0.9934827181025069,1,0.97,1,0.9908385894791016,1,0.9995906949043274,1,0.9999335536366413
03-01-07-01-02-02-05.wav,5,male,disgust,1,1,1.0,1,0.9743850910019296,1,0.9927881517999009,1,0.9999991661156579,1,0.97,1,0.9927966184653635,1,0.9998748302459717,1,0.9999811969248633
03-01-07-02-01-01-05.wav,5,male,disgust,1,1,1.0,1,0.9790116179215383,1,0.9932931953366456,1,0.9999990221882153,1,0.98,1,0.9814972045023972,1,0.9984879493713379,1,0.99996784885775
03-01-07-02-01-02-05.wav,5,male,disgust,1,1,1.0,1,0.9725158163723191,1,0.9889397692733878,1,0.9999862977406361,1,0.99,1,0.984453852826311,1,0.9976657629013062,1,0.9999398899390239
03-01-07-02-02-01-05.wav,5,male,disgust,1,1,1.0,1,0.9874420145259623,1,0.9968104051289627,1,0.9999993905147594,1,1.0,1,0.992600524546369,1,0.9999420642852783,1,0.9999842237619203
03-01-07-02-02-02-05.wav,5,male,disgust,1,1,1.0,1,0.9799849262001724,1,0.9953510072887962,1,0.9999986069916307,1,0.99,1,0.9955807230334556,1,0.9997418522834778,1,0.9999754810704482
03-01-08-01-01-01-05.wav,5,male,surprised,1,0,0.0,1,0.9466081983319026,1,0.9864475015220445,1,0.9999993947713769,1,0.98,1,0.9888751634775661,1,0.9995447993278503,1,0.9998856355748132
03-01-08-01-01-02-05.wav,5,male,surprised,1,1,1.0,1,0.508939921124663,0,0.6940986772765667,1,0.9313002658504421,1,0.87,1,0.925574299933609,1,0.997068464756012,1,0.9996417217795901
03-01-08-01-02-01-05.wav,5,male,surprised,1,1,1.0,0,0.3329949696870083,0,0.6469614666670429,1,0.9724436544754511,1,0.91,1,0.94914973441348,1,0.9945992231369019,1,0.9993983811545443
03-01-08-01-02-02-05.wav,5,male,surprised,1,1,1.0,1,0.9532477989548275,1,0.9898198322053804,1,0.9999955998344796,1,0.99,1,0.9865010439986499,1,0.9999374151229858,1,0.9999741196592433
03-01-08-02-01-01-05.wav,5,male,surprised,1,1,1.0,1,0.9891942035606378,1,0.9955035764481515,1,0.9999998474427954,1,0.99,1,0.9949033687415846,1,0.9996782541275024,1,0.9999847096767073
03-01-08-02-01-02-05.wav,5,male,surprised,1,1,1.0,1,0.9815488822137216,1,0.9923434074118641,1,0.999997802022857,1,0.99,1,0.9972203170963977,1,0.9997995495796204,1,0.9999904309414042
03-01-08-02-02-01-05.wav,5,male,surprised,1,1,1.0,1,0.9905443501735204,1,0.9999890469143726,1,0.9772962318210854,1,1.0,1,0.9960691505410141,1,0.998336672782898,1,0.9999756246574056
03-01-08-02-02-02-05.wav,5,male,surprised,1,1,1.0,1,0.8872724465263003,1,0.9515997237343742,1,0.9999834549121815,1,0.99,1,0.9934991147173728,1,0.9999204874038696,1,0.9999592804810304
03-01-01-01-01-01-06.wav,6,female,neutral,0,1,1.0,0,0.15128111026527574,0,0.3416804118843004,0,0.20958198196091346,0,0.32,0,0.11796988780323941,0,0.20440053939819336,0,0.009317598593998602
03-01-01-01-01-02-06.wav,6,female,neutral,0,1,1.0,0,0.2701974722532822,0,0.5657753073541559,0,0.2640963761757732,0,0.12,0,0.15470604824364773,0,0.004835519008338451,0,0.0018486305797758356
03-01-01-01-02-01-06.wav,6,female,neutral,0,1,1.0,0,0.17502921006928016,0,0.3808107336395059,0,0.3676963279335704,0,0.3,0,0.061929569526609905,0,0.022721996530890465,0,0.0012451323821845244
03-01-01-01-02-02-06.wav,6,female,neutral,0,1,1.0,0,0.211463444245469,0,0.48525233113920846,0,0.20909551031814827,0,0.42,0,0.44167327007609525,0,0.14968158304691315,1,0.6671964583752091
03-01-02-01-01-01-06.wav,6,female,calm,0,0,0.0,0,0.03793718962377733,0,0.21051478193051,0,0.1838033360808907,0,0.07,0,0.022727323874455627,0,0.015505627728998661,0,0.0018477613211145092
03-01-02-01-01-02-06.wav,6,female,calm,0,1,1.0,0,0.025367287173201754,0,0.15837936118906165,0,0.14435031994289624,0,0.15,0,0.028040019842941244,0,0.0032253896351903677,0,0.0015322758481725338
03-01-02-01-02-01-06.wav,6,female,calm,0,0,0.0,0,0.0058471895054265505,0,0.048635124819951144,0,0.12212187443895037,0,0.1,0,0.03974308783836543,0,0.016959547996520996,0,0.00269991620945463
03-01-02-01-02-02-06.wav,6,female,calm,0,0,0.0,0,0.009004488139627037,0,0.06810035170688226,0,0.07410005263866144,0,0.09,0,0.018834373918640845,0,0.017687393352389336,0,0.0015682974727107936
03-01-02-02-01-01-06.wav,6,female,calm,0,1,1.0,0,0.03659207590613976,0,0.22333124495781928,0,0.1713425434340016,0,0.05,0,0.008321520419773432,0,0.001002584584057331,0,0.00017378847930662593
03-01-02-02-01-02-06.wav,6,female,calm,0,1,1.0,0,0.024900135448808914,0,0.15327905206795242,0,0.10479329559594257,0,0.2,0,0.05547653232031079,0,0.009495767764747143,0,0.0018060628307778528
03-01-02-02-02-01-06.wav,6,female,calm,0,1,1.0,0,0.020510886578521185,0,0.1750585648122545,0,0.1245742706803694,0,0.0,0,0.025538487196198573,0,0.007133096922188997,0,0.00016615321382135444
03-01-02-02-02-02-06.wav,6,female,calm,0,1,1.0,0,0.013734193830693178,0,0.15656528937749242,0,0.23015361225192477,0,0.07,0,0.02682743328563278,0,0.02484460547566414,0,0.0004969901323403945
03-01-03-01-01-01-06.wav,6,female,happy,1,1,1.0,0,0.22292567885780257,0,0.4724548836892432,0,0.7174244011188458,1,0.89,1,0.973993379404549,1,0.9966604709625244,1,0.9998920465618739
03-01-03-01-01-02-06.wav,6,female,happy,1,1,1.0,0,0.3867035782346866,0,0.7602292204026807,1,0.9788028346265578,1,0.95,1,0.9840138036804026,1,0.9987947940826416,1,0.9999536810518145
03-01-03-01-02-01-06.wav,6,female,happy,1,1,1.0,0,0.3440758196208751,0,0.7046659964994826,1,0.9135898776645774,1,1.0,1,0.9767480613788039,1,0.9969655871391296,1,0.999485138748866
03-01-03-01-02-02-06.wav,6,female,happy,1,1,1.0,0,0.35438234550948994,0,0.6476016263353546,0,0.8062489640572886,1,0.95,1,0.9749809867362841,1,0.9963709115982056,1,0.999771068067454
03-01-03-02-01-01-06.wav,6,female,happy,1,0,0.0,1,0.9979916145239849,1,0.9999958944115237,1,0.999997566789155,1,1.0,1,0.9860348266923974,1,0.99860018491745,1,0.999972143942558
03-01-03-02-01-02-06.wav,6,female,happy,1,1,1.0,1,0.996125379334196,1,0.9999891306293534,1,0.9999985353835303,1,1.0,1,0.9902242850754126,1,0.9992895126342773,1,0.9999878220021304
03-01-03-02-02-01-06.wav,6,female,happy,1,0,0.0,1,0.991638920737546,1,0.9999824156105914,1,0.999998696952937,1,0.99,1,0.9889554583537108,1,0.9826769232749939,1,0.9999197160152529
03-01-03-02-02-02-06.wav,6,female,happy,1,1,1.0,1,0.9993722237936427,1,0.9999999087515136,1,0.9999991942264261,1,1.0,1,0.9888888629375111,1,0.9971803426742554,1,0.9999491781284654
03-01-04-01-01-01-06.wav,6,female,sad,1,1,1.0,0,0.0044522083067076385,0,0.022675696880812793,0,0.22293990022531285,0,0.06,0,0.010852249393264159,0,0.0005431322497315705,0,0.00023782516657801952
03-01-04-01-01-02-06.wav,6,female,sad,1,1,1.0,0,0.00196920608032817,0,0.011354405879972985,0,0.19496512336334673,0,0.31,0,0.1871266116511218,0,0.04880639538168907,0,0.027064504840551715
03-01-04-01-02-01-06.wav,6,female,sad,1,1,1.0,0,0.11228513678576908,0,0.27376265628456004,0,0.04635195783987179,0,0.27,0,0.09378283264032039,0,0.022720087319612503,0,0.006923232469462278
03-01-04-01-02-02-06.wav,6,female,sad,1,0,0.0,0,0.033825107084816924,0,0.1685834701858828,0,0.2255402916413686,1,0.63,0,0.3966677431745531,0,0.08203442394733429,0,0.23614154364332476
03-01-04-02-01-01-06.wav,6,female,sad,1,1,1.0,1,0.9322204905102212,1,0.9561443611398237,1,0.9999834784373453,1,0.99,1,0.9873117923586947,1,0.998611569404602,1,0.9999873846391656
03-01-04-02-01-02-06.wav,6,female,sad,1,0,0.0,0,0.07065509616677065,0,0.0736218866947168,1,0.9942965832546202,1,0.92,1,0.7483781345198615,1,0.8436221480369568,1,0.9984971082723136
03-01-04-02-02-01-06.wav,6,female,sad,1,1,1.0,1,0.9634037102997765,1,0.9777408398237191,1,0.9999991843047509,1,1.0,1,0.9950389693724522,1,0.9997072815895081,1,0.9999917368152723
03-01-04-02-02-02-06.wav,6,female,sad,1,1,1.0,0,0.23525600672045147,0,0.3293370642577608,1,0.9942797027447058,1,0.95,1,0.9797877980431744,1,0.9990217685699463,1,0.9999607137893437
03-01-05-01-01-01-06.wav,6,female,angry,1,1,1.0,1,0.7502203836451994,1,0.9009135200792192,1,0.9919154217560758,1,0.98,1,0.97594571808062,1,0.998554527759552,1,0.9999740165766436
03-01-05-01-01-02-06.wav,6,female,angry,1,0,0.0,1,0.7885002452282575,1,0.9115178818627576,1,0.9887513374427059,1,0.99,1,0.9820559460253986,1,0.995559573173523,1,0.999983502455352
03-01-05-01-02-01-06.wav,6,female,angry,1,0,0.0,1,0.8623028572847757,1,0.973843443292954,1,0.9962643239102027,1,0.98,1,0.9903070912114249,1,0.9995912909507751,1,0.9999498524083902
03-01-05-01-02-02-06.wav,6,female,angry,1,1,1.0,1,0.9352198309673075,1,0.983576841761418,1,0.9756487358880799,1,0.99,1,0.995509953106689,1,0.9997192025184631,1,0.999988476646453
03-01-05-02-01-01-06.wav,6,female,angry,1,1,1.0,1,0.9999999999943272,1,0.9999999999999699,1,0.9965142806541901,1,1.0,1,0.9956462943304039,1,0.9993618130683899,1,0.9999897411255774
03-01-05-02-01-02-06.wav,6,female,angry,1,1,1.0,1,0.9999999999288798,1,0.9999999999999699,1,0.9999821958365088,1,1.0,1,0.9977587896321379,1,0.9996199607849121,1,0.9999897544605895
03-01-05-02-02-01-06.wav,6,female,angry,1,1,1.0,1,0.9999999987995836,1,0.9999999999999699,1,0.9999905540657357,1,1.0,1,0.9971174392728015,1,0.9997455477714539,1,0.9999914505125224
03-01-05-02-02-02-06.wav,6,female,angry,1,0,0.0,1,0.9999999969760005,1,0.9999999999999699,1,0.999990759125686,1,1.0,1,0.9967120140612518,1,0.9997517466545105,1,0.9999825326024951
03-01-06-01-01-01-06.wav,6,female,fearful,1,0,0.0,1,0.5440131261256729,0,0.7844976179737736,0,0.7577737390097747,0,0.4,1,0.5785264358221817,1,0.5064482092857361,0,0.02592585254775672
03-01-06-01-01-02-06.wav,6,female,fearful,1,1,1.0,0,0.4620871090218535,0,0.7968041558240934,1,0.8888997017480162,0,0.48,0,0.4155204157997248,0,0.29786208271980286,0,0.11538485994331672
03-01-06-01-02-01-06.wav,6,female,fearful,1,1,1.0,0,0.45685267034765464,0,0.7683652662560002,1,0.9781928457552521,1,0.87,1,0.8211964261506509,1,0.9944114089012146,1,0.9997316487635226
03-01-06-01-02-02-06.wav,6,female,fearful,1,1,1.0,1,0.6762691680139798,1,0.8680251043373054,1,0.9901444907131296,1,0.86,1,0.8189514259032754,1,0.9737474322319031,1,0.9998470789176558
03-01-06-02-01-01-06.wav,6,female,fearful,1,1,1.0,1,0.9999999966726698,1,0.9999999999999699,1,0.9971150436912928,1,1.0,1,0.9971955120180553,1,0.9998958110809326,1,0.9999912777990022
03-01-06-02-01-02-06.wav,6,female,fearful,1,0,0.0,1,0.9999999631779386,1,0.9999999999999699,1,0.9973900080764269,1,1.0,1,0.9957989271806146,1,0.9998018145561218,1,0.99998966962053
03-01-06-02-02-01-06.wav,6,female,fearful,1,1,1.0,1,0.999939444277117,1,0.9999999942302166,1,0.9999981353282251,1,1.0,1,0.9944543566223532,1,0.9996002316474915,1,0.9999896694970292
03-01-06-02-02-02-06.wav,6,female,fearful,1,0,0.0,1,0.999999999978004,1,0.9999999999999699,1,0.9959285388128939,1,1.0,1,0.9958218068129653,1,0.999460756778717,1,0.9999912775844733
03-01-07-01-01-01-06.wav,6,female,disgust,1,1,1.0,1,0.8765183262639518,1,0.9715280340891683,1,0.9837050812480388,1,0.86,1,0.8963956206942719,1,0.9613799452781677,1,0.9886085518064807
03-01-07-01-01-02-06.wav,6,female,disgust,1,0,0.0,1,0.9247964527510665,1,0.9778259419268188,1,0.9841826560440627,1,0.91,1,0.9244850970618085,1,0.9631875157356262,1,0.998814200026172
03-01-07-01-02-01-06.wav,6,female,disgust,1,1,1.0,1,0.8039962520064606,1,0.9585496013496271,1,0.9902648984113976,1,0.89,1,0.823763070381096,1,0.5984784364700317,1,0.9985675999238842
03-01-07-01-02-02-06.wav,6,female,disgust,1,1,1.0,1,0.7496900494490017,1,0.9094762577858095,1,0.9828062572335327,1,0.87,1,0.6736380732213728,1,0.6792391538619995,1,0.8450855683097642
03-01-07-02-01-01-06.wav,6,female,disgust,1,0,0.0,1,0.9927174175982091,1,0.9999811687033157,1,0.9999969109883228,1,1.0,1,0.9960111017719261,1,0.9998854398727417,1,0.99998910142397
03-01-07-02-01-02-06.wav,6,female,disgust,1,1,1.0,1,0.739275922267615,1,0.8965520358782151,1,0.9838542973154488,1,0.96,1,0.9868784027945198,1,0.9994841814041138,1,0.9999713863711247
03-01-07-02-02-01-06.wav,6,female,disgust,1,1,1.0,1,0.9587646855560853,1,0.9858527055349304,1,0.9902778847080308,1,0.99,1,0.996090869407064,1,0.9996809959411621,1,0.9999827258558035
03-01-07-02-02-02-06.wav,6,female,disgust,1,0,0.0,1,0.7155184444500592,1,0.8739136110113427,1,0.9676259045190864,1,0.95,1,0.979240494925058,1,0.9984475374221802,1,0.9995220212369883
03-01-08-01-01-01-06.wav,6,female,surprised,1,0,0.0,0,0.3301687011207695,0,0.5728539837747029,0,0.6977980808750759,1,0.87,1,0.8053144007129818,1,0.9552751183509827,1,0.9987992652196752
03-01-08-01-01-02-06.wav,6,female,surprised,1,1,1.0,0,0.3672442438458076,0,0.668649476440888,0,0.6030010079349536,1,0.82,1,0.8104522148669352,1,0.9160373210906982,1,0.9990333188349046
03-01-08-01-02-01-06.wav,6,female,surprised,1,1,1.0,1,0.5008741163302121,0,0.7896381983247308,1,0.9453376444106021,1,0.88,1,0.8364534800944464,1,0.9939852356910706,1,0.999943313277856
03-01-08-01-02-02-06.wav,6,female,surprised,1,1,1.0,1,0.7419639509330469,1,0.907957141944694,1,0.9478814122478829,1,0.88,1,0.8541111637333881,1,0.9727144837379456,1,0.9997323138421609
03-01-08-02-01-01-06.wav,6,female,surprised,1,1,1.0,1,0.6774121789837397,1,0.918483851013844,1,0.983509289558564,1,0.93,1,0.8754553861293198,1,0.9777655005455017,1,0.999753599632809
03-01-08-02-01-02-06.wav,6,female,surprised,1,1,1.0,1,0.6891510772628671,0,0.7967018204566396,1,0.9960079978391635,1,1.0,1,0.9916406201145841,1,0.9975695013999939,1,0.9998099317295446
03-01-08-02-02-01-06.wav,6,female,surprised,1,1,1.0,1,0.6227548345337002,0,0.7765601280373562,1,0.9974185093093924,1,0.99,1,0.9953941288997901,1,0.9997389912605286,1,0.9999911458663184
03-01-08-02-02-02-06.wav,6,female,surprised,1,1,1.0,1,0.6133014690070856,0,0.7650632379279534,1,0.9948458211960031,1,1.0,1,0.9951712310963502,1,0.9994727969169617,1,0.9999894230744777
03-01-01-01-01-01-07.wav,7,male,neutral,0,1,1.0,0,0.02173604534439971,0,0.10665895154061426,0,0.062318608758194824,0,0.06,0,0.07467307525086264,0,0.0016135345213115215,0,0.00028358074074965234
03-01-01-01-01-02-07.wav,7,male,neutral,0,1,1.0,0,0.038765303076939435,0,0.12671496794831882,0,0.062372179386313224,1,0.64,0,0.39603962098617057,0,0.054213643074035645,0,0.2025907373327489
03-01-01-01-02-01-07.wav,7,male,neutral,0,1,1.0,0,0.08783860759717424,0,0.3504995810064411,0,0.13497870714477542,1,0.57,1,0.9032708610795075,1,0.9850388765335083,1,0.9811995361438546
03-01-01-01-02-02-07.wav,7,male,neutral,0,1,1.0,0,0.013374353332984635,0,0.08404693608425841,0,0.16567610230644864,0,0.06,0,0.04797767603999616,0,0.019533846527338028,0,0.0015528646068158707
03-01-02-01-01-01-07.wav,7,male,calm,0,0,0.0,0,0.008487710629337447,0,0.050598428761808846,0,0.08001015496405292,0,0.07,0,0.027265354644700944,0,0.0012734351912513375,0,0.00021602200064640091
03-01-02-01-01-02-07.wav,7,male,calm,0,1,1.0,0,0.009459976766348074,0,0.06334161349661765,0,0.11174947424593881,0,0.12,0,0.03817948618729771,0,0.004334602039307356,0,0.0007165140102840092
03-01-02-01-02-01-07.wav,7,male,calm,0,0,0.0,0,0.011649230275275816,0,0.08858918752271377,0,0.17760639588620475,0,0.04,0,0.024234591458511725,0,0.0013671740889549255,0,0.00026508856744984695
03-01-02-01-02-02-07.wav,7,male,calm,0,0,0.0,0,0.016352510079202676,0,0.09808650275530227,0,0.20100907746504368,0,0.13,0,0.22983491028631822,1,0.5553648471832275,0,0.18827065192914091
03-01-02-02-01-01-07.wav,7,male,calm,0,1,1.0,0,0.14130456906494818,0,0.5128265444463111,0,0.3805151100575936,1,0.52,0,0.0818818379986443,0,0.018539370968937874,0,0.09818023231034739
03-01-02-02-01-02-07.wav,7,male,calm,0,1,1.0,0,0.017962755788853736,0,0.11984232563331376,0,0.23034659039184244,0,0.09,0,0.0783038431133901,0,0.011197257786989212,0,0.004239310499865571
03-01-02-02-02-01-07.wav,7,male,calm,0,1,1.0,0,0.03306310293462028,0,0.2421030548274634,0,0.10592094157961623,0,0.08,0,0.06937531837249084,0,0.012801445089280605,0,0.00021433867349388648
03-01-02-02-02-02-07.wav,7,male,calm,0,1,1.0,0,0.020349850965279057,0,0.2025610137962309,0,0.2496423919899338,0,0.06,0,0.02163234633670437,0,0.005667857360094786,0,0.00033949129095266396
03-01-03-01-01-01-07.wav,7,male,happy,1,1,1.0,1,0.6883170596613516,1,0.8829100468058212,1,0.927795144118115,1,0.69,1,0.6793861289207789,1,0.901543378829956,1,0.5276586498450959
03-01-03-01-01-02-07.wav,7,male,happy,1,1,1.0,1,0.5782358970419738,1,0.8321433237082385,1,0.9174100592753431,1,0.91,1,0.5061121164269688,1,0.9623152613639832,1,0.998301833883023
03-01-03-01-02-01-07.wav,7,male,happy,1,1,1.0,0,0.4080783266684652,0,0.6362884239978721,0,0.7472361397186703,1,0.88,1,0.5296097501253285,1,0.9510793089866638,1,0.9782663773698247
03-01-03-01-02-02-07.wav,7,male,happy,1,1,1.0,0,0.4080783266684652,0,0.6362884239978721,0,0.7472361397186703,1,0.88,1,0.5296097501253285,1,0.9510793089866638,1,0.9782663773698247
03-01-03-02-01-01-07.wav,7,male,happy,1,0,0.0,1,0.9918840024864494,1,0.9972871453643001,1,0.9999999269912941,1,1.0,1,0.9954091101807951,1,0.999940037727356,1,0.9999905381366738
03-01-03-02-01-02-07.wav,7,male,happy,1,1,1.0,1,0.9967087577284621,1,0.999996464590315,1,0.9999999472469681,1,1.0,1,0.9930425832320684,1,0.9997937083244324,1,0.9999875330017681
03-01-03-02-02-01-07.wav,7,male,happy,1,0,0.0,1,0.9679670910985554,1,0.9904223999053773,1,0.9938099197675383,1,0.99,1,0.969622847782193,1,0.9927473664283752,1,0.9996726438840702
03-01-03-02-02-02-07.wav,7,male,happy,1,1,1.0,1,0.9986394445254948,1,0.9999996117764268,1,0.9999997104231626,1,0.99,1,0.9868124889933713,1,0.9995822310447693,1,0.9993321642938917
03-01-04-01-01-01-07.wav,7,male,sad,1,1,1.0,0,0.10757193926510569,0,0.2666455712414336,0,0.07769936818387582,1,0.68,1,0.7463171058618887,1,0.8627617955207825,1,0.8867393804709911
03-01-04-01-01-02-07.wav,7,male,sad,1,1,1.0,0,0.4174042647459024,0,0.6833998570737801,0,0.8267557214835632,1,0.95,1,0.972499858860214,1,0.9871011972427368,1,0.9997811426901267
03-01-04-01-02-01-07.wav,7,male,sad,1,1,1.0,0,0.1859811040786708,0,0.43178090189382523,0,0.2336526745086696,0,0.38,0,0.2695054528300493,0,0.36411309242248535,0,0.05720350254139463
03-01-04-01-02-02-07.wav,7,male,sad,1,0,0.0,1,0.720985264996821,1,0.903079914950236,1,0.9595896185089229,1,0.83,1,0.8300868352036592,1,0.8998972177505493,1,0.9698271989864033
03-01-04-02-01-01-07.wav,7,male,sad,1,1,1.0,0,0.16825039198838093,0,0.40089904682020927,0,0.24735121713662275,1,0.89,1,0.8682090262451262,1,0.644912600517273,1,0.7854385546191175
03-01-04-02-01-02-07.wav,7,male,sad,1,0,0.0,0,0.2777676239436026,0,0.6106554108189705,0,0.5214846977011628,1,0.92,1,0.8982242124682277,1,0.8003153800964355,1,0.9853282704593266
03-01-04-02-02-01-07.wav,7,male,sad,1,1,1.0,1,0.9073110032241226,1,0.952982071774445,1,0.9680584600719739,1,0.96,1,0.95788003094921,1,0.9984140396118164,1,0.9994600429850554
03-01-04-02-02-02-07.wav,7,male,sad,1,1,1.0,0,0.427793966820017,0,0.7730616116445864,0,0.595373969432346,1,0.93,1,0.9410184543768361,1,0.9857317805290222,1,0.9996951125547135
03-01-05-01-01-01-07.wav,7,male,angry,1,1,1.0,1,0.9904944507390727,1,0.9967275014262016,1,0.9999994874291602,1,1.0,1,0.9933405418265355,1,0.9997679591178894,1,0.9999867472502668
03-01-05-01-01-02-07.wav,7,male,angry,1,0,0.0,1,0.99996020057501,1,0.9999999994864285,1,0.9999998579979023,1,1.0,1,0.9933249917254914,1,0.9994770884513855,1,0.9999537952743682
03-01-05-01-02-01-07.wav,7,male,angry,1,0,0.0,1,0.8891096626086802,1,0.9644027250393884,1,0.9952505172836335,1,0.98,1,0.978635551784656,1,0.9992400407791138,1,0.9998895722047598
03-01-05-01-02-02-07.wav,7,male,angry,1,1,1.0,1,0.9702297529282153,1,0.9887294344471469,1,0.9999825308002352,1,1.0,1,0.9928547398235552,1,0.9995923638343811,1,0.9999860031529376
03-01-05-02-01-01-07.wav,7,male,angry,1,1,1.0,1,0.9996333857105036,1,0.9999999520720383,1,0.9999932357691468,1,0.99,1,0.9957892918972696,1,0.999460756778717,1,0.9999667232370021
03-01-05-02-01-02-07.wav,7,male,angry,1,1,1.0,1,0.9999999998414035,1,0.9999999999999699,1,0.9999944839510518,1,1.0,1,0.9961784620092774,1,0.9992423057556152,1,0.9999846534430993
03-01-05-02-02-01-07.wav,7,male,angry,1,1,1.0,1,0.9999999999999432,1,0.9999999999999699,1,0.996737660315714,1,1.0,1,0.9958749363171788,1,0.9997255206108093,1,0.9999907018401644
03-01-05-02-02-02-07.wav,7,male,angry,1,0,0.0,1,0.9999999998082567,1,0.9999999999999699,1,0.9999980021838364,1,1.0,1,0.9958749363171788,1,0.9996235370635986,1,0.9999907018401644
03-01-06-01-01-01-07.wav,7,male,fearful,1,0,0.0,1,0.9350194919702335,1,0.951981743195307,1,0.9970865779092828,1,0.89,1,0.982787304342188,1,0.9994076490402222,1,0.9998990819142654
03-01-06-01-01-02-07.wav,7,male,fearful,1,1,1.0,0,0.4144410405115265,0,0.6168688019924465,0,0.636707782535682,1,0.86,1,0.850877454671542,1,0.9127668738365173,1,0.8530079695979764
03-01-06-01-02-01-07.wav,7,male,fearful,1,1,1.0,1,0.5866000569102208,1,0.7988235438825054,1,0.9082674415788281,1,0.97,1,0.9800679942854722,1,0.9995941519737244,1,0.999893148594568
03-01-06-01-02-02-07.wav,7,male,fearful,1,1,1.0,1,0.6800023168278174,1,0.8551908950104355,1,0.9619888950653033,1,0.98,1,0.9816396428642105,1,0.999806821346283,1,0.999895143595678
03-01-06-02-01-01-07.wav,7,male,fearful,1,1,1.0,1,0.9979927633984141,1,0.9999972729244228,1,0.9999995641187047,1,1.0,1,0.9961299163935893,1,0.9999486207962036,1,0.9999857796801371
03-01-06-02-01-02-07.wav,7,male,fearful,1,0,0.0,1,0.9885579513739954,1,0.9945912786150055,1,0.9969207616598986,1,1.0,1,0.9951416252526104,1,0.9999654293060303,1,0.9999882548360077
03-01-06-02-02-01-07.wav,7,male,fearful,1,1,1.0,1,0.9999717068303262,1,0.9999999998011642,1,0.9999999913916935,1,1.0,1,0.9967686048878825,1,0.99996018409729,1,0.9999903357638857
03-01-06-02-02-02-07.wav,7,male,fearful,1,0,0.0,1,0.9999835959640612,1,0.9999999999362522,1,0.9999998777277064,1,1.0,1,0.9877702853026074,1,0.9977994561195374,1,0.9999506921026848
03-01-07-01-01-01-07.wav,7,male,disgust,1,1,1.0,1,0.9650688780211111,1,0.9884820314655745,1,0.9999988716716012,1,0.99,1,0.9897071519806703,1,0.9996249675750732,1,0.9999869804542593
03-01-07-01-01-02-07.wav,7,male,disgust,1,0,0.0,1,0.9475671254903247,1,0.9799402781970187,1,0.9999871476577262,1,1.0,1,0.9939589890412126,1,0.9997537732124329,1,0.999977374333776
03-01-07-01-02-01-07.wav,7,male,disgust,1,1,1.0,1,0.9951637404760056,1,0.9694670457580984,1,0.9933236317465607,1,0.94,1,0.9842418422580999,1,0.9986398816108704,1,0.9999814004714943
03-01-07-01-02-02-07.wav,7,male,disgust,1,1,1.0,1,0.9774655594121181,1,0.9934942545436299,1,0.999995844940561,1,0.99,1,0.9914068302335532,1,0.9992572665214539,1,0.9999784351038697
03-01-07-02-01-01-07.wav,7,male,disgust,1,0,0.0,1,0.9929799274058149,1,0.996093202295632,1,0.9999997554967108,1,1.0,1,0.9959821595182926,1,0.999914288520813,1,0.999986521264045
03-01-07-02-01-02-07.wav,7,male,disgust,1,1,1.0,1,0.9805143850859867,1,0.9888442728469868,1,0.9999969084924847,1,0.99,1,0.9915650613426872,1,0.9980308413505554,1,0.9998676953024354
03-01-07-02-02-01-07.wav,7,male,disgust,1,1,1.0,1,0.9958486421908649,1,0.9999953468479683,1,0.999993234790437,1,0.96,1,0.989028353085777,1,0.9979166388511658,1,0.9999325131797718
03-01-07-02-02-02-07.wav,7,male,disgust,1,0,0.0,1,0.9868493131140479,1,0.9932399054733482,1,0.9999972449536393,1,0.98,1,0.9919333403890083,1,0.9989429116249084,1,0.9999666341543729
03-01-08-01-01-01-07.wav,7,male,surprised,1,0,0.0,1,0.8096986901670891,1,0.9225491364222522,1,0.9913441068195731,1,0.97,1,0.972655620556541,1,0.9990354776382446,1,0.9999644913444867
03-01-08-01-01-02-07.wav,7,male,surprised,1,1,1.0,1,0.9146992510678694,1,0.9549803274800786,1,0.9999874199472457,1,0.95,1,0.9759657494779739,1,0.9925332069396973,1,0.9999438972009144
03-01-08-01-02-01-07.wav,7,male,surprised,1,1,1.0,1,0.8425241783258315,1,0.9310245446844362,1,0.9881877921613527,1,0.99,1,0.9858919692992106,1,0.9996514320373535,1,0.9999688872376615
03-01-08-01-02-02-07.wav,7,male,surprised,1,1,1.0,1,0.6922288531305034,1,0.8291010327845142,1,0.9555666587570985,1,0.97,1,0.9878481304926744,1,0.9988545179367065,1,0.9999647942831812
03-01-08-02-01-01-07.wav,7,male,surprised,1,1,1.0,1,0.9924967027759432,1,0.9965761420146619,1,0.9999996493372714,1,1.0,1,0.994364180397139,1,0.9998475313186646,1,0.9999840494291924
03-01-08-02-01-02-07.wav,7,male,surprised,1,1,1.0,1,0.9797409550143213,1,0.9928060508691151,1,0.9999994936272247,1,0.98,1,0.9956671487634289,1,0.999679446220398,1,0.999956969175951
03-01-08-02-02-01-07.wav,7,male,surprised,1,1,1.0,1,0.9888947571224574,1,0.9953544904326532,1,0.99999858412994,1,1.0,1,0.9911962953088544,1,0.9996519088745117,1,0.9999824270104143
03-01-08-02-02-02-07.wav,7,male,surprised,1,1,1.0,1,0.9643603868983295,1,0.9849851158156284,1,0.9999887618885646,1,1.0,1,0.9899385930266598,1,0.9998082518577576,1,0.9999860584626925
03-01-01-01-01-01-08.wav,8,female,neutral,0,1,1.0,0,0.30408481552462974,0,0.5131152685332062,0,0.5129394686213293,0,0.29,0,0.2462643141229346,0,0.009947890415787697,0,0.0016806783397500626
03-01-01-01-01-02-08.wav,8,female,neutral,0,1,1.0,0,0.30686862265605047,0,0.5900862894142198,0,0.6472523576725173,1,0.68,1,0.6476566835635265,1,0.8843867182731628,0,0.3695406364074201
03-01-01-01-02-01-08.wav,8,female,neutral,0,1,1.0,0,0.35847990489103526,0,0.555268461857864,0,0.4544823910112283,0,0.44,1,0.5955221230970179,0,0.04849819093942642,0,0.021937122277289025
03-01-01-01-02-02-08.wav,8,female,neutral,0,1,1.0,0,0.384236174550043,0,0.5580314426921282,0,0.2321611238712607,0,0.42,0,0.37843785073738434,0,0.023934990167617798,0,0.1432528803827547
03-01-02-01-01-01-08.wav,8,female,calm,0,0,0.0,0,0.0064396863691853,0,0.036889689377977326,0,0.03371377315077712,0,0.02,0,0.01291080070126577,0,0.00019409078231547028,0,7.113888720207061e-05
03-01-02-01-01-02-08.wav,8,female,calm,0,1,1.0,0,0.01632491304756831,0,0.09788288819178116,0,0.06138766566728425,0,0.01,0,0.0465697458108229,0,0.0010197811061516404,0,0.0011371673336898914
03-01-02-01-02-01-08.wav,8,female,calm,0,0,0.0,0,0.029571691252962173,0,0.14993964416762393,0,0.10395808443273309,0,0.01,0,0.016937807091875326,0,0.000400224031182006,0,5.4103474699310764e-05
03-01-02-01-02-02-08.wav,8,female,calm,0,0,0.0,0,0.005341668888004645,0,0.03370610119757699,0,0.1104196460741778,0,0.05,0,0.038052195491357424,0,0.025859922170639038,0,0.0009510791613998968
03-01-02-02-01-01-08.wav,8,female,calm,0,1,1.0,0,0.028473174878115518,0,0.1843150721112236,0,0.012817728348504738,0,0.02,0,0.006427051989044098,0,0.0001691747602308169,0,4.1304077743446713e-05
03-01-02-02-01-02-08.wav,8,female,calm,0,1,1.0,0,0.022645466844324603,0,0.14767099711085666,0,0.1763321765662934,0,0.0,0,0.032433803921997295,0,0.00021023738372605294,0,8.98809470941665e-05
03-01-02-02-02-01-08.wav,8,female,calm,0,1,1.0,0,0.010073984987062235,0,0.06505930681726094,0,0.10943989794001803,0,0.07,0,0.033783505463539566,0,0.012450503185391426,0,0.0007913187604485119
03-01-02-02-02-02-08.wav,8,female,calm,0,1,1.0,0,0.013018511809300937,0,0.08976094120298832,0,0.09101487136348915,0,0.05,0,0.0243001478333156,0,0.0037517885211855173,0,0.00035242819128938413
03-01-03-01-01-01-08.wav,8,female,happy,1,1,1.0,0,0.49965079978681504,0,0.7825024933656,0,0.8468459186163972,1,0.93,1,0.9593164276614918,1,0.9937081336975098,1,0.9990871339002477
03-01-03-01-01-02-08.wav,8,female,happy,1,1,1.0,1,0.5005632719742925,0,0.7742266390948109,0,0.7895312863886966,1,0.9,1,0.9164191909529827,1,0.9844037294387817,1,0.998840019808476
03-01-03-01-02-01-08.wav,8,female,happy,1,1,1.0,0,0.26706801013073667,0,0.5082466493922662,0,0.2727662579713067,1,0.84,1,0.7912350478391796,1,0.9200204014778137,1,0.993341328494025
03-01-03-01-02-02-08.wav,8,female,happy,1,1,1.0,1,0.6837734180797103,1,0.842274944327782,0,0.6544896036466049,1,0.89,1,0.9433922865123386,1,0.7241933941841125,1,0.7727203672372547
03-01-03-02-01-01-08.wav,8,female,happy,1,0,0.0,1,0.9483319614623243,1,0.9885965248938686,1,0.9999881535374185,1,1.0,1,0.9962138908440175,1,0.9998646974563599,1,0.9999893268146923
03-01-03-02-01-02-08.wav,8,female,happy,1,1,1.0,1,0.9824473007883539,1,0.9962206164331682,1,0.999999413882655,1,1.0,1,0.993510345914492,1,0.9997870326042175,1,0.999990744323886
03-01-03-02-02-01-08.wav,8,female,happy,1,0,0.0,1,0.9624432296095752,1,0.9901435760195209,1,0.9951260652177748,1,1.0,1,0.9942595429291214,1,0.9961045980453491,1,0.9999769734931333
03-01-03-02-02-02-08.wav,8,female,happy,1,1,1.0,1,0.8505154168794108,1,0.9532012911557488,1,0.921126508569264,1,0.99,1,0.9880921124824794,1,0.9857813715934753,1,0.9999654666852918
03-01-04-01-01-01-08.wav,8,female,sad,1,1,1.0,0,0.47767704053061444,0,0.7284710703427709,1,0.928437071926868,1,0.81,1,0.9084229212802107,1,0.9936734437942505,1,0.9986259607374683
03-01-04-01-01-02-08.wav,8,female,sad,1,1,1.0,0,0.35106168005187,0,0.5838021279840597,0,0.7345984079205646,1,0.62,1,0.8938292932558101,1,0.9709300994873047,1,0.9899753649909185
03-01-04-01-02-01-08.wav,8,female,sad,1,1,1.0,0,0.15593153585671943,0,0.3363620947890976,0,0.3095094545151318,1,0.68,1,0.5448423616069304,1,0.6308169960975647,1,0.8962042987137897
03-01-04-01-02-02-08.wav,8,female,sad,1,0,0.0,0,0.19888286582759593,0,0.46054851134024893,1,0.8835308155674009,1,0.71,1,0.5768165875417761,1,0.7328683733940125,1,0.9801057716227664
03-01-04-02-01-01-08.wav,8,female,sad,1,1,1.0,0,0.15162881058256406,0,0.393500101033791,0,0.3741127342694596,1,0.99,1,0.9534678618592252,1,0.99529629945755,1,0.9993297371993516
03-01-04-02-01-02-08.wav,8,female,sad,1,0,0.0,1,0.5077648700122906,0,0.4625193215016233,1,0.9955238181162404,1,0.99,1,0.9928154587080527,1,0.9999232292175293,1,0.999915970826631
03-01-04-02-02-01-08.wav,8,female,sad,1,1,1.0,0,0.24964256004386204,0,0.48437391668764423,0,0.6115049768969152,1,0.85,1,0.9192372026745446,1,0.8178596496582031,1,0.9801449795071242
03-01-04-02-02-02-08.wav,8,female,sad,1,1,1.0,0,0.050391342067874684,0,0.02303444022708729,1,0.995531389151947,1,0.97,1,0.9849600179029122,1,0.9978272318840027,1,0.9995396506988663
03-01-05-01-01-01-08.wav,8,female,angry,1,1,1.0,1,0.9466823031211045,1,0.9855193809535855,1,0.9999997425032839,1,0.99,1,0.9923568020707154,1,0.9993815422058105,1,0.9999856399305165
03-01-05-01-01-02-08.wav,8,female,angry,1,0,0.0,1,0.9060366238486203,1,0.965038295377283,1,0.9999962162015046,1,0.97,1,0.9909218397820418,1,0.9907331466674805,1,0.9999326983960584
03-01-05-01-02-01-08.wav,8,female,angry,1,0,0.0,1,0.8828361768459104,1,0.9558782028558422,1,0.9999908944687582,1,1.0,1,0.9868521332075098,1,0.9987164735794067,1,0.9999435389682858
03-01-05-01-02-02-08.wav,8,female,angry,1,1,1.0,1,0.9440593267479471,1,0.9807447874968809,1,0.9999961392568676,1,1.0,1,0.9895421832391917,1,0.999030351638794,1,0.9999173672818203
03-01-05-02-01-01-08.wav,8,female,angry,1,1,1.0,1,0.9997109108526561,1,0.999999994354194,1,0.9999999851484789,1,1.0,1,0.9951398187222801,1,0.9995891451835632,1,0.9999876592096303
03-01-05-02-01-02-08.wav,8,female,angry,1,1,1.0,1,0.9999999999966147,1,0.9999999999999699,1,0.9999965387744296,1,1.0,1,0.9978043363730362,1,0.9996846914291382,1,0.9999809339592413
03-01-05-02-02-01-08.wav,8,female,angry,1,1,1.0,1,0.9997215056290493,1,0.9999999970509941,1,0.9999999858201614,1,1.0,1,0.9944458144440331,1,0.9998704195022583,1,0.9999890731825282
03-01-05-02-02-02-08.wav,8,female,angry,1,0,0.0,1,0.9999213793873496,1,0.9999999997168684,1,0.9999999626438051,1,1.0,1,0.9960654106226245,1,0.9994124174118042,1,0.999986960936764
03-01-06-01-01-01-08.wav,8,female,fearful,1,0,0.0,1,0.9769197183526138,1,0.9906087121006365,1,0.9999984449953302,1,1.0,1,0.9961069919072583,1,0.9994889497756958,1,0.9999902454771574
03-01-06-01-01-02-08.wav,8,female,fearful,1,1,1.0,1,0.7088183163064944,1,0.8629878407085546,1,0.9532422639792906,1,0.98,1,0.9871532572895587,1,0.9974197149276733,1,0.9999236536289137
03-01-06-01-02-01-08.wav,8,female,fearful,1,1,1.0,1,0.9370958617360513,1,0.9818681968234482,1,0.9175362302788639,1,0.95,1,0.9262746088417894,1,0.9959954023361206,1,0.9999587387533815
03-01-06-01-02-02-08.wav,8,female,fearful,1,1,1.0,1,0.9473417019398191,1,0.9836597908531777,1,0.9999918708976322,1,1.0,1,0.9908161879917007,1,0.9995490908622742,1,0.999968992935394
03-01-06-02-01-01-08.wav,8,female,fearful,1,1,1.0,1,0.9999874348111388,1,0.9999999999981876,1,0.9999998327717111,1,1.0,1,0.9918676814127064,1,0.9982683658599854,1,0.999985557727467
03-01-06-02-01-02-08.wav,8,female,fearful,1,0,0.0,1,0.9999915321804184,1,0.9999999999990618,1,0.9999999854120438,1,0.99,1,0.9914063926292032,1,0.9999014139175415,1,0.9999903442014192
03-01-06-02-02-01-08.wav,8,female,fearful,1,1,1.0,1,0.9999926470955507,1,0.9999999999985145,1,0.9999999959871525,1,1.0,1,0.9963194130070798,1,0.9998973608016968,1,0.9999869884022832
03-01-06-02-02-02-08.wav,8,female,fearful,1,0,0.0,1,0.9999737914847613,1,0.999999999980615,1,0.9999999804424438,1,1.0,1,0.9903902264089013,1,0.9997574687004089,1,0.9999871271175691
03-01-07-01-01-01-08.wav,8,female,disgust,1,1,1.0,1,0.87945746651889,1,0.9490704675411399,1,0.9785736740106912,1,0.98,1,0.9863822060389501,1,0.9991766810417175,1,0.999979441049632
03-01-07-01-01-02-08.wav,8,female,disgust,1,0,0.0,1,0.8789941847270967,1,0.9524465538848735,1,0.9914096588322792,1,0.98,1,0.9819741150366,1,0.9967836141586304,1,0.9999660430892525
03-01-07-01-02-01-08.wav,8,female,disgust,1,1,1.0,1,0.8033692213034314,1,0.9173329296493961,1,0.9695459248992425,1,0.74,1,0.86054425212308,1,0.7635756134986877,1,0.8699436970237038
03-01-07-01-02-02-08.wav,8,female,disgust,1,1,1.0,1,0.637575086733489,0,0.7844065451964294,0,0.7349486004318748,1,0.66,1,0.8006663755687593,1,0.5879254937171936,1,0.9284505471010557
03-01-07-02-01-01-08.wav,8,female,disgust,1,0,0.0,1,0.953706083936182,1,0.9877472563122448,1,0.9999957427304518,1,1.0,1,0.9962309732349909,1,0.9999895095825195,1,0.9999871942095968
03-01-07-02-01-02-08.wav,8,female,disgust,1,1,1.0,1,0.9773674365582488,1,0.9819246133329179,1,0.9974377117261256,1,0.95,1,0.9861908996822744,1,0.9986020922660828,1,0.999464976698878
03-01-07-02-02-01-08.wav,8,female,disgust,1,1,1.0,1,0.5717324045112387,0,0.732687839918348,1,0.8960947479689235,1,0.86,1,0.9814763546410867,1,0.9991068243980408,1,0.9997159010653742
03-01-07-02-02-02-08.wav,8,female,disgust,1,0,0.0,1,0.8182027055960681,1,0.9066456386923059,1,0.9784974649407417,1,0.98,1,0.9953615238248641,1,0.9999104738235474,1,0.9999843641747548
03-01-08-01-01-01-08.wav,8,female,surprised,1,0,0.0,1,0.9477012226994139,1,0.977530136029138,1,0.9999992363910116,1,0.99,1,0.9963654422921043,1,0.9999436140060425,1,0.9999734979718922
03-01-08-01-01-02-08.wav,8,female,surprised,1,1,1.0,1,0.9606905478014129,1,0.9843635536239591,1,0.999999838796096,1,0.98,1,0.9931676776907427,1,0.9999300241470337,1,0.9999584217848668
03-01-08-01-02-01-08.wav,8,female,surprised,1,1,1.0,1,0.9667310125135297,1,0.9883729893617643,1,0.9999980077638259,1,0.99,1,0.9961831350109204,1,0.9999129772186279,1,0.9999796544445553
03-01-08-01-02-02-08.wav,8,female,surprised,1,1,1.0,1,0.7943460723001602,1,0.8912874884279386,1,0.9751094576608944,1,0.97,1,0.984558986308752,1,0.9986398816108704,1,0.9997423218084273
03-01-08-02-01-01-08.wav,8,female,surprised,1,1,1.0,1,0.9995969255182993,1,0.9999996812339746,1,0.9999896782972566,1,0.99,1,0.9960701825230183,1,0.9999222755432129,1,0.9999846986321387
03-01-08-02-01-02-08.wav,8,female,surprised,1,1,1.0,1,0.9929816201977825,1,0.9999917071218382,1,0.9999999755487355,1,0.99,1,0.9964618834275856,1,0.9997277855873108,1,0.9999911756744851
03-01-08-02-02-01-08.wav,8,female,surprised,1,1,1.0,1,0.9958309284993015,1,0.9999972186748707,1,0.9999996593218796,1,0.99,1,0.9960857569182059,1,0.9997504353523254,1,0.9999829453697526
03-01-08-02-02-02-08.wav,8,female,surprised,1,1,1.0,1,0.9924917735205134,1,0.9999869789797378,1,0.9999940323176213,1,1.0,1,0.9967359492647648,1,0.9999580383300781,1,0.9999830505629775
03-01-01-01-01-01-09.wav,9,male,neutral,0,1,1.0,0,0.2667069651240735,0,0.4536071091131076,0,0.64761287187097,1,0.73,1,0.9347946791214371,0,0.3044874668121338,1,0.9239581093913366
03-01-01-01-01-02-09.wav,9,male,neutral,0,1,1.0,0,0.13077389370216796,0,0.3307928349379074,0,0.09516164167057925,1,0.73,1,0.7695446844080431,0,0.17580996453762054,1,0.8554378164905183
03-01-01-01-02-01-09.wav,9,male,neutral,0,1,1.0,1,0.506604007161472,1,0.843382825262167,0,0.6128265765270743,1,0.72,1,0.9518323928484155,1,0.6412836313247681,1,0.9164511451819503
03-01-01-01-02-02-09.wav,9,male,neutral,0,1,1.0,0,0.144820404504649,0,0.37615341594671203,0,0.11764083537700216,1,0.86,1,0.8287990557249975,1,0.9768770337104797,1,0.9992917408721
03-01-02-01-01-01-09.wav,9,male,calm,0,0,0.0,0,0.009930598155603348,0,0.09174575596984125,0,0.25602313428276996,0,0.08,0,0.02478730901401752,0,0.022481560707092285,0,0.010874130107887698
03-01-02-01-01-02-09.wav,9,male,calm,0,1,1.0,0,0.01224871835907625,0,0.10535439004749657,0,0.14257723558383828,1,0.53,1,0.8588430498479789,1,0.5623972415924072,0,0.017272862351004142
03-01-02-01-02-01-09.wav,9,male,calm,0,0,0.0,0,0.028882130016388095,0,0.2192459752639635,0,0.16751348127514298,0,0.01,0,0.023312358557589036,0,0.001664392533712089,0,9.04099293378613e-05
03-01-02-01-02-02-09.wav,9,male,calm,0,0,0.0,0,0.008444983755314238,0,0.08040462995664256,0,0.29501728846504965,0,0.06,0,0.024720520172401908,0,0.0040992554277181625,0,0.0003569608413200851
03-01-02-02-01-01-09.wav,9,male,calm,0,1,1.0,0,0.06983993640968221,0,0.3490478439007023,0,0.5224640161834435,0,0.29,0,0.026240967250338747,0,0.10918658971786499,0,0.003754115900077724
03-01-02-02-01-02-09.wav,9,male,calm,0,1,1.0,0,0.018082708404102456,0,0.15079812126475625,0,0.42321782799568297,0,0.14,0,0.005930305366574085,0,0.14495959877967834,0,0.0012626540484800143
03-01-02-02-02-01-09.wav,9,male,calm,0,1,1.0,0,0.06341623078686315,0,0.3835526807086313,0,0.587827485899558,0,0.07,0,0.014014987968134102,0,0.0014907547738403082,0,0.00011313864469108453
03-01-02-02-02-02-09.wav,9,male,calm,0,1,1.0,0,0.02036587256428514,0,0.16661162109289585,0,0.2013358111133759,0,0.04,0,0.055394769363795136,0,0.007485609967261553,0,0.0001938362518425153
03-01-03-01-01-01-09.wav,9,male,happy,1,1,1.0,0,0.38920440172529713,0,0.6256404322276459,0,0.3135468201044439,1,0.73,1,0.6438006952506052,1,0.8573416471481323,1,0.998922313391264
03-01-03-01-01-02-09.wav,9,male,happy,1,1,1.0,0,0.287317083651699,0,0.5744083716268881,0,0.4417843568221808,1,0.67,1,0.9184263324683491,1,0.8800355792045593,1,0.980226123786318
03-01-03-01-02-01-09.wav,9,male,happy,1,1,1.0,0,0.36940152960261613,0,0.7339845014213799,0,0.6688834852958709,1,0.6,0,0.39027117600944633,0,0.06248326227068901,0,0.14481274147130754
03-01-03-01-02-02-09.wav,9,male,happy,1,1,1.0,0,0.3498654892207524,0,0.6824851387940061,0,0.7584679957140339,1,0.75,1,0.7589686229299143,1,0.7574925422668457,1,0.9354169203640901
03-01-03-02-01-01-09.wav,9,male,happy,1,0,0.0,1,0.9975830136830733,1,0.9999970863911484,1,0.9999823041196685,1,1.0,1,0.9946166893834154,1,0.9996737241744995,1,0.9999816604067505
03-01-03-02-01-02-09.wav,9,male,happy,1,1,1.0,1,0.9831036284396115,1,0.9944188112814083,1,0.9555810453600977,1,1.0,1,0.9957781815511975,1,0.9978429079055786,1,0.9999845257028501
03-01-03-02-02-01-09.wav,9,male,happy,1,0,0.0,1,0.9997843069219664,1,0.9999999946590108,1,0.9974421579359194,1,1.0,1,0.9957667444225139,1,0.9995492100715637,1,0.9999916103266655
03-01-03-02-02-02-09.wav,9,male,happy,1,1,1.0,1,0.9736428361553635,1,0.9896554565110284,1,0.9524380856461149,1,0.99,1,0.9941829788243606,1,0.9984960556030273,1,0.9999568748349583
03-01-04-01-01-01-09.wav,9,male,sad,1,1,1.0,0,0.32502065829070764,0,0.7740946292264893,0,0.7772783785965416,1,0.79,1,0.9281464931222468,1,0.9707494378089905,1,0.9958318697232497
03-01-04-01-01-02-09.wav,9,male,sad,1,1,1.0,0,0.03353668383530299,0,0.15786575467150316,0,0.19475679739779184,1,0.73,1,0.9332946570434417,1,0.8771211504936218,1,0.9877157525735457
03-01-04-01-02-01-09.wav,9,male,sad,1,1,1.0,0,0.1042470373521676,0,0.467412117415747,0,0.44250624136372696,1,0.86,1,0.9595777135016007,1,0.9972310662269592,1,0.9939883493347972
03-01-04-01-02-02-09.wav,9,male,sad,1,0,0.0,0,0.14218732043235077,0,0.6132640943603784,0,0.3376189123608632,1,0.77,1,0.7838693872490585,1,0.9876973032951355,1,0.9775936731487729
03-01-04-02-01-01-09.wav,9,male,sad,1,1,1.0,0,0.009838836531839111,0,0.4331150187775968,1,0.9877636470740009,1,0.93,1,0.965513976033831,1,0.9959967136383057,1,0.9998775801097004
03-01-04-02-01-02-09.wav,9,male,sad,1,0,0.0,0,0.030032837685354464,0,0.09688938946544695,0,0.7282435442791139,1,0.88,1,0.8781234648980256,1,0.9572553038597107,1,0.998733565004808
03-01-04-02-02-01-09.wav,9,male,sad,1,1,1.0,0,0.41309291136106696,1,0.8276007155345232,1,0.9245612304648309,1,0.86,1,0.9613815642277558,1,0.9816111922264099,1,0.9991489247502677
03-01-04-02-02-02-09.wav,9,male,sad,1,1,1.0,0,0.023216926792238777,0,0.1381021208188696,0,0.14003420224973698,0,0.13,0,0.13908284818630368,0,0.06657344102859497,0,0.018225659808981172
03-01-05-01-01-01-09.wav,9,male,angry,1,1,1.0,1,0.6901042710081544,1,0.8926880787045105,1,0.9900438888168537,1,0.8,1,0.9597199253263646,1,0.957788348197937,1,0.9848825464283768
03-01-05-01-01-02-09.wav,9,male,angry,1,0,0.0,1,0.6512120926607301,1,0.8341515590089164,1,0.9909019144999998,1,0.74,1,0.8762403766443283,1,0.6968479156494141,1,0.9938667325276751
03-01-05-01-02-01-09.wav,9,male,angry,1,0,0.0,1,0.6811809275551507,1,0.8745419343856637,1,0.9853199139116614,1,0.94,1,0.9630308015986314,1,0.9942942261695862,1,0.9998736878512821
03-01-05-01-02-02-09.wav,9,male,angry,1,1,1.0,1,0.7271647512955645,1,0.8934728919796444,1,0.9938815878024614,1,0.99,1,0.9826123487133014,1,0.9997928738594055,1,0.9999770608886727
03-01-05-02-01-01-09.wav,9,male,angry,1,1,1.0,1,0.9999999833392211,1,0.9999999999999699,1,0.9972666169494367,1,1.0,1,0.9956498370051062,1,0.9988652467727661,1,0.9998727981798523
03-01-05-02-01-02-09.wav,9,male,angry,1,1,1.0,1,0.9999991762930552,1,0.9999999999999686,1,0.9999955252934684,1,1.0,1,0.994082548103172,1,0.999407172203064,1,0.9998727981798523
03-01-05-02-02-01-09.wav,9,male,angry,1,1,1.0,1,0.9999999992461646,1,0.9999999999999699,1,0.9950863689129871,1,1.0,1,0.9963653055950265,1,0.9996432065963745,1,0.9999916246407117
03-01-05-02-02-02-09.wav,9,male,angry,1,0,0.0,1,0.9999999979415577,1,0.9999999999999699,1,0.9966563577756795,1,1.0,1,0.9966842449813595,1,0.9993500113487244,1,0.9999916246407117
03-01-06-01-01-01-09.wav,9,male,fearful,1,0,0.0,0,0.4981591658121501,1,0.8390730207218371,0,0.8045988797749052,1,0.85,1,0.9770343347328195,1,0.9230478405952454,1,0.9885317518607791
03-01-06-01-01-02-09.wav,9,male,fearful,1,1,1.0,1,0.51565089826624,1,0.8316768690252425,0,0.7341320180481995,1,0.76,1,0.9689649331819155,1,0.7531354427337646,1,0.9256468635932207
03-01-06-01-02-01-09.wav,9,male,fearful,1,1,1.0,1,0.8219716850033557,1,0.9407489865898531,1,0.9807203250314223,1,0.89,1,0.9590042098475317,1,0.9541571140289307,1,0.9805152460006044
03-01-06-01-02-02-09.wav,9,male,fearful,1,1,1.0,1,0.6335320267087249,1,0.9020386543803668,0,0.7411035584455756,1,0.84,1,0.9914540188357506,1,0.9681460857391357,1,0.9997901862527127
03-01-06-02-01-01-09.wav,9,male,fearful,1,1,1.0,1,0.829522735613321,1,0.9559042174769014,1,0.9826617750165522,1,0.95,1,0.9925689382153114,1,0.9998553991317749,1,0.9999626906135981
03-01-06-02-01-02-09.wav,9,male,fearful,1,0,0.0,1,0.7675470220732268,1,0.9120837115638022,1,0.983931472588445,1,0.97,1,0.9779087287539806,1,0.9996603727340698,1,0.9999386265710817
03-01-06-02-02-01-09.wav,9,male,fearful,1,1,1.0,1,0.9095560165688343,1,0.9634221411211892,1,0.9878884750703866,1,1.0,1,0.9961219620537437,1,0.9997175335884094,1,0.9999887644032587
03-01-06-02-02-02-09.wav,9,male,fearful,1,0,0.0,1,0.9570339036692136,1,0.9823660093132257,1,0.987315254112458,1,0.98,1,0.9937272456486971,1,0.9994519352912903,1,0.9999770067124446
03-01-07-01-01-01-09.wav,9,male,disgust,1,1,1.0,1,0.5787851870896871,1,0.8154970634373871,0,0.46710653114644674,1,0.92,1,0.9910755115513119,1,0.9893341660499573,1,0.9998886624296197
03-01-07-01-01-02-09.wav,9,male,disgust,1,0,0.0,1,0.5963829197614701,1,0.8360438853865124,0,0.47454464077559805,1,0.82,1,0.9500921817312648,1,0.9803789854049683,1,0.9994269061341242
03-01-07-01-02-01-09.wav,9,male,disgust,1,1,1.0,1,0.6311220584744738,1,0.8853449118787361,0,0.7188841145918319,1,0.92,1,0.9928089532229988,1,0.9977617263793945,1,0.9999654767543531
03-01-07-01-02-02-09.wav,9,male,disgust,1,1,1.0,1,0.8519200355648204,1,0.9544423270737179,1,0.9752101039697021,1,0.91,1,0.9838298847059804,1,0.9996232986450195,1,0.9999502656623512
03-01-07-02-01-01-09.wav,9,male,disgust,1,0,0.0,1,0.5656471437979516,0,0.7944408896366012,0,0.7265469929420975,1,0.89,1,0.9512622101797175,1,0.9957863688468933,1,0.9999139553152613
03-01-07-02-01-02-09.wav,9,male,disgust,1,1,1.0,1,0.7452623737685421,1,0.8626367992380555,1,0.9664037185978275,1,0.93,1,0.8622294092851744,1,0.9787251353263855,1,0.9933120300796913
03-01-07-02-02-01-09.wav,9,male,disgust,1,1,1.0,1,0.8191694363293524,1,0.9413618544875134,1,0.9754197629527055,1,0.88,1,0.9475730697974718,1,0.9831042289733887,1,0.9985195034098518
03-01-07-02-02-02-09.wav,9,male,disgust,1,0,0.0,0,0.46626627631197815,0,0.7430455610638064,1,0.9370533036482187,1,0.84,1,0.7938156108245273,1,0.9427464604377747,1,0.6264757806678568
03-01-08-01-01-01-09.wav,9,male,surprised,1,0,0.0,0,0.2523795863805033,0,0.5767566525111396,0,0.2710690737712974,1,0.79,1,0.8468932679361891,1,0.8594231605529785,1,0.9862620131294566
03-01-08-01-01-02-09.wav,9,male,surprised,1,1,1.0,0,0.1598337667497209,0,0.37607736752553056,0,0.20018707514842135,1,0.77,1,0.7702790396503316,1,0.6656285524368286,1,0.9978927671972622
03-01-08-01-02-01-09.wav,9,male,surprised,1,1,1.0,0,0.13729330284947716,0,0.4162190352245641,0,0.3822574497695531,1,0.68,1,0.6125320934861929,1,0.9235140681266785,1,0.9733892799496942
03-01-08-01-02-02-09.wav,9,male,surprised,1,1,1.0,0,0.13656061920808973,0,0.4020305454515669,0,0.17060041582798163,1,0.73,1,0.662959473870238,1,0.8520594835281372,1,0.9842878040354816
03-01-08-02-01-01-09.wav,9,male,surprised,1,1,1.0,1,0.5843456974530595,1,0.8205003212755182,0,0.7835644316485403,1,0.94,1,0.9762027484101845,1,0.9892961382865906,1,0.9999200044739011
03-01-08-02-01-02-09.wav,9,male,surprised,1,1,1.0,0,0.36829032991002253,0,0.6760444515410693,0,0.45595730719607175,1,0.78,1,0.7898168313681687,1,0.8886588215827942,1,0.9959049808042035
03-01-08-02-02-01-09.wav,9,male,surprised,1,1,1.0,1,0.9528741183309309,1,0.9966372405091581,1,0.9999914366126278,1,0.91,1,0.9724978886746446,1,0.9959945678710938,1,0.9995786159083634
03-01-08-02-02-02-09.wav,9,male,surprised,1,1,1.0,1,0.8251504762734552,1,0.976449145358585,1,0.9959912028954253,1,0.91,1,0.9236481617555656,1,0.9863570928573608,1,0.9986272648741409
03-01-01-01-01-01-10.wav,10,female,neutral,0,1,1.0,1,0.5651433484374703,0,0.7659230940720586,1,0.8442319813707699,1,1.0,1,0.9839935095160123,1,0.9993945360183716,1,0.9999659602052797
03-01-01-01-01-02-10.wav,10,female,neutral,0,1,1.0,0,0.41609022686884883,0,0.6876027887719603,0,0.47940447572822215,1,0.62,1,0.9083729241434981,1,0.9536042809486389,1,0.9987984239225511
03-01-01-01-02-01-10.wav,10,female,neutral,0,1,1.0,0,0.19239292722304893,0,0.42476748862202135,0,0.5842474630306359,0,0.37,0,0.05753284913731296,0,0.03672715649008751,1,0.9966073960254851
03-01-01-01-02-02-10.wav,10,female,neutral,0,1,1.0,0,0.08062300116192402,0,0.2278695350616712,0,0.4119368811500495,0,0.38,0,0.17894113223355249,0,0.48901885747909546,1,0.8862117523298703
03-01-02-01-01-01-10.wav,10,female,calm,0,1,1.0,0,0.18015836945563135,0,0.5375143922834118,0,0.55053172451642,0,0.37,0,0.04217425104070731,0,0.007299971766769886,0,0.3641999200131232
03-01-02-01-01-02-10.wav,10,female,calm,0,0,0.0,0,0.24747993201797006,0,0.5523528463513143,0,0.5255061628355515,1,0.52,1,0.8578405201869166,1,0.5527728796005249,1,0.9951010373978185
03-01-02-01-02-01-10.wav,10,female,calm,0,1,1.0,0,0.11417056752061011,0,0.43004694497409907,0,0.4018378269015044,0,0.33,0,0.06763156739214124,0,0.2637689709663391,1,0.8872019211006582
03-01-02-01-02-02-10.wav,10,female,calm,0,1,1.0,0,0.13464835105595543,0,0.42026960141942565,0,0.5,0,0.4,0,0.06617688506210795,0,0.22039130330085754,1,0.9896896086937432
03-01-02-02-01-01-10.wav,10,female,calm,0,1,1.0,0,0.1533842664770534,0,0.4450680407323372,0,0.5843232439680018,0,0.44,0,0.07899265807103403,0,0.25540581345558167,1,0.9683520410558257
03-01-02-02-01-02-10.wav,10,female,calm,0,1,1.0,0,0.18103956760935408,0,0.4712109326953448,0,0.7186732200413583,1,0.53,0,0.06955159674109618,0,0.17632362246513367,1,0.9933373496385913
03-01-02-02-02-01-10.wav,10,female,calm,0,1,1.0,0,0.04676341407756574,0,0.20046586311379733,0,0.40886546244599203,0,0.47,0,0.04317296665934719,0,0.18951988220214844,1,0.9739874633162621
03-01-02-02-02-02-10.wav,10,female,calm,0,1,1.0,0,0.021633008058801858,0,0.11047252718113253,0,0.2156714973138371,0,0.16,0,0.04609964358857598,0,0.011994504369795322,0,0.003005015508283598
03-01-03-01-01-01-10.wav,10,female,happy,1,1,1.0,1,0.9946482645482859,1,0.9999883188401629,1,0.9999998846390873,1,1.0,1,0.9931389696096283,1,0.99967360496521,1,0.9999861432646726
03-01-03-01-01-02-10.wav,10,female,happy,1,0,0.0,1,0.9985455543847802,1,0.9999993866725301,1,0.9999999927478515,1,1.0,1,0.9943435534033542,1,0.9995014667510986,1,0.9999784544714436
03-01-03-01-02-01-10.wav,10,female,happy,1,0,0.0,1,0.9706794266983366,1,0.9897751798415221,1,0.9974512196933851,1,1.0,1,0.988552988381459,1,0.9993519186973572,1,0.999972847491809
03-01-03-01-02-02-10.wav,10,female,happy,1,1,1.0,1,0.9965236777500639,1,0.9999971578959175,1,0.9999988220643794,1,0.99,1,0.9892914777263991,1,0.9989877343177795,1,0.9999807441463079
03-01-03-02-01-01-10.wav,10,female,happy,1,1,1.0,1,0.9999999999380567,1,0.9999999999999699,1,0.99999961546542,1,1.0,1,0.9975044932070539,1,0.9998644590377808,1,0.9999838540478635
03-01-03-02-01-02-10.wav,10,female,happy,1,1,1.0,1,0.9999999997151456,1,0.9999999999999699,1,0.9999997826090472,1,1.0,1,0.9959746933452358,1,0.9993329644203186,1,0.9999826764834981
03-01-03-02-02-01-10.wav,10,female,happy,1,1,1.0,1,0.9999999999999305,1,0.9999999999999699,1,0.9971028337645221,1,1.0,1,0.9779579446170272,1,0.9969452023506165,1,0.9999677518347214
03-01-03-02-02-02-10.wav,10,female,happy,1,1,1.0,1,0.9999999999881655,1,0.9999999999999699,1,0.9999939185721279,1,1.0,1,0.9935027984251142,1,0.9994115829467773,1,0.9999826655208466
03-01-04-01-01-01-10.wav,10,female,sad,1,1,1.0,0,0.3916981110075688,0,0.6601857614440978,0,0.4569935867508266,1,0.75,1,0.8138349737274263,1,0.7027928829193115,1,0.9892723036703628
03-01-04-01-01-02-10.wav,10,female,sad,1,1,1.0,0,0.029342405906271674,0,0.14039936191012573,0,0.15348361063534235,1,0.61,1,0.929117734047953,1,0.9434918761253357,1,0.9461323773002869
03-01-04-01-02-01-10.wav,10,female,sad,1,1,1.0,0,0.2579813780634581,0,0.5551287127603688,0,0.48029677800944676,1,0.87,1,0.8827002241031074,1,0.9806713461875916,1,0.996777758998369
03-01-04-01-02-02-10.wav,10,female,sad,1,1,1.0,0,0.12084201888443051,0,0.3520577923694089,0,0.4023122581280103,1,0.82,1,0.8705745011709048,1,0.9818921685218811,1,0.9641738271901791
03-01-04-02-01-01-10.wav,10,female,sad,1,0,0.0,1,0.9434062346751829,1,0.9797873061453659,1,0.9942196120874085,1,0.99,1,0.9794436625114423,1,0.998808741569519,1,0.9999722429194494
03-01-04-02-01-02-10.wav,10,female,sad,1,1,1.0,1,0.848779150072396,1,0.9393812170952389,1,0.9886735311979603,1,1.0,1,0.9910382228409498,1,0.9988547563552856,1,0.999977801316958
03-01-04-02-02-01-10.wav,10,female,sad,1,1,1.0,0,0.25791703470943544,0,0.5198349342211269,0,0.7522005113146973,1,0.88,1,0.8938176202297607,1,0.9581666588783264,1,0.9896950636974835
03-01-04-02-02-02-10.wav,10,female,sad,1,1,1.0,0,0.06112678565679985,0,0.16645816240014472,0,0.17067706676088618,1,0.6,1,0.9312203023076454,1,0.6176799535751343,1,0.9888035427906624
03-01-05-01-01-01-10.wav,10,female,angry,1,1,1.0,1,0.9263940650146745,1,0.975372612119601,1,0.9999942351361805,1,0.97,1,0.993583885091342,1,0.9996254444122314,1,0.9999805054404519
03-01-05-01-01-02-10.wav,10,female,angry,1,1,1.0,1,0.9993704555515294,1,0.9999999689557479,1,0.9999999889991186,1,1.0,1,0.9971129535949208,1,0.999799907207489,1,0.9999870921763321
03-01-05-01-02-01-10.wav,10,female,angry,1,1,1.0,1,0.9840287840564387,1,0.9960325536172542,1,0.9999989747397221,1,0.99,1,0.9945446946510498,1,0.9992967844009399,1,0.9999665238124018
03-01-05-01-02-02-10.wav,10,female,angry,1,1,1.0,1,0.9877378061294776,1,0.9999867953559269,1,0.9999994926284955,1,0.99,1,0.9937077777371714,1,0.9994351267814636,1,0.9999574134659157
03-01-05-02-01-01-10.wav,10,female,angry,1,1,1.0,1,0.9999999998845512,1,0.9999999999999699,1,0.9999995370484562,1,1.0,1,0.9966839055941831,1,0.9999324083328247,1,0.9999840981754547
03-01-05-02-01-02-10.wav,10,female,angry,1,1,1.0,1,0.9999999999160984,1,0.9999999999999699,1,0.9999997306636718,1,1.0,1,0.9966839055941831,1,0.9998773336410522,1,0.9999840981754547
03-01-05-02-02-01-10.wav,10,female,angry,1,1,1.0,1,0.99999999991776,1,0.9999999999999699,1,0.9999981404343555,1,1.0,1,0.9967724880329418,1,0.9995706677436829,1,0.9999814066583725
03-01-05-02-02-02-10.wav,10,female,angry,1,1,1.0,1,0.9999999993541449,1,0.9999999999999699,1,0.9999993259888961,1,1.0,1,0.9971901072366728,1,0.999453604221344,1,0.9999778848760738
03-01-06-01-01-01-10.wav,10,female,fearful,1,0,0.0,1,0.9802756267776677,1,0.9878756628408171,1,0.999998818460482,1,1.0,1,0.9967491499212305,1,0.9999686479568481,1,0.9999905350831702
03-01-06-01-01-02-10.wav,10,female,fearful,1,1,1.0,1,0.8537384328537465,1,0.9087895494160754,1,0.9902407679695961,1,0.99,1,0.9912296250592609,1,0.9999446868896484,1,0.9999769570810337
03-01-06-01-02-01-10.wav,10,female,fearful,1,1,1.0,1,0.778467539724674,1,0.890102629330552,1,0.9627308843773523,1,0.99,1,0.9916532874983385,1,0.9997665286064148,1,0.9999702155900689
03-01-06-01-02-02-10.wav,10,female,fearful,1,1,1.0,1,0.8370365617700789,1,0.8959161998168296,1,0.9813882409135889,1,0.99,1,0.989228083975252,1,0.9993403553962708,1,0.9999284383379841
03-01-06-02-01-01-10.wav,10,female,fearful,1,1,1.0,1,0.9999409616468068,1,0.9999999994670999,1,0.9999999944724384,1,1.0,1,0.9919824424941807,1,0.9999372959136963,1,0.9999796901676173
03-01-06-02-01-02-10.wav,10,female,fearful,1,1,1.0,1,0.9997747915195204,1,0.9999999781974866,1,0.9999999990665663,1,1.0,1,0.9974907544078039,1,0.9999502897262573,1,0.9999902787513354
03-01-06-02-02-01-10.wav,10,female,fearful,1,1,1.0,1,0.9999243256919766,1,0.9999999968162899,1,0.9999999874286061,1,1.0,1,0.9957105835305666,1,0.9998886585235596,1,0.9999903350053077
03-01-06-02-02-02-10.wav,10,female,fearful,1,1,1.0,1,0.9885311786939733,1,0.9957352478354349,1,0.9999951527454797,1,1.0,1,0.995954832105369,1,0.9999051094055176,1,0.9999889668013258
03-01-07-01-01-01-10.wav,10,female,disgust,1,1,1.0,1,0.9166306582092798,1,0.9628493400655825,1,0.9970525148470167,1,1.0,1,0.9889204576856512,1,0.9999126195907593,1,0.9999803122486711
03-01-07-01-01-02-10.wav,10,female,disgust,1,1,1.0,1,0.9980975643808686,1,0.97430603654311,1,0.9930953274279392,1,1.0,1,0.9900516071086705,1,0.9999076128005981,1,0.9999724073721434
03-01-07-01-02-01-10.wav,10,female,disgust,1,1,1.0,1,0.950897108845978,1,0.983762659189208,1,0.9946197266121157,1,0.99,1,0.9909370954241253,1,0.9998047947883606,1,0.9999705576001859
03-01-07-01-02-02-10.wav,10,female,disgust,1,1,1.0,1,0.9998563276293606,1,0.9999902049480007,1,0.9937589061450998,1,1.0,1,0.9967520106030227,1,0.9999252557754517,1,0.9999900327034353
03-01-07-02-01-01-10.wav,10,female,disgust,1,1,1.0,1,0.9999635150166929,1,0.9999999996386112,1,0.9999999984685451,1,1.0,1,0.998065336188417,1,0.9999041557312012,1,0.9999905009662389
03-01-07-02-01-02-10.wav,10,female,disgust,1,1,1.0,1,0.99995269168617,1,0.9999999994358584,1,0.9999999998838639,1,1.0,1,0.9978646481589741,1,0.9999047517776489,1,0.9999905025470179
03-01-07-02-02-01-10.wav,10,female,disgust,1,1,1.0,1,0.9991816798243243,1,0.9999998435633161,1,0.9999998411833463,1,1.0,1,0.997400036133903,1,0.9999344348907471,1,0.999988838568428
03-01-07-02-02-02-10.wav,10,female,disgust,1,0,0.0,1,0.9999308027683123,1,0.9999999992006919,1,0.9999999905922871,1,0.99,1,0.9975483205236907,1,0.9998149275779724,1,0.9999867432835993
03-01-08-01-01-01-10.wav,10,female,surprised,1,1,1.0,1,0.995404576253717,1,0.9999931222356758,1,0.9999999857858503,1,1.0,1,0.9976819823122991,1,0.9998340606689453,1,0.9999866606369039
03-01-08-01-01-02-10.wav,10,female,surprised,1,1,1.0,1,0.9753118574435885,1,0.9880133304006846,1,0.9999983754171251,1,1.0,1,0.9959450609702118,1,0.9999806880950928,1,0.9999840265274518
03-01-08-01-02-01-10.wav,10,female,surprised,1,1,1.0,1,0.9996621885399869,1,0.9999999858548372,1,0.9999998369247045,1,1.0,1,0.995954832105369,1,0.9998611211776733,1,0.9999803425177429
03-01-08-01-02-02-10.wav,10,female,surprised,1,1,1.0,1,0.9486125859421282,1,0.9821639301005216,1,0.9954564478042114,1,0.93,1,0.9931098305158536,1,0.999743640422821,1,0.9999754962924023
03-01-08-02-01-01-10.wav,10,female,surprised,1,1,1.0,1,0.9998972835086295,1,0.9999999973979864,1,0.9999999994535023,1,1.0,1,0.9979821570643072,1,0.9999752044677734,1,0.9999907096722211
03-01-08-02-01-02-10.wav,10,female,surprised,1,1,1.0,1,0.9999829495007458,1,0.9999999999144215,1,0.9999999949761491,1,1.0,1,0.99760289189577,1,0.999765932559967,1,0.9999888597288774
03-01-08-02-02-01-10.wav,10,female,surprised,1,0,0.0,1,0.9999994044153927,1,0.9999999999999699,1,0.9999999932650777,1,1.0,1,0.9956958073585541,1,0.9992502331733704,1,0.9999908095300349
03-01-08-02-02-02-10.wav,10,female,surprised,1,1,1.0,1,0.9999886401387033,1,0.9999999999744574,1,0.9999999988585596,1,1.0,1,0.995954832105369,1,0.999956488609314,1,0.9999890286392158
03-01-01-01-01-01-11.wav,11,male,neutral,0,1,1.0,1,0.860026823901273,1,0.9569659092954357,1,0.9885635134573871,1,0.72,1,0.7695058989239966,1,0.856401801109314,1,0.9262920790749116
03-01-01-01-01-02-11.wav,11,male,neutral,0,1,1.0,1,0.6328739009986244,0,0.7903450754712479,1,0.9581088956638067,1,0.55,1,0.8547975090178589,0,0.1855441778898239,1,0.6720912439546025
03-01-01-01-02-01-11.wav,11,male,neutral,0,1,1.0,1,0.7718561103480014,1,0.9229635915968446,1,0.9783420471410378,1,0.73,1,0.8303959452898129,0,0.39924079179763794,1,0.9568954181685748
03-01-01-01-02-02-11.wav,11,male,neutral,0,1,1.0,1,0.6462319061145507,1,0.8964511219709097,1,0.9528681833432927,1,0.84,1,0.8504874502221933,1,0.794471025466919,1,0.9950265469568141
03-01-02-01-01-01-11.wav,11,male,calm,0,1,1.0,0,0.4480553962028531,0,0.7645041434596803,0,0.7690354403600506,1,0.92,1,0.8566604622936518,1,0.9459972381591797,1,0.8948475840251306
03-01-02-01-01-02-11.wav,11,male,calm,0,1,1.0,0,0.06281267674306615,0,0.372540193789499,0,0.26096715072872656,0,0.02,0,0.07610054703174954,0,0.001828144770115614,0,0.0008153654429769766
03-01-02-01-02-01-11.wav,11,male,calm,0,1,1.0,0,0.04766691278901608,0,0.2703149248229401,0,0.1810876999465399,0,0.1,0,0.014342270500918587,0,0.00020336879242677242,0,9.939435973811011e-05
03-01-02-01-02-02-11.wav,11,male,calm,0,0,0.0,0,0.04982098185406425,0,0.30287371269931335,0,0.26337393648945606,0,0.02,0,0.030565125392049742,0,0.0013442481867969036,0,0.00015832489662119222
03-01-02-02-01-01-11.wav,11,male,calm,0,1,1.0,0,0.06459351264893828,0,0.40893741832813646,0,0.2467117162055712,0,0.01,0,0.028081110599069606,0,0.0006315052160061896,0,9.649137023467778e-05
03-01-02-02-01-02-11.wav,11,male,calm,0,1,1.0,0,0.07662688798767019,0,0.38905454529953093,0,0.32210653536881956,0,0.06,0,0.07412374377021388,0,0.10373124480247498,0,0.0025937620024070527
03-01-02-02-02-01-11.wav,11,male,calm,0,1,1.0,0,0.0694113899083271,0,0.4015190437481102,0,0.30501980734556106,0,0.0,0,0.03646636357488757,0,0.0017574939411133528,0,0.00030424449384864374
03-01-02-02-02-02-11.wav,11,male,calm,0,1,1.0,0,0.04759292721646786,0,0.3100242902545811,0,0.19257174969716653,0,0.0,0,0.034294451472341794,0,0.0012877328554168344,0,0.00017722347350631132
03-01-03-01-01-01-11.wav,11,male,happy,1,1,1.0,1,0.541412788195309,0,0.7016194368666129,1,0.8454343006132765,1,0.87,1,0.8792543917330292,1,0.9526270627975464,1,0.9984469578769728
03-01-03-01-01-02-11.wav,11,male,happy,1,1,1.0,1,0.7687506750325233,1,0.9012187990092277,1,0.9842250014025838,1,0.88,1,0.8733939945920519,1,0.9034811854362488,1,0.9976989678602494
03-01-03-01-02-01-11.wav,11,male,happy,1,1,1.0,1,0.7849149065312481,1,0.9162169929080126,1,0.9674063930183113,1,0.95,1,0.8452041458777759,1,0.7867029905319214,1,0.9772142470008028
03-01-03-01-02-02-11.wav,11,male,happy,1,1,1.0,1,0.8501976913860994,1,0.9268151357611734,1,0.966685487263813,1,0.89,1,0.8865571420750986,1,0.9757528901100159,1,0.9990148390575092
03-01-03-02-01-01-11.wav,11,male,happy,1,1,1.0,1,0.9983906813587983,1,0.9999981264547173,1,0.999999762616331,1,1.0,1,0.9967069342365872,1,0.9998738765716553,1,0.9999863484243576
03-01-03-02-01-02-11.wav,11,male,happy,1,0,0.0,1,0.9991841130738698,1,0.9999995211689061,1,0.9999981986020179,1,0.99,1,0.9541773455541758,1,0.999536395072937,1,0.9999873929631397
03-01-03-02-02-01-11.wav,11,male,happy,1,1,1.0,1,0.9951706741729278,1,0.9999938782808169,1,0.9999927042747712,1,0.99,1,0.994095139578137,1,0.9997068047523499,1,0.9999794306306481
03-01-03-02-02-02-11.wav,11,male,happy,1,1,1.0,1,0.9976305664425323,1,0.9999980959431793,1,0.999987621827435,1,0.99,1,0.9949753318760411,1,0.9991683959960938,1,0.9999866113890414
03-01-04-01-01-01-11.wav,11,male,sad,1,1,1.0,1,0.6812066681707603,1,0.8941272678540844,1,0.9244850262293189,1,0.76,1,0.7862780757949054,1,0.9813159704208374,1,0.994153955374954
03-01-04-01-01-02-11.wav,11,male,sad,1,0,0.0,1,0.7110432957450655,1,0.9184821357963331,1,0.9693716693838276,1,0.76,1,0.7501712778943505,1,0.9835495948791504,1,0.9036090329832095
03-01-04-01-02-01-11.wav,11,male,sad,1,1,1.0,0,0.37740382254318605,0,0.7184862722540775,1,0.8801633726899527,1,0.74,1,0.7625651219154876,1,0.9861862659454346,1,0.9899128680726794
03-01-04-01-02-02-11.wav,11,male,sad,1,1,1.0,0,0.39373420129588144,0,0.7620121099360713,1,0.845707610810645,1,0.61,1,0.8064127752025201,1,0.9231589436531067,1,0.9867429395032188
03-01-04-02-01-01-11.wav,11,male,sad,1,0,0.0,1,0.8398793562455296,1,0.9263081646279357,0,0.7506268248803193,1,0.98,1,0.9838175961225094,1,0.9976153373718262,1,0.9984959686811351
03-01-04-02-01-02-11.wav,11,male,sad,1,0,0.0,1,0.9703396308746377,1,0.9822590094927092,1,0.9951195267161709,1,0.98,1,0.977040348922486,1,0.9990563988685608,1,0.999794605784247
03-01-04-02-02-01-11.wav,11,male,sad,1,0,0.0,1,0.8807105708110533,1,0.9539827525924269,1,0.9703739072025043,1,0.96,1,0.9509866876089044,1,0.9972652196884155,1,0.9985870615215027
03-01-04-02-02-02-11.wav,11,male,sad,1,1,1.0,1,0.9628579009360019,1,0.9859361581740129,1,0.9724990713699219,1,0.98,1,0.9723246289004961,1,0.999556839466095,1,0.9999017052386716
03-01-05-01-01-01-11.wav,11,male,angry,1,1,1.0,1,0.9866142151242911,1,0.9954478580876794,1,0.9999998888590981,1,0.99,1,0.9952161980527182,1,0.9998095631599426,1,0.999980446188973
03-01-05-01-01-02-11.wav,11,male,angry,1,1,1.0,1,0.9809756517403623,1,0.9930661318065803,1,0.9999998654353561,1,1.0,1,0.9922542943294365,1,0.9998865127563477,1,0.9999857029258167
03-01-05-01-02-01-11.wav,11,male,angry,1,1,1.0,1,0.9935538716564969,1,0.9999859609242688,1,0.9999961300605815,1,0.99,1,0.9940531018227229,1,0.9997625946998596,1,0.9999783287936302
03-01-05-01-02-02-11.wav,11,male,angry,1,1,1.0,1,0.9893366677712925,1,0.9959956745229491,1,0.9999912970067079,1,1.0,1,0.9947670237091534,1,0.9997598528862,1,0.9999854070440795
03-01-05-02-01-01-11.wav,11,male,angry,1,1,1.0,1,0.9999725532983934,1,0.9999999995167381,1,0.999999988568767,1,1.0,1,0.9951054737619461,1,0.9999299049377441,1,0.9999881146926778
03-01-05-02-01-02-11.wav,11,male,angry,1,0,0.0,1,0.9999999949759042,1,0.9999999999999699,1,0.9999997745764558,1,1.0,1,0.9965487785541811,1,0.9997653365135193,1,0.9999880148331615
03-01-05-02-02-01-11.wav,11,male,angry,1,1,1.0,1,0.9999999960606725,1,0.9999999999999699,1,0.9999998543629222,1,1.0,1,0.9952516021121924,1,0.9998389482498169,1,0.99996080791948
03-01-05-02-02-02-11.wav,11,male,angry,1,1,1.0,1,0.9999999999965523,1,0.9999999999999699,1,0.9999957057079364,1,1.0,1,0.9968628155399859,1,0.9998199343681335,1,0.9999895090701129
03-01-06-01-01-01-11.wav,11,male,fearful,1,1,1.0,1,0.9421352379941192,1,0.9837206928288909,1,0.9999983740284565,1,0.85,1,0.7627917423211911,1,0.9849108457565308,1,0.9973384543250255
03-01-06-01-01-02-11.wav,11,male,fearful,1,1,1.0,1,0.9630273385456085,1,0.9863670677548714,1,0.9999994956302588,1,0.93,1,0.9177670828876138,1,0.9587152600288391,1,0.9997476812847929
03-01-06-01-02-01-11.wav,11,male,fearful,1,1,1.0,1,0.9354088808376214,1,0.9706188732828248,1,0.9999809418897885,1,1.0,1,0.9910636843076501,1,0.9995338916778564,1,0.9999767935394206
03-01-06-01-02-02-11.wav,11,male,fearful,1,1,1.0,1,0.9403755025961854,1,0.9749964626652114,1,0.9966695932271417,1,0.99,1,0.9646774919687687,1,0.9962013363838196,1,0.9999293574684751
03-01-06-02-01-01-11.wav,11,male,fearful,1,1,1.0,1,0.9998757829382582,1,0.9999999839285796,1,0.9999999908799501,1,1.0,1,0.9940394682492996,1,0.9977080821990967,1,0.9999858704944794
03-01-06-02-01-02-11.wav,11,male,fearful,1,1,1.0,1,0.9999709358582247,1,0.9999999976524043,1,0.9999997093337628,1,0.98,1,0.9875709655205491,1,0.9964324235916138,1,0.9999691684603014
03-01-06-02-02-01-11.wav,11,male,fearful,1,1,1.0,1,0.9999976457704036,1,0.9999999999962879,1,0.9999999833352772,1,1.0,1,0.9948808696578343,1,0.9996147155761719,1,0.9999891181419223
03-01-06-02-02-02-11.wav,11,male,fearful,1,1,1.0,1,0.9999977941064923,1,0.9999999999938134,1,0.9999999955125222,1,1.0,1,0.9954299024271637,1,0.9993805885314941,1,0.9999912857605455
03-01-07-01-01-01-11.wav,11,male,disgust,1,0,0.0,1,0.970296305960489,1,0.9815333025013867,1,0.997204790508446,1,0.98,1,0.9966331138343972,1,0.9998146891593933,1,0.9999837961977137
03-01-07-01-01-02-11.wav,11,male,disgust,1,1,1.0,1,0.9820375726272632,1,0.9892889640880329,1,0.9999858766416568,1,1.0,1,0.9967379569533802,1,0.9997642636299133,1,0.9999801267624289
03-01-07-01-02-01-11.wav,11,male,disgust,1,1,1.0,1,0.9640476024351757,1,0.9825003877934048,1,0.9942496114552213,1,1.0,1,0.9955852168124203,1,0.999828577041626,1,0.9999798276257146
03-01-07-01-02-02-11.wav,11,male,disgust,1,0,0.0,1,0.9899920743328212,1,0.9962778539551407,1,0.9999990217875815,1,1.0,1,0.9961910832835421,1,0.9998944997787476,1,0.9999821176319897
03-01-07-02-01-01-11.wav,11,male,disgust,1,1,1.0,1,0.9947464303895971,1,0.9999845708125177,1,0.9999999958280802,1,0.99,1,0.9981983440801045,1,0.9999240636825562,1,0.9999890744021579
03-01-07-02-01-02-11.wav,11,male,disgust,1,0,0.0,1,0.993478608397789,1,0.9974248086045705,1,0.9999998744998796,1,0.98,1,0.9902376157792215,1,0.9999226331710815,1,0.9999836245527542
03-01-07-02-02-01-11.wav,11,male,disgust,1,1,1.0,1,0.9825910147134932,1,0.9955596743409292,1,0.9999980989527518,1,0.98,1,0.9845847550673805,1,0.9983013868331909,1,0.9999280775163913
03-01-07-02-02-02-11.wav,11,male,disgust,1,0,0.0,1,0.9973953758850573,1,0.9999972966039616,1,0.9999999871840651,1,0.99,1,0.9976978728867136,1,0.9999481439590454,1,0.9999779809698073
03-01-08-01-01-01-11.wav,11,male,surprised,1,1,1.0,1,0.9388868076882729,1,0.9731442405369837,1,0.9999921977703404,1,0.95,1,0.9903479536878887,1,0.9974715709686279,1,0.9999518252072731
03-01-08-01-01-02-11.wav,11,male,surprised,1,0,0.0,1,0.9370569438352959,1,0.9648868130327284,1,0.9921824865151196,1,0.99,1,0.9946544800061362,1,0.9986693859100342,1,0.9999599687037483
03-01-08-01-02-01-11.wav,11,male,surprised,1,1,1.0,1,0.9781410196023266,1,0.9867602153696219,1,0.9970451831525806,1,0.98,1,0.994741985368301,1,0.9995718598365784,1,0.9999746154707566
03-01-08-01-02-02-11.wav,11,male,surprised,1,0,0.0,1,0.9496995640146,1,0.9738322941359323,1,0.999996764560682,1,1.0,1,0.9797757705337244,1,0.9970043301582336,1,0.9998450039395339
03-01-08-02-01-01-11.wav,11,male,surprised,1,1,1.0,1,0.9573624379968905,1,0.9562903976536998,1,0.999982923704833,1,0.99,1,0.9909004661525382,1,0.9986608028411865,1,0.9999887038064434
03-01-08-02-01-02-11.wav,11,male,surprised,1,1,1.0,1,0.9974486426322677,1,0.9999912319558593,1,0.9999998711529722,1,1.0,1,0.9952857826277108,1,0.9997531771659851,1,0.9999892416949622
03-01-08-02-02-01-11.wav,11,male,surprised,1,0,0.0,1,0.9908027902972443,1,0.9916481261269633,1,0.9999995550213316,1,1.0,1,0.9962129649819038,1,0.9999175071716309,1,0.9999909456097499
03-01-08-02-02-02-11.wav,11,male,surprised,1,1,1.0,1,0.9974450631824888,1,0.999993417304566,1,0.9999992828666636,1,1.0,1,0.9936993553713489,1,0.9993767142295837,1,0.9999879924203877
03-01-01-01-01-01-12.wav,12,female,neutral,0,1,1.0,0,0.028377235241515728,0,0.13813660584398726,0,0.09434264321317659,0,0.13,0,0.0836642441137797,0,0.001123070134781301,0,0.0020986851636053566
03-01-01-01-01-02-12.wav,12,female,neutral,0,1,1.0,0,0.05378900480587301,0,0.2200807414539019,0,0.10694303010755578,0,0.17,0,0.07396995490276949,0,0.001229801680892706,0,0.005034722450426658
03-01-01-01-02-01-12.wav,12,female,neutral,0,1,1.0,0,0.42608716022407683,0,0.6767778321394284,0,0.5697507930070089,1,0.76,1,0.865901839071495,0,0.40248367190361023,1,0.9533816611791003
03-01-01-01-02-02-12.wav,12,female,neutral,0,1,1.0,0,0.13271013425469624,0,0.4354411208797205,0,0.15286126693823313,0,0.49,1,0.5908924622682145,0,0.06161661446094513,0,0.26539664472869745
03-01-02-01-01-01-12.wav,12,female,calm,0,1,1.0,0,0.03582402848442139,0,0.2107532860172401,0,0.12157420691326933,0,0.05,0,0.02137109646250643,0,0.00024244587984867394,0,0.00010017346651407024
03-01-02-01-01-02-12.wav,12,female,calm,0,1,1.0,0,0.030697598483899798,0,0.17734075644853445,0,0.12002888707914997,0,0.07,0,0.021756802380145143,0,0.0002358311612624675,0,7.956700882173832e-05
03-01-02-01-02-01-12.wav,12,female,calm,0,1,1.0,0,0.02157399198477014,0,0.13560594081370958,0,0.058871798632981,0,0.03,0,0.02770497493453148,0,0.0004859507316723466,0,8.73079094051307e-05
03-01-02-01-02-02-12.wav,12,female,calm,0,0,0.0,0,0.01881459742924109,0,0.14455010081718936,0,0.07161918058400085,0,0.02,0,0.014505496884518708,0,6.8036446464248e-05,0,0.0002249679656826218
03-01-02-02-01-01-12.wav,12,female,calm,0,1,1.0,0,0.013244573903770212,0,0.0737576219333206,0,0.16833531255469833,0,0.13,0,0.016739413062649578,0,0.0008535680826753378,0,0.00071182083885355
03-01-02-02-01-02-12.wav,12,female,calm,0,1,1.0,0,0.012386474314826338,0,0.07083540335915153,0,0.16202274392596977,0,0.1,0,0.0205271843409417,0,0.00047195650404319167,0,0.0002612264239796809
03-01-02-02-02-01-12.wav,12,female,calm,0,1,1.0,0,0.022576298145621985,0,0.1485868883790379,0,0.05581687721319407,0,0.03,0,0.02291999168755217,0,0.0011733672581613064,0,6.283027764682233e-05
03-01-02-02-02-02-12.wav,12,female,calm,0,1,1.0,0,0.03022484468752251,0,0.19387166874362657,0,0.0558426208690809,0,0.02,0,0.018911928537648028,0,4.805354183190502e-05,0,6.544263201174187e-05
03-01-03-01-01-01-12.wav,12,female,happy,1,1,1.0,1,0.8219337230878865,1,0.9373692135838573,1,0.9860561576794458,1,0.99,1,0.9546335271535507,1,0.9991211295127869,1,0.9997773135997545
03-01-03-01-01-02-12.wav,12,female,happy,1,1,1.0,1,0.8084197796764846,1,0.9317126881382808,1,0.9803087089565304,1,0.97,1,0.9719624966725802,1,0.999427080154419,1,0.9998780839255744
03-01-03-01-02-01-12.wav,12,female,happy,1,1,1.0,1,0.8784591576519583,1,0.9543362674114703,1,0.984702992976115,1,0.9,1,0.9309096477833371,1,0.6616323590278625,0,0.49193942703931637
03-01-03-01-02-02-12.wav,12,female,happy,1,1,1.0,1,0.7719001186707278,1,0.8905145714907343,1,0.9163152538688888,1,0.94,1,0.9871990034827334,1,0.999103844165802,1,0.999848077949746
03-01-03-02-01-01-12.wav,12,female,happy,1,1,1.0,1,0.999985020152272,1,0.9999999999448227,1,0.9999999491939423,1,1.0,1,0.9967526782896542,1,0.9998480081558228,1,0.9999906201289656
03-01-03-02-01-02-12.wav,12,female,happy,1,0,0.0,1,0.9997530989554871,1,0.9999999796411533,1,0.9999999397435687,1,1.0,1,0.9967526782896542,1,0.9999274015426636,1,0.9999906201289656
03-01-03-02-02-01-12.wav,12,female,happy,1,1,1.0,1,0.9809718963579894,1,0.9922897655092502,1,0.9944695211863432,1,1.0,1,0.9931855456298151,1,0.9996144771575928,1,0.9999485192867462
03-01-03-02-02-02-12.wav,12,female,happy,1,1,1.0,1,0.999440257890962,1,0.9999998357541023,1,0.99999927171732,1,0.99,1,0.9934517036881694,1,0.9997145533561707,1,0.9999543462419741
03-01-04-01-01-01-12.wav,12,female,sad,1,1,1.0,0,0.3664087703473137,0,0.6934713925526155,0,0.6010481346158845,1,0.94,1,0.9631237663415703,1,0.9804351329803467,1,0.9970832490093996
03-01-04-01-01-02-12.wav,12,female,sad,1,0,0.0,1,0.8284561498403521,1,0.9290285878642863,1,0.9926300796911284,1,0.92,1,0.9270247528749738,1,0.9940892457962036,1,0.9950294830129917
03-01-04-01-02-01-12.wav,12,female,sad,1,1,1.0,0,0.0991361915715579,0,0.3578709876740428,0,0.2831113383017184,1,0.79,1,0.8555060059831391,1,0.9528029561042786,1,0.8389293901343454
03-01-04-01-02-02-12.wav,12,female,sad,1,1,1.0,0,0.4866038170102591,1,0.8209074835329676,1,0.8551751984319468,1,0.86,1,0.9244632419934832,1,0.9916821718215942,1,0.9910740767436694
03-01-04-02-01-01-12.wav,12,female,sad,1,0,0.0,1,0.9653707843232847,1,0.9882207346164855,1,0.9956021776822336,1,1.0,1,0.9927738034017184,1,0.9998763799667358,1,0.9999720632039448
03-01-04-02-01-02-12.wav,12,female,sad,1,0,0.0,1,0.9944639871659406,1,0.9999895509881023,1,0.9999979672288795,1,1.0,1,0.9919686692449105,1,0.9998724460601807,1,0.9999825274195364
03-01-04-02-02-01-12.wav,12,female,sad,1,0,0.0,1,0.9768294727961874,1,0.9698567825671899,1,0.993922377677653,1,0.96,1,0.9870719966186164,1,0.9997900128364563,1,0.9999508712026078
03-01-04-02-02-02-12.wav,12,female,sad,1,1,1.0,1,0.9966713576886358,1,0.9999913611090966,1,0.9999958570307755,1,1.0,1,0.9876709078973612,1,0.9997015595436096,1,0.9999881419534934
03-01-05-01-01-01-12.wav,12,female,angry,1,1,1.0,1,0.7930129119460931,1,0.9045252676088844,1,0.9886527259015578,1,0.97,1,0.9842931876961428,1,0.9886588454246521,1,0.9998808757334006
03-01-05-01-01-02-12.wav,12,female,angry,1,1,1.0,1,0.8380869122996503,1,0.9246793168541751,1,0.9924267896522226,1,1.0,1,0.9886905283043553,1,0.9962238073348999,1,0.9999251194783914
03-01-05-01-02-01-12.wav,12,female,angry,1,1,1.0,1,0.7447104679560884,1,0.9157031914877227,1,0.9586889594411288,1,0.96,1,0.9767211070007549,1,0.9928501844406128,1,0.9999119072588631
03-01-05-01-02-02-12.wav,12,female,angry,1,1,1.0,1,0.7450968701410211,1,0.90868405214429,1,0.9715058415292114,1,0.82,1,0.8754267614034005,1,0.7531307935714722,1,0.9981521407646844
03-01-05-02-01-01-12.wav,12,female,angry,1,1,1.0,1,0.9999850564230093,1,0.9999999999437132,1,0.9999997486808357,1,0.99,1,0.9950089342467199,1,0.9996206760406494,1,0.999990752186339
03-01-05-02-01-02-12.wav,12,female,angry,1,0,0.0,1,0.9999999999111082,1,0.9999999999999699,1,0.999996203909386,1,1.0,1,0.9950089342467199,1,0.9995784163475037,1,0.9999819051041561
03-01-05-02-02-01-12.wav,12,female,angry,1,1,1.0,1,0.9997519264089663,1,0.9999999619668406,1,0.9999993074419677,1,0.99,1,0.9945423874603646,1,0.9995505213737488,1,0.9999883558063889
03-01-05-02-02-02-12.wav,12,female,angry,1,1,1.0,1,0.9999997431686833,1,0.9999999999999699,1,0.9999994109723265,1,1.0,1,0.9945954299625946,1,0.9995031356811523,1,0.999980766289823
03-01-06-01-01-01-12.wav,12,female,fearful,1,1,1.0,1,0.9918312677384039,1,0.992810847488888,1,0.9999930930531583,1,1.0,1,0.9961986895380903,1,0.9998457431793213,1,0.9999858603361296
03-01-06-01-01-02-12.wav,12,female,fearful,1,1,1.0,1,0.8835636009905506,1,0.9436998522522049,1,0.9792900777896444,1,1.0,1,0.9907412168207486,1,0.9998531341552734,1,0.9999735879009212
03-01-06-01-02-01-12.wav,12,female,fearful,1,1,1.0,1,0.8614880890888611,1,0.936587528679413,1,0.9816124418908887,1,0.99,1,0.9648882771707222,1,0.9904126524925232,1,0.9953888358261573
03-01-06-01-02-02-12.wav,12,female,fearful,1,1,1.0,1,0.9003534848546977,1,0.9476713990752637,1,0.9944757752764238,1,1.0,1,0.9879829408425296,1,0.9996172189712524,1,0.9999318158318675
03-01-06-02-01-01-12.wav,12,female,fearful,1,1,1.0,1,0.9999920250759938,1,0.999999999988463,1,0.9999999766378228,1,1.0,1,0.9965631766984486,1,0.9999576807022095,1,0.999989790268053
03-01-06-02-01-02-12.wav,12,female,fearful,1,1,1.0,1,0.9999998911746154,1,0.9999999999999699,1,0.9999997793346905,1,1.0,1,0.9949703692374312,1,0.9999560117721558,1,0.9999862754286839
03-01-06-02-02-01-12.wav,12,female,fearful,1,1,1.0,1,0.9999782342299008,1,0.9999999997824974,1,0.9999999201262413,1,1.0,1,0.9952446595825466,1,0.9999581575393677,1,0.99999023339386
03-01-06-02-02-02-12.wav,12,female,fearful,1,1,1.0,1,0.9999986127450018,1,0.9999999999990259,1,0.9934408795096958,1,1.0,1,0.9967362322343525,1,0.999946117401123,1,0.99999023339386
03-01-07-01-01-01-12.wav,12,female,disgust,1,0,0.0,1,0.9044399880703701,1,0.9614480842989267,1,0.9881473838958662,1,0.98,1,0.987644938095932,1,0.9996455907821655,1,0.999973545724477
03-01-07-01-01-02-12.wav,12,female,disgust,1,1,1.0,1,0.9968304540795672,1,0.9699976053774406,1,0.9933990233850634,1,0.99,1,0.9938939888580763,1,0.999362051486969,1,0.9999827777965589
03-01-07-01-02-01-12.wav,12,female,disgust,1,1,1.0,1,0.6229305175926696,1,0.8370428682286226,1,0.879412464512276,1,0.82,1,0.915074741499135,1,0.977447509765625,1,0.988716604543325
03-01-07-01-02-02-12.wav,12,female,disgust,1,0,0.0,1,0.9972437298534877,1,0.9798506497246112,1,0.993350593146951,1,0.93,1,0.9339296272758518,1,0.9723203182220459,1,0.9569513655584564
03-01-07-02-01-01-12.wav,12,female,disgust,1,1,1.0,1,0.9996572079143492,1,0.9970343618896391,1,0.993446950889811,1,1.0,1,0.9974335437372334,1,0.9999549388885498,1,0.9999832422870413
03-01-07-02-01-02-12.wav,12,female,disgust,1,0,0.0,1,0.9998748489246756,1,0.9999970742007231,1,0.9934958607461871,1,1.0,1,0.997201766385647,1,0.99993896484375,1,0.999991441605903
03-01-07-02-02-01-12.wav,12,female,disgust,1,1,1.0,1,0.9976356343318846,1,0.9999974932521735,1,0.9999973208754604,1,1.0,1,0.9975348371767205,1,0.9999552965164185,1,0.9999907869907163
03-01-07-02-02-02-12.wav,12,female,disgust,1,0,0.0,1,0.9963720388565818,1,0.9999956190275555,1,0.99999807719625,1,1.0,1,0.9942309000676754,1,0.9998028874397278,1,0.9999912179247555
03-01-08-01-01-01-12.wav,12,female,surprised,1,1,1.0,1,0.9484546432097862,1,0.9839256030635163,1,0.9999992627532461,1,0.98,1,0.9918876008247106,1,0.9994401335716248,1,0.9999072683790815
03-01-08-01-01-02-12.wav,12,female,surprised,1,0,0.0,1,0.9359854241387987,1,0.9764437926738571,1,0.9999903199075297,1,1.0,1,0.9963273476013594,1,0.9998852014541626,1,0.9999866778035816
03-01-08-01-02-01-12.wav,12,female,surprised,1,1,1.0,1,0.9508214858973517,1,0.9814149451656143,1,0.9955589269737044,1,1.0,1,0.994777313333613,1,0.9998974800109863,1,0.9999565622330475
03-01-08-01-02-02-12.wav,12,female,surprised,1,0,0.0,1,0.9462895367673798,1,0.9826419788349634,1,0.9999860186773007,1,1.0,1,0.9923849492963559,1,0.9998145699501038,1,0.9998536362519164
03-01-08-02-01-01-12.wav,12,female,surprised,1,1,1.0,1,0.9693679518570817,1,0.9877535618286116,1,0.9999991314916524,1,1.0,1,0.9965383187006243,1,0.999976396560669,1,0.9999912264677464
03-01-08-02-01-02-12.wav,12,female,surprised,1,1,1.0,1,0.9933570234791163,1,0.9999891491730392,1,0.9999998795994016,1,1.0,1,0.9967883096933904,1,0.9999668598175049,1,0.9999902619691938
03-01-08-02-02-01-12.wav,12,female,surprised,1,0,0.0,1,0.9877510079209237,1,0.995879163607757,1,0.9971412065739633,1,1.0,1,0.9971681619193026,1,0.9999693632125854,1,0.9999912320483604
03-01-08-02-02-02-12.wav,12,female,surprised,1,1,1.0,1,0.9772944418718756,1,0.9911239661558597,1,0.9999986598768033,1,1.0,1,0.9968374189869453,1,0.9999700784683228,1,0.9999912320483604
03-01-01-01-01-01-13.wav,13,male,neutral,0,1,1.0,0,0.10464591726709553,0,0.2597417927312486,0,0.06288189386326681,0,0.44,0,0.4848049944280656,0,0.12320790439844131,0,0.011575097718486953
03-01-01-01-01-02-13.wav,13,male,neutral,0,1,1.0,0,0.1678300518742425,0,0.354707494982459,0,0.756297111154941,1,0.58,0,0.3963298062766544,0,0.06364033371210098,0,0.05758662560297491
03-01-01-01-02-01-13.wav,13,male,neutral,0,1,1.0,0,0.2507514490455996,0,0.4618234905271344,0,0.05873594801989281,0,0.29,0,0.2459133179063618,0,0.0025393615942448378,0,0.002503780307217276
03-01-01-01-02-02-13.wav,13,male,neutral,0,1,1.0,0,0.3745604674157511,0,0.603439097961261,0,0.3495176184070889,1,0.79,1,0.6673329739128332,1,0.6699760556221008,1,0.6889789198409834
03-01-02-01-01-01-13.wav,13,male,calm,0,1,1.0,0,0.060628899929967145,0,0.2186101269037534,0,0.05321735675613058,1,0.62,1,0.6257270334633852,1,0.8131527900695801,1,0.69785169897167
03-01-02-01-01-02-13.wav,13,male,calm,0,1,1.0,0,0.040500316175187207,0,0.1597462981638785,0,0.05084157675701044,0,0.48,0,0.4408453705400099,1,0.584282636642456,0,0.04386495700899769
03-01-02-01-02-01-13.wav,13,male,calm,0,1,1.0,0,0.03899786060342794,0,0.12313658982907792,0,0.11969694774082117,1,0.59,1,0.7746474755654208,1,0.9262378215789795,1,0.8480036033413585
03-01-02-01-02-02-13.wav,13,male,calm,0,0,0.0,0,0.027717878240514124,0,0.10047936131646268,0,0.12787381087000832,0,0.43,0,0.365380563415586,1,0.876251220703125,1,0.5646190405185608
03-01-02-02-01-01-13.wav,13,male,calm,0,1,1.0,0,0.007107011208820581,0,0.04025851442686595,0,0.07624026608360213,0,0.13,0,0.052934571930001846,0,0.04522934556007385,0,0.00238918866289983
03-01-02-02-01-02-13.wav,13,male,calm,0,1,1.0,0,0.011105444038200886,0,0.05975463316942153,0,0.03636610869352258,0,0.46,0,0.029524045664456208,0,0.02145501784980297,0,0.0009408560260159006
03-01-02-02-02-01-13.wav,13,male,calm,0,1,1.0,0,0.07380075392004594,0,0.1945630089692545,0,0.06152818408887745,1,0.54,0,0.22870753805800673,0,0.23850835859775543,0,0.044848973579961454
03-01-02-02-02-02-13.wav,13,male,calm,0,1,1.0,0,0.023182709750352148,0,0.08081599354271572,0,0.0599334629416836,1,0.75,1,0.6704544881505865,0,0.4033457040786743,1,0.6799380536391287
03-01-03-01-01-01-13.wav,13,male,happy,1,1,1.0,0,0.377028648297695,0,0.6819630962246919,0,0.7677925527994299,1,0.78,1,0.938865846455841,1,0.9818732738494873,1,0.9910088604361736
03-01-03-01-01-02-13.wav,13,male,happy,1,1,1.0,0,0.3677340263098362,0,0.6884794388250348,0,0.7319418856440404,1,0.58,1,0.7673499829810385,1,0.5386465191841125,1,0.940693886552982
03-01-03-01-02-01-13.wav,13,male,happy,1,1,1.0,1,0.8807858346849543,1,0.9463551938195349,1,0.9847538284342278,1,0.95,1,0.9685202135565187,1,0.9957082271575928,1,0.9996608412945964
03-01-03-01-02-02-13.wav,13,male,happy,1,1,1.0,1,0.9576667430783706,1,0.9821008105453359,1,0.9999941842996078,1,0.89,1,0.9261390666882877,1,0.866206705570221,1,0.9141067190234036
03-01-03-02-01-01-13.wav,13,male,happy,1,1,1.0,1,0.9619936293501382,1,0.989445751541006,1,0.9999999438455277,1,0.99,1,0.9804938804743709,1,0.9988338351249695,1,0.9999352682087613
03-01-03-02-01-02-13.wav,13,male,happy,1,0,0.0,1,0.9978651749862282,1,0.9999983795318949,1,0.9999999993205462,1,1.0,1,0.9962473933113454,1,0.9988763928413391,1,0.9999762780876167
03-01-03-02-02-01-13.wav,13,male,happy,1,1,1.0,1,0.999100114834894,1,0.9999998563073954,1,0.9999958616854289,1,1.0,1,0.9942124944566197,1,0.9996646642684937,1,0.9999833246066556
03-01-03-02-02-02-13.wav,13,male,happy,1,1,1.0,1,0.9749593425708645,1,0.9908322954968694,1,0.999999786424133,1,0.96,1,0.9791903471445288,1,0.9963668584823608,1,0.999608762589433
03-01-04-01-01-01-13.wav,13,male,sad,1,1,1.0,0,0.2198691482436435,0,0.3861141188895713,0,0.2948118809611478,0,0.44,1,0.5090888552485419,0,0.21188485622406006,0,0.25023401872893625
03-01-04-01-01-02-13.wav,13,male,sad,1,0,0.0,0,0.12721136672757008,0,0.2825909357679382,0,0.2493928611430732,0,0.39,0,0.3285688615943195,0,0.2775437533855438,0,0.27060638884982696
03-01-04-01-02-01-13.wav,13,male,sad,1,1,1.0,0,0.08812986062455393,0,0.17374828561189717,0,0.04508482297907439,0,0.38,0,0.06220367241334581,0,0.07664481550455093,0,0.006069536439496012
03-01-04-01-02-02-13.wav,13,male,sad,1,1,1.0,0,0.08059315589554529,0,0.1818083029456005,0,0.035678570783752764,0,0.29,0,0.2326366025849382,0,0.02004452422261238,0,0.04057606326774073
03-01-04-02-01-01-13.wav,13,male,sad,1,0,0.0,0,0.2486782958074605,0,0.5,0,0.42023716719046533,1,0.7,0,0.3614230467125281,0,0.43945929408073425,1,0.8932956339868839
03-01-04-02-01-02-13.wav,13,male,sad,1,0,0.0,0,0.1134140118215057,0,0.23765144353729548,0,0.0652984245880612,0,0.36,0,0.3148950643132993,0,0.01293225772678852,0,0.021692784058176963
03-01-04-02-02-01-13.wav,13,male,sad,1,0,0.0,0,0.14473598227641757,0,0.28819083486967556,0,0.05447630906958273,0,0.41,0,0.2657538961898689,0,0.011554324999451637,0,0.007817956567458288
03-01-04-02-02-02-13.wav,13,male,sad,1,1,1.0,0,0.09592920459952223,0,0.17891759387653525,0,0.09105655173308118,0,0.43,0,0.10711933046035217,0,0.0651833564043045,0,0.008646787084910955
03-01-05-01-01-01-13.wav,13,male,angry,1,1,1.0,1,0.8363927502718969,1,0.9381793318331956,1,0.9999990728888654,1,1.0,1,0.9928110443406427,1,0.9998819828033447,1,0.9999808062219506
03-01-05-01-01-02-13.wav,13,male,angry,1,1,1.0,1,0.9343425365030799,1,0.9802022678496399,1,0.9999999146597575,1,1.0,1,0.9922840899540118,1,0.999830961227417,1,0.999988870276817
03-01-05-01-02-01-13.wav,13,male,angry,1,1,1.0,1,0.9098419507130304,1,0.97246570919542,1,0.9999991579686015,1,1.0,1,0.9932148297048704,1,0.9998884201049805,1,0.9999906433722541
03-01-05-01-02-02-13.wav,13,male,angry,1,1,1.0,1,0.9092273155682351,1,0.969811646936247,1,0.9999995146613118,1,1.0,1,0.9940195683918033,1,0.9999350309371948,1,0.9999879511566067
03-01-05-02-01-01-13.wav,13,male,angry,1,1,1.0,1,0.9999999999981357,1,0.9999999999999699,1,0.9999961848298244,1,1.0,1,0.9980791932256328,1,0.9999663829803467,1,0.9999910741445361
03-01-05-02-01-02-13.wav,13,male,angry,1,0,0.0,1,0.9999994902898324,1,0.9999999999999699,1,0.9999999989583352,1,1.0,1,0.9960275758255842,1,0.9998435974121094,1,0.9999901316204809
03-01-05-02-02-01-13.wav,13,male,angry,1,1,1.0,1,0.9999996544054333,1,0.9999999999999699,1,0.9999999887423489,1,1.0,1,0.9967179118755011,1,0.9997274279594421,1,0.9999913023211969
03-01-05-02-02-02-13.wav,13,male,angry,1,1,1.0,1,1.0,1,0.9999999999999699,1,0.9964138550570633,1,1.0,1,0.9975401683490629,1,0.9997912049293518,1,0.9999901024711897
03-01-06-01-01-01-13.wav,13,male,fearful,1,1,1.0,1,0.5034035939001956,0,0.6890300929300158,1,0.9375504619922382,1,0.94,1,0.9524142035996143,1,0.9977140426635742,1,0.9995820551096308
03-01-06-01-01-02-13.wav,13,male,fearful,1,1,1.0,1,0.8600812376328545,1,0.93150881414361,1,0.994240452399313,1,0.83,1,0.6557221043265532,1,0.624164342880249,1,0.9356133846969781
03-01-06-01-02-01-13.wav,13,male,fearful,1,1,1.0,1,0.8135653489693007,1,0.9173613721684146,1,0.9928587309986917,1,0.88,1,0.9700144926120297,1,0.9998316764831543,1,0.9999144873797995
03-01-06-01-02-02-13.wav,13,male,fearful,1,1,1.0,1,0.802566372602515,1,0.9140558592876109,1,0.992675852312589,1,0.96,1,0.9835973858137538,1,0.9998224377632141,1,0.9999482365504169
03-01-06-02-01-01-13.wav,13,male,fearful,1,1,1.0,1,0.8230034291105622,1,0.9180765711192426,1,0.9936378632189644,1,0.96,1,0.9756000740573129,1,0.9982909560203552,1,0.9998586756136013
03-01-06-02-01-02-13.wav,13,male,fearful,1,1,1.0,1,0.9998364055859403,1,0.9999999971710702,1,0.9999999984618926,1,1.0,1,0.9968641169864553,1,0.9998761415481567,1,0.9999889687219334
03-01-06-02-02-01-13.wav,13,male,fearful,1,1,1.0,1,0.9986794809766358,1,0.9999997725510751,1,0.9999999966286299,1,1.0,1,0.99293814538745,1,0.9995891451835632,1,0.9999866329478152
03-01-06-02-02-02-13.wav,13,male,fearful,1,1,1.0,1,0.7558742661064366,1,0.8665034192273156,1,0.9871886293078013,1,0.98,1,0.993253771690473,1,0.999921441078186,1,0.9999662016198891
03-01-07-01-01-01-13.wav,13,male,disgust,1,0,0.0,0,0.36759134955555756,0,0.6221035209204812,0,0.5874622964652609,1,0.77,1,0.832323923500615,1,0.8468201756477356,1,0.9772138146429579
03-01-07-01-01-02-13.wav,13,male,disgust,1,1,1.0,1,0.6071572198711603,1,0.8526186692270279,0,0.8454882127226374,1,0.74,1,0.8320123725374494,1,0.9691274166107178,1,0.9847598505024578
03-01-07-01-02-01-13.wav,13,male,disgust,1,1,1.0,1,0.6450045464386743,1,0.8164018561298085,1,0.8550892000465272,1,0.72,1,0.8893730290585562,1,0.9484382271766663,1,0.9734877317891218
03-01-07-01-02-02-13.wav,13,male,disgust,1,0,0.0,1,0.5032877535476241,0,0.7204484571464859,1,0.9692338482477459,1,0.9,1,0.75547819062853,1,0.9766148924827576,1,0.9883459902999393
03-01-07-02-01-01-13.wav,13,male,disgust,1,1,1.0,1,0.9645838204054411,1,0.989691056772341,1,0.999987403646376,1,0.95,1,0.9852514692798039,1,0.9997968077659607,1,0.9999449290964262
03-01-07-02-01-02-13.wav,13,male,disgust,1,0,0.0,1,0.9372584792090475,1,0.979816412870408,1,0.9926587395989015,1,0.9,1,0.9399667597003898,1,0.9944356679916382,1,0.9977590855366463
03-01-07-02-02-01-13.wav,13,male,disgust,1,1,1.0,1,0.6775926820906482,1,0.840754296750738,0,0.8268923466452904,1,0.65,1,0.8147398731355057,0,0.3351404070854187,1,0.8342150728496646
03-01-07-02-02-02-13.wav,13,male,disgust,1,0,0.0,1,0.7715038673043797,1,0.8768276489128874,0,0.8134123807277,1,0.9,1,0.928124735081192,1,0.9926113486289978,1,0.9990440971572114
03-01-08-01-01-01-13.wav,13,male,surprised,1,1,1.0,1,0.9574339046768793,1,0.9799742050328714,1,0.9999998823152588,1,1.0,1,0.9933942559764627,1,0.9998828172683716,1,0.9999894882005568
03-01-08-01-01-02-13.wav,13,male,surprised,1,0,0.0,1,0.9646555133997737,1,0.9862075152184833,1,0.9999996097199396,1,0.98,1,0.9786329780065784,1,0.9997194409370422,1,0.9999275688943396
03-01-08-01-02-01-13.wav,13,male,surprised,1,1,1.0,1,0.5322293038489546,0,0.6542666206543072,1,0.85815749810231,1,0.97,1,0.9917492952462578,1,0.9992883801460266,1,0.9999733379696988
03-01-08-01-02-02-13.wav,13,male,surprised,1,0,0.0,0,0.4381279345714865,0,0.551413641890237,0,0.7003712891894511,1,0.98,1,0.9886371318244607,1,0.9979610443115234,1,0.9999514409993462
03-01-08-02-01-01-13.wav,13,male,surprised,1,1,1.0,1,0.7608981338985422,1,0.914755288172917,1,0.9953004151923195,1,0.95,1,0.9903602417512534,1,0.9965910911560059,1,0.9996849634497822
03-01-08-02-01-02-13.wav,13,male,surprised,1,1,1.0,1,0.9925546838688002,1,0.9972487740817197,1,0.9999996114620449,1,0.94,1,0.9877439422851189,1,0.999702513217926,1,0.9999579275810371
03-01-08-02-02-01-13.wav,13,male,surprised,1,0,0.0,1,0.8683155393332248,1,0.928561475590121,1,0.9929426993399078,1,0.99,1,0.9835338927010286,1,0.9986097812652588,1,0.9998287477057869
03-01-08-02-02-02-13.wav,13,male,surprised,1,1,1.0,1,0.7736423796809784,1,0.9054126379576288,1,0.9903872337627614,1,1.0,1,0.9905047269031009,1,0.985556423664093,1,0.9998262133060527
03-01-01-01-01-01-14.wav,14,female,neutral,0,1,1.0,0,0.3805786948229976,0,0.6052984811345298,0,0.19140593121513133,1,0.74,1,0.8907129226093401,1,0.5715616345405579,1,0.6680348558122473
03-01-01-01-01-02-14.wav,14,female,neutral,0,1,1.0,1,0.521302680965253,0,0.7674144862357635,0,0.43569481278208716,1,0.54,0,0.45260605511789975,0,0.035586703568696976,0,0.11173016797107854
03-01-01-01-02-01-14.wav,14,female,neutral,0,1,1.0,1,0.7238629325505725,1,0.9190595361375101,1,0.8991045520145016,1,0.75,1,0.9599690553673725,1,0.8617045283317566,1,0.5816755360662708
03-01-01-01-02-02-14.wav,14,female,neutral,0,1,1.0,1,0.7719431262206728,1,0.950096916873325,1,0.8319059395681813,1,0.81,1,0.9456308431528699,1,0.7297883033752441,1,0.9385044291350728
03-01-02-01-01-01-14.wav,14,female,calm,0,1,1.0,0,0.014175143179898703,0,0.07038517552825502,0,0.16700342602497406,0,0.25,0,0.026422223419955895,0,0.00306815467774868,0,0.0005535791876045169
03-01-02-01-01-02-14.wav,14,female,calm,0,1,1.0,0,0.025549325429835443,0,0.1618410209473561,0,0.16231853550334863,0,0.08,0,0.027934890323940535,0,0.002672048984095454,0,0.0003896419740494364
03-01-02-01-02-01-14.wav,14,female,calm,0,1,1.0,0,0.08742985598327219,0,0.42280727846481003,0,0.28448857571362346,0,0.36,0,0.04803266274453117,0,0.0011524821165949106,0,0.00014660267680801335
03-01-02-01-02-02-14.wav,14,female,calm,0,0,0.0,0,0.13873280378854552,0,0.43251626427031664,0,0.363890616046833,0,0.23,0,0.17414213782833718,0,0.14086152613162994,0,0.04949114152804684
03-01-02-02-01-01-14.wav,14,female,calm,0,1,1.0,0,0.07996018629309971,0,0.5572236666498804,0,0.42826777498365814,0,0.22,0,0.03700414557718374,0,0.0005806462722830474,0,0.00018110886567321958
03-01-02-02-01-02-14.wav,14,female,calm,0,1,1.0,0,0.03026820932859842,0,0.22622391063563144,0,0.33217125202395503,0,0.28,0,0.033204280773550324,0,0.0038260063156485558,0,0.0009728486857001192
03-01-02-02-02-01-14.wav,14,female,calm,0,1,1.0,0,0.015903969724180827,0,0.14618015220809527,0,0.13495219297744895,0,0.06,0,0.02444616058960827,0,0.0024567623622715473,0,0.00014258943437995644
03-01-02-02-02-02-14.wav,14,female,calm,0,1,1.0,0,0.07054121873347913,0,0.4860800329961309,0,0.29122822318439856,0,0.02,0,0.02825674912753746,0,0.001158358296379447,0,5.812712892019254e-05
03-01-03-01-01-01-14.wav,14,female,happy,1,1,1.0,1,0.9889656997068585,1,0.9966575431461087,1,0.9885664975571694,1,1.0,1,0.992570538336337,1,0.9977169036865234,1,0.9999763344769448
03-01-03-01-01-02-14.wav,14,female,happy,1,1,1.0,1,0.9946211490237563,1,0.9999856220088466,1,0.996037776766358,1,1.0,1,0.9971253301132086,1,0.9997708201408386,1,0.9999887294015587
03-01-03-01-02-01-14.wav,14,female,happy,1,1,1.0,1,0.959644262600481,1,0.989702794624208,1,0.989137070735762,1,1.0,1,0.9873811242308255,1,0.9959319233894348,1,0.9999210838441049
03-01-03-01-02-02-14.wav,14,female,happy,1,1,1.0,1,0.9617130916645318,1,0.9870511732162482,1,0.9879182312760897,1,0.97,1,0.9835716966684058,1,0.9929181933403015,1,0.9979882588682394
03-01-03-02-01-01-14.wav,14,female,happy,1,1,1.0,1,0.9999431981658509,1,0.9999999986070636,1,0.9999887899660714,1,1.0,1,0.9972923888016803,1,0.999186098575592,1,0.9999911527605544
03-01-03-02-01-02-14.wav,14,female,happy,1,0,0.0,1,0.9995916144452937,1,0.999999943843339,1,0.9974266696636241,1,1.0,1,0.992570538336337,1,0.9977138042449951,1,0.9999804339355919
03-01-03-02-02-01-14.wav,14,female,happy,1,1,1.0,1,0.9999906642806218,1,0.9999999999849476,1,0.9999834461702689,1,1.0,1,0.9887511669576121,1,0.997591495513916,1,0.9999781144055191
03-01-03-02-02-02-14.wav,14,female,happy,1,1,1.0,1,0.9998657199430564,1,0.9999999953684525,1,0.9999823901898984,1,1.0,1,0.9940434992216594,1,0.9993948936462402,1,0.9999900962117383
03-01-04-01-01-01-14.wav,14,female,sad,1,1,1.0,1,0.6630588929964822,1,0.8903676555885847,0,0.7958923119542824,1,0.63,1,0.6844170649502898,0,0.22214797139167786,1,0.8019493919005877
03-01-04-01-01-02-14.wav,14,female,sad,1,0,0.0,1,0.8070203725260123,1,0.9240517948240742,1,0.859636393744437,1,0.75,1,0.9088074957599324,1,0.9517203569412231,1,0.9954703176580278
03-01-04-01-02-01-14.wav,14,female,sad,1,1,1.0,1,0.7493627143898391,1,0.9395306832014458,1,0.9610627915551956,1,0.77,1,0.7625933270863238,1,0.7289239168167114,1,0.9907706310764963
03-01-04-01-02-02-14.wav,14,female,sad,1,1,1.0,1,0.8008609040646245,1,0.938994439705583,1,0.920024715654752,1,0.76,1,0.7418250844468353,0,0.30086132884025574,1,0.9895432883052501
03-01-04-02-01-01-14.wav,14,female,sad,1,0,0.0,1,0.899193194272395,1,0.971873474886668,1,0.9304045534005049,1,0.92,1,0.9557265105105386,1,0.9712488055229187,1,0.9976164297237826
03-01-04-02-01-02-14.wav,14,female,sad,1,0,0.0,1,0.8967270154407727,1,0.9835481013850589,1,0.9654329597582504,1,0.86,1,0.8080954072619171,1,0.6351313591003418,1,0.9762480127920629
03-01-04-02-02-01-14.wav,14,female,sad,1,0,0.0,1,0.8291682657710692,1,0.9344633058643522,1,0.9341943201662498,1,0.9,1,0.9859810947909033,1,0.9840298891067505,1,0.9994978377170424
03-01-04-02-02-02-14.wav,14,female,sad,1,1,1.0,1,0.7925941053679457,1,0.9204135606794904,1,0.9516599845633326,1,0.89,1,0.8992270518779358,1,0.8317437171936035,1,0.9960608759566411
03-01-05-01-01-01-14.wav,14,female,angry,1,1,1.0,1,0.9762212326408898,1,0.9902948647232418,1,0.9882579846569622,1,1.0,1,0.9977612892996146,1,0.9987140893936157,1,0.9999858138145928
03-01-05-01-01-02-14.wav,14,female,angry,1,1,1.0,1,0.9731556494710718,1,0.9868766132229734,1,0.9915649589621984,1,1.0,1,0.9968073686988123,1,0.9974381923675537,1,0.999967154666512
03-01-05-01-02-01-14.wav,14,female,angry,1,1,1.0,1,0.9870753551397738,1,0.9946942275133733,1,0.9926923933591549,1,1.0,1,0.996907894127963,1,0.9993367791175842,1,0.9999907437430454
03-01-05-01-02-02-14.wav,14,female,angry,1,1,1.0,1,0.985105221845196,1,0.9936558704494788,1,0.9901742216357348,1,1.0,1,0.996907894127963,1,0.99962317943573,1,0.9999907279235004
03-01-05-02-01-01-14.wav,14,female,angry,1,1,1.0,1,0.9999999994826152,1,0.9999999999999699,1,0.995562885006929,1,1.0,1,0.9976943715730049,1,0.9995731711387634,1,0.9999914635737791
03-01-05-02-01-02-14.wav,14,female,angry,1,0,0.0,1,0.99999992457898,1,0.9999999999999699,1,0.9941270315138397,1,1.0,1,0.9977612892996146,1,0.9994058609008789,1,0.9999862688496185
03-01-05-02-02-01-14.wav,14,female,angry,1,1,1.0,1,0.9999999981747223,1,0.9999999999999699,1,0.995044425142222,1,1.0,1,0.996907894127963,1,0.9995131492614746,1,0.9999916246407117
03-01-05-02-02-02-14.wav,14,female,angry,1,1,1.0,1,0.9999999162418326,1,0.9999999999999699,1,0.9946330536026818,1,1.0,1,0.9976943715730049,1,0.9995131492614746,1,0.9999916246407117
03-01-06-01-01-01-14.wav,14,female,fearful,1,1,1.0,1,0.9418227383400494,1,0.9884078210316797,1,0.990043924152732,1,0.88,1,0.8666578880680897,1,0.8258046507835388,1,0.9874053325136639
03-01-06-01-01-02-14.wav,14,female,fearful,1,1,1.0,1,0.9370407939306853,1,0.9821440711874075,1,0.9860988054932283,1,0.95,1,0.9766395472594185,1,0.9945610165596008,1,0.9999819202712867
03-01-06-01-02-01-14.wav,14,female,fearful,1,1,1.0,1,0.9424830473999523,1,0.9910665401711094,1,0.9999897098791388,1,0.94,1,0.9819738313591058,1,0.9978391528129578,1,0.9999402883203853
03-01-06-01-02-02-14.wav,14,female,fearful,1,1,1.0,1,0.9246476253078528,1,0.978795011939793,1,0.9972927210454541,1,1.0,1,0.9870062315116517,1,0.9997462630271912,1,0.9999566241126766
03-01-06-02-01-01-14.wav,14,female,fearful,1,1,1.0,1,0.9999982768053686,1,0.99999999999939,1,0.9968295659999873,1,0.98,1,0.9885790907455153,1,0.9985357522964478,1,0.9999632201187929
03-01-06-02-01-02-14.wav,14,female,fearful,1,1,1.0,1,0.9999992350490198,1,0.9999999999999053,1,0.9972350182393576,1,1.0,1,0.9956254850427451,1,0.999887228012085,1,0.9999893248525495
03-01-06-02-02-01-14.wav,14,female,fearful,1,1,1.0,1,0.9983471511594592,1,0.9999992183521155,1,0.9999908197108144,1,1.0,1,0.9940434992216594,1,0.9995816349983215,1,0.9999823664727269
03-01-06-02-02-02-14.wav,14,female,fearful,1,1,1.0,1,0.9995225152488052,1,0.9999999143988699,1,0.9999867782933516,1,1.0,1,0.9944184533464278,1,0.9996986389160156,1,0.999990271302724
03-01-07-01-01-01-14.wav,14,female,disgust,1,0,0.0,1,0.9824790319004918,1,0.9942505500705879,1,0.9950698548437389,1,0.9,1,0.989190342606028,1,0.998218834400177,1,0.9998987909703612
03-01-07-01-01-02-14.wav,14,female,disgust,1,1,1.0,1,0.9539126723321857,1,0.9913181887064969,1,0.9558701521854654,1,0.91,1,0.9899210105104529,1,0.9984519481658936,1,0.9999182552696473
03-01-07-01-02-01-14.wav,14,female,disgust,1,1,1.0,1,0.9487325904041295,1,0.9887114545318477,1,0.9921419142630725,1,0.9,1,0.920835939393227,1,0.9945999383926392,1,0.998469185319707
03-01-07-01-02-02-14.wav,14,female,disgust,1,0,0.0,1,0.9536405591872614,1,0.9827536608688802,1,0.9920117615828721,1,0.99,1,0.9950052198209208,1,0.9997879862785339,1,0.9999818588847136
03-01-07-02-01-01-14.wav,14,female,disgust,1,1,1.0,1,0.9946895998923511,1,0.9967303535484904,1,0.996889986893228,1,1.0,1,0.9969212915255645,1,0.9995062351226807,1,0.9999914861608487
03-01-07-02-01-02-14.wav,14,female,disgust,1,0,0.0,1,0.9751227277025903,1,0.9931478534648909,1,0.9933888784221232,1,0.97,1,0.9852879249421203,1,0.9974724650382996,1,0.9998858801868793
03-01-07-02-02-01-14.wav,14,female,disgust,1,1,1.0,1,0.9791431027230151,1,0.9941580281934216,1,0.9890937684125022,1,0.91,1,0.979284430460462,1,0.9988754391670227,1,0.9997111453407527
03-01-07-02-02-02-14.wav,14,female,disgust,1,0,0.0,1,0.909883906373322,1,0.962209963174146,1,0.9595610875855659,1,0.98,1,0.990833160149838,1,0.9976487755775452,1,0.9998199088791455
03-01-08-01-01-01-14.wav,14,female,surprised,1,1,1.0,1,0.937957931659319,1,0.9872191403042286,1,0.9793918489999434,1,0.92,1,0.9753791741232472,1,0.9983612895011902,1,0.9999726367984707
03-01-08-01-01-02-14.wav,14,female,surprised,1,0,0.0,1,0.9781394641436765,1,0.9973834843847743,1,0.9847444038071353,1,0.95,1,0.9917039080765802,1,0.9979203343391418,1,0.9999699954619815
03-01-08-01-02-01-14.wav,14,female,surprised,1,1,1.0,1,0.9577227671535659,1,0.9948979555335424,1,0.9770464181960139,1,0.95,1,0.9914614903346346,1,0.997775137424469,1,0.9999472028503534
03-01-08-01-02-02-14.wav,14,female,surprised,1,0,0.0,1,0.9220303095737085,1,0.9875138812151407,1,0.987826664591108,1,0.96,1,0.9941624624888002,1,0.9974806904792786,1,0.999914169797427
03-01-08-02-01-01-14.wav,14,female,surprised,1,1,1.0,1,0.9206373713401343,1,0.9805022362543427,1,0.9727333835292341,1,0.98,1,0.9936605687821979,1,0.9989863038063049,1,0.9999618242896208
03-01-08-02-01-02-14.wav,14,female,surprised,1,1,1.0,1,0.9923235819799037,1,0.999997056222603,1,0.9943808687063977,1,0.99,1,0.9959916770389472,1,0.9987775683403015,1,0.9999774306504251
03-01-08-02-02-01-14.wav,14,female,surprised,1,0,0.0,1,0.9742160323948593,1,0.9970608234517339,1,0.9803843521562873,1,0.97,1,0.9956422657792254,1,0.9984952211380005,1,0.9999674719137318
03-01-08-02-02-02-14.wav,14,female,surprised,1,1,1.0,1,0.9542485484281173,1,0.9948385252560634,1,0.988734686933662,1,0.97,1,0.9941267691275762,1,0.9985093474388123,1,0.9999537078636562
03-01-01-01-01-01-15.wav,15,male,neutral,0,1,1.0,0,0.41504761985359473,0,0.7144084573552533,0,0.7766297900700464,1,0.87,1,0.7503064474744855,1,0.9868175983428955,1,0.9927198640360373
03-01-01-01-01-02-15.wav,15,male,neutral,0,1,1.0,0,0.4872523366334625,0,0.7603855874333799,0,0.6598655612776614,1,0.7,0,0.1343072573908394,0,0.47301483154296875,1,0.8024800225017305
03-01-01-01-02-01-15.wav,15,male,neutral,0,1,1.0,0,0.26243276494667384,0,0.5501666371881194,0,0.21738591138868377,1,0.8,0,0.42585959527977724,1,0.7475249171257019,1,0.9442867094959858
03-01-01-01-02-02-15.wav,15,male,neutral,0,1,1.0,0,0.28855045897248677,0,0.580272880778739,0,0.8147515839844591,1,0.88,1,0.886841437050624,1,0.514575183391571,1,0.8824468622195683
03-01-02-01-01-01-15.wav,15,male,calm,0,0,0.0,0,0.0068220073411623516,0,0.03575581511779321,0,0.06336777834248142,0,0.05,0,0.016598440104243054,0,0.00019454248831607401,0,0.000448395840314482
03-01-02-01-01-02-15.wav,15,male,calm,0,1,1.0,0,0.014833361367818657,0,0.07516791981858802,0,0.06241836571936931,0,0.05,0,0.03232421250266767,0,0.0005228917580097914,0,0.00017086773341959405
03-01-02-01-02-01-15.wav,15,male,calm,0,0,0.0,0,0.01286930463306124,0,0.07712555224370035,0,0.1534259577197873,0,0.11,0,0.09301827404197532,0,0.06278970092535019,0,0.006647519736248714
03-01-02-01-02-02-15.wav,15,male,calm,0,0,0.0,0,0.00909296439044722,0,0.0604142822935455,0,0.45317562744426376,0,0.22,0,0.03213441983399928,0,0.0012796693481504917,0,0.0008209461618811871
03-01-02-02-01-01-15.wav,15,male,calm,0,1,1.0,0,0.012299380253620788,0,0.07384860431833491,0,0.33586125234258146,0,0.03,0,0.028808553277645935,0,0.0010417094454169273,0,0.000629738399123508
03-01-02-02-01-02-15.wav,15,male,calm,0,1,1.0,0,0.006561335352005338,0,0.03493240470957883,0,0.16939496986550798,0,0.05,0,0.03990544845163982,0,0.00030000507831573486,0,0.0004913313763107596
03-01-02-02-02-01-15.wav,15,male,calm,0,1,1.0,0,0.011587305224436153,0,0.06706174755826838,0,0.15746739971044196,0,0.09,0,0.035965843136386795,0,0.005634714383631945,0,0.0014354267382308472
03-01-02-02-02-02-15.wav,15,male,calm,0,1,1.0,0,0.03464324938419582,0,0.2419576776959551,0,0.08950964988747147,0,0.16,0,0.042742144355294984,0,0.030302995815873146,0,0.0017434123020876
03-01-03-01-01-01-15.wav,15,male,happy,1,1,1.0,1,0.5749624324379368,1,0.8169616622950323,1,0.8545124758127989,1,0.81,1,0.8595588660433746,1,0.9870287179946899,1,0.9969707437232523
03-01-03-01-01-02-15.wav,15,male,happy,1,1,1.0,1,0.9356536119241896,1,0.9506399022949085,1,0.9487784646223301,1,0.87,1,0.9503247875446879,1,0.9867449402809143,1,0.9924675624236597
03-01-03-01-02-01-15.wav,15,male,happy,1,1,1.0,0,0.4274163834127408,0,0.7147772438126234,0,0.22653359119989755,1,0.82,1,0.7631776934186714,0,0.3693729043006897,1,0.8888618475598199
03-01-03-01-02-02-15.wav,15,male,happy,1,1,1.0,1,0.6882469384316646,1,0.8888072844257328,1,0.8867906144217199,1,0.93,1,0.9473758900428242,1,0.9853679537773132,1,0.9996937120783763
03-01-03-02-01-01-15.wav,15,male,happy,1,0,0.0,1,0.9691755587017824,1,0.9825186766742702,1,0.9999974814390038,1,1.0,1,0.9811243957718279,1,0.9996590614318848,1,0.9999764491924293
03-01-03-02-01-02-15.wav,15,male,happy,1,1,1.0,1,0.9830270335605376,1,0.9947469954134168,1,0.9999999223764651,1,1.0,1,0.9908356583590843,1,0.9998387098312378,1,0.9999813315908094
03-01-03-02-02-01-15.wav,15,male,happy,1,0,0.0,1,0.9954717934308006,1,0.9999961420072624,1,0.9999993365523162,1,0.99,1,0.9923324736300375,1,0.99962317943573,1,0.9999819388070983
03-01-03-02-02-02-15.wav,15,male,happy,1,1,1.0,1,0.9058721477236625,1,0.9642533883799197,1,0.9934545618666176,1,0.98,1,0.9865575945291489,1,0.9989380240440369,1,0.9999384219444083
03-01-04-01-01-01-15.wav,15,male,sad,1,1,1.0,1,0.7791348126308673,1,0.8675488000662417,1,0.9581570337944595,1,0.92,1,0.9809306095210617,1,0.9976413249969482,1,0.9999410834280933
03-01-04-01-01-02-15.wav,15,male,sad,1,1,1.0,0,0.32949847065329063,0,0.6859234177357886,1,0.9318197089459905,1,0.76,1,0.8335711333666309,1,0.9422757625579834,1,0.909324093521014
03-01-04-01-02-01-15.wav,15,male,sad,1,1,1.0,0,0.039071250417599235,0,0.16929524240845012,0,0.17062425390453312,0,0.34,1,0.6097222328019222,0,0.16215991973876953,0,0.029033585603742532
03-01-04-01-02-02-15.wav,15,male,sad,1,0,0.0,0,0.48239456767446887,0,0.7425945862302936,0,0.6822348876390291,1,0.81,1,0.8614033038606697,1,0.9715678095817566,1,0.9987721025903817
03-01-04-02-01-01-15.wav,15,male,sad,1,1,1.0,0,0.07697827617846043,0,0.18287476279943135,0,0.37099034284314175,0,0.45,0,0.04183586033866403,0,0.015922365710139275,1,0.9748241128913162
03-01-04-02-01-02-15.wav,15,male,sad,1,0,0.0,0,0.2706026213354568,0,0.3680998454256133,0,0.3745625826888598,1,0.68,1,0.501674877740601,1,0.8833720684051514,1,0.9976679073156461
03-01-04-02-02-01-15.wav,15,male,sad,1,1,1.0,1,0.8637106083155638,1,0.956214586031564,1,0.9999921333748942,1,0.97,1,0.991508030403068,1,0.9996095299720764,1,0.9999774231160969
03-01-04-02-02-02-15.wav,15,male,sad,1,1,1.0,0,0.07634756143987742,0,0.14586443671675625,0,0.5432585793192515,1,0.72,1,0.6222740043168742,1,0.5171670317649841,1,0.7742146771098355
03-01-05-01-01-01-15.wav,15,male,angry,1,1,1.0,1,0.9253907039633416,1,0.9602538132203445,1,0.9928160266945236,1,1.0,1,0.9925650377025255,1,0.9957252740859985,1,0.9998451262380185
03-01-05-01-01-02-15.wav,15,male,angry,1,0,0.0,1,0.9964601518186346,1,0.9999947054438992,1,0.9999999245867175,1,1.0,1,0.994105120202855,1,0.9998631477355957,1,0.9999772387810735
03-01-05-01-02-01-15.wav,15,male,angry,1,0,0.0,1,0.9642000061311568,1,0.99354755292773,1,0.9999917388172482,1,0.98,1,0.9922214053606487,1,0.9986221790313721,1,0.9999579285062158
03-01-05-01-02-02-15.wav,15,male,angry,1,1,1.0,1,0.9975568953330178,1,0.9999975216426787,1,0.9999982119270341,1,0.99,1,0.994311502584167,1,0.9985359907150269,1,0.9999525244029251
03-01-05-02-01-01-15.wav,15,male,angry,1,1,1.0,1,0.9999612763953496,1,0.9999999995195794,1,0.9999999928263679,1,1.0,1,0.9966839055941831,1,0.9998113512992859,1,0.9999876373922598
03-01-05-02-01-02-15.wav,15,male,angry,1,1,1.0,1,0.9999957818427907,1,0.999999999997729,1,0.9999998752688491,1,1.0,1,0.996857734406447,1,0.9997250437736511,1,0.9999813865216646
03-01-05-02-02-01-15.wav,15,male,angry,1,1,1.0,1,0.998161243174194,1,0.99999885430345,1,0.9999998473178917,1,1.0,1,0.9937363716765858,1,0.9987291693687439,1,0.9999831669382461
03-01-05-02-02-02-15.wav,15,male,angry,1,0,0.0,1,0.999999515843384,1,0.9999999999999482,1,0.9999998370046973,1,1.0,1,0.9978692654950185,1,0.9994140863418579,1,0.9999896598773389
03-01-06-01-01-01-15.wav,15,male,fearful,1,0,0.0,0,0.23664397295644715,0,0.3812621186202383,0,0.26011819390984736,1,0.61,1,0.8115982257454374,1,0.9287251830101013,1,0.7226586121824738
03-01-06-01-01-02-15.wav,15,male,fearful,1,1,1.0,1,0.9042717710630883,1,0.9457866920228623,1,0.9957555482709746,1,0.97,1,0.9833744900216712,1,0.9795851707458496,1,0.9988738808282566
03-01-06-01-02-01-15.wav,15,male,fearful,1,1,1.0,1,0.6565665438422349,1,0.7918291821492615,1,0.9641495346611446,1,0.94,1,0.9888259596291442,1,0.9984128475189209,1,0.9961959027348916
03-01-06-01-02-02-15.wav,15,male,fearful,1,1,1.0,1,0.8387145491254845,1,0.9091931675170962,1,0.9885301252842094,1,0.97,1,0.9690828768430725,1,0.9972297549247742,1,0.9990914424950096
03-01-06-02-01-01-15.wav,15,male,fearful,1,1,1.0,1,0.9975493896539838,1,0.9999916375168155,1,0.9999999040490201,1,0.95,1,0.9903715014225851,1,0.9985963702201843,1,0.999947083234506
03-01-06-02-01-02-15.wav,15,male,fearful,1,0,0.0,1,0.9997817970232168,1,0.9999998958707826,1,0.9999999637937186,1,1.0,1,0.9928298939496779,1,0.9996134638786316,1,0.9999878315088269
03-01-06-02-02-01-15.wav,15,male,fearful,1,1,1.0,1,0.9346662867357345,1,0.9428762402707402,1,0.987899132108378,1,0.99,1,0.9912809431430081,1,0.9998241066932678,1,0.9999849868290197
03-01-06-02-02-02-15.wav,15,male,fearful,1,0,0.0,1,0.9989937160842707,1,0.9999989788114854,1,0.9999999756036192,1,1.0,1,0.9883558092286736,1,0.9995600581169128,1,0.9999525739396884
03-01-07-01-01-01-15.wav,15,male,disgust,1,1,1.0,1,0.9387572650196891,1,0.9818436303443713,1,0.9999996443435278,1,0.93,1,0.9826495474087592,1,0.9988960027694702,1,0.9998785099255006
03-01-07-01-01-02-15.wav,15,male,disgust,1,0,0.0,1,0.9319678332345308,1,0.9807450830345071,1,0.9999878108914874,1,0.97,1,0.9916976683901376,1,0.9995999932289124,1,0.9999673901457183
03-01-07-01-02-01-15.wav,15,male,disgust,1,1,1.0,1,0.8062887389459573,1,0.944523324898219,1,0.9708493662772703,1,0.92,1,0.9207210038498786,1,0.9943763017654419,1,0.9999189413051178
03-01-07-01-02-02-15.wav,15,male,disgust,1,1,1.0,1,0.960406338457253,1,0.9878872415975882,1,0.9971479022027575,1,1.0,1,0.9938407235149819,1,0.999474823474884,1,0.9999569291937234
03-01-07-02-01-01-15.wav,15,male,disgust,1,0,0.0,1,0.975905221863929,1,0.9866659858672402,1,0.9999996554036036,1,0.98,1,0.9923818433482756,1,0.9996274709701538,1,0.9999695580932285
03-01-07-02-01-02-15.wav,15,male,disgust,1,1,1.0,1,0.8247461055360147,1,0.9342203689904576,1,0.977525956851967,1,0.89,1,0.9728714536294027,1,0.9989349246025085,1,0.9998471107436898
03-01-07-02-02-01-15.wav,15,male,disgust,1,1,1.0,0,0.2839352508211418,0,0.39833554300578927,0,0.07906605161920686,1,0.83,1,0.8302887955794656,1,0.762267529964447,1,0.9992366023725358
03-01-07-02-02-02-15.wav,15,male,disgust,1,0,0.0,1,0.9856639894113873,1,0.9925666344031845,1,0.9999976512917669,1,1.0,1,0.9967526056854229,1,0.9999305009841919,1,0.9999905867409382
03-01-08-01-01-01-15.wav,15,male,surprised,1,0,0.0,1,0.74377405513341,1,0.8540600566056407,1,0.9322612330932256,1,0.82,1,0.9489714306986352,1,0.9904016852378845,1,0.9996873127022126
03-01-08-01-01-02-15.wav,15,male,surprised,1,1,1.0,1,0.9689716390397058,1,0.9896321085151158,1,0.9974446356520916,1,1.0,1,0.9937249668561969,1,0.9976058006286621,1,0.999952995797415
03-01-08-01-02-01-15.wav,15,male,surprised,1,1,1.0,1,0.8747256538763452,1,0.9807004359003296,1,0.9914092982637887,1,0.99,1,0.9850449352218184,1,0.9993764758110046,1,0.9997137826038979
03-01-08-01-02-02-15.wav,15,male,surprised,1,1,1.0,1,0.775500026550939,1,0.9294198471924766,1,0.9859862605459226,1,0.98,1,0.9495623224063642,1,0.9939309358596802,1,0.9999149201078947
03-01-08-02-01-01-15.wav,15,male,surprised,1,1,1.0,1,0.9965630248032502,1,0.9999918840297424,1,0.9999999901331177,1,0.98,1,0.9713036248556803,1,0.999302864074707,1,0.9998742833586403
03-01-08-02-01-02-15.wav,15,male,surprised,1,1,1.0,1,0.879498079660871,1,0.945603413553586,1,0.994644201862476,1,0.97,1,0.9824827111220191,1,0.9953338503837585,1,0.9999549963129718
03-01-08-02-02-01-15.wav,15,male,surprised,1,1,1.0,1,0.6683376970624113,1,0.8541146852927719,1,0.976157521664138,1,0.93,1,0.9856814563353287,1,0.9784316420555115,1,0.9998335813006337
03-01-08-02-02-02-15.wav,15,male,surprised,1,1,1.0,1,0.959896144469208,1,0.9867354644144329,1,0.9999834666227109,1,1.0,1,0.9920614534897633,1,0.9998207688331604,1,0.9999759963942272
03-01-01-01-01-01-16.wav,16,female,neutral,0,1,1.0,0,0.482233864313644,0,0.6645699311030049,0,0.45641050894450025,1,0.89,1,0.9119829245100685,1,0.9858874678611755,1,0.9999765165196904
03-01-01-01-01-02-16.wav,16,female,neutral,0,1,1.0,0,0.46937598152123367,0,0.6682251899328487,0,0.5932512292352823,1,0.94,1,0.9695002163882298,1,0.9910189509391785,1,0.9999480943399037
03-01-01-01-02-01-16.wav,16,female,neutral,0,1,1.0,1,0.7243090022105696,1,0.8797512585045456,0,0.8162054385384166,1,0.79,1,0.8808532690609734,1,0.9137022495269775,1,0.727877381034805
03-01-01-01-02-02-16.wav,16,female,neutral,0,1,1.0,1,0.6883042464213295,1,0.8728389404237997,1,0.8759542080014165,1,0.74,1,0.8135982169910556,1,0.8753594160079956,1,0.5687060384334113
03-01-02-01-01-01-16.wav,16,female,calm,0,1,1.0,0,0.015588613460809607,0,0.06640678095899506,0,0.05121796689711509,0,0.07,0,0.01847556949224253,0,0.0005611398373730481,0,0.004194965017276547
03-01-02-01-01-02-16.wav,16,female,calm,0,0,0.0,0,0.029304560943422344,0,0.11188492741774542,0,0.041547639142613765,0,0.04,0,0.032948056986345044,0,0.01095586083829403,0,0.0007413767682534299
03-01-02-01-02-01-16.wav,16,female,calm,0,1,1.0,0,0.0300443905061407,0,0.13564854819164224,0,0.08636871437362617,0,0.02,0,0.026095027711303568,0,0.007933489046990871,0,0.00022639338922076475
03-01-02-01-02-02-16.wav,16,female,calm,0,1,1.0,0,0.050687765934873646,0,0.17748106683158052,0,0.28678132469408807,0,0.21,0,0.036966939741552574,0,0.12355831265449524,0,0.006306642805194271
03-01-02-02-01-01-16.wav,16,female,calm,0,0,0.0,0,0.030394501878489924,0,0.1407268551829001,0,0.11524068289140219,0,0.11,0,0.02607227057007875,0,0.008462110534310341,0,0.001038115716386395
03-01-02-02-01-02-16.wav,16,female,calm,0,0,0.0,0,0.048782370480116403,0,0.2016957216511897,0,0.11952296034704094,0,0.1,0,0.028725891072496717,0,0.0009405884775333107,0,0.00015188498441866925
03-01-02-02-02-01-16.wav,16,female,calm,0,1,1.0,0,0.037106145992340425,0,0.17954847498739462,0,0.06962556036251971,0,0.05,0,0.03475018679829744,0,0.028790587559342384,0,0.0001913073403342193
03-01-02-02-02-02-16.wav,16,female,calm,0,1,1.0,0,0.025725252630738348,0,0.14014436331446775,0,0.13724324864474233,0,0.1,0,0.034908399937629606,0,0.03656245395541191,0,0.01628331304484755
03-01-03-01-01-01-16.wav,16,female,happy,1,1,1.0,1,0.9106325963395777,1,0.9574104162569581,1,0.9671506780601282,1,0.99,1,0.9905645284653298,1,0.9974714517593384,1,0.9999753774903287
03-01-03-01-01-02-16.wav,16,female,happy,1,1,1.0,1,0.9748809532782168,1,0.9892800771278758,1,0.9914348070707738,1,1.0,1,0.9967072594191744,1,0.9996609687805176,1,0.9999877384309157
03-01-03-01-02-01-16.wav,16,female,happy,1,1,1.0,1,0.86627285018557,1,0.9317040215268467,1,0.9678122033140938,1,1.0,1,0.9883695626254577,1,0.997919499874115,1,0.9999243177808875
03-01-03-01-02-02-16.wav,16,female,happy,1,1,1.0,1,0.9039398932534918,1,0.9506595336837801,1,0.9944581748137358,1,0.99,1,0.9923531410293047,1,0.9980968832969666,1,0.9999595192646298
03-01-03-02-01-01-16.wav,16,female,happy,1,1,1.0,1,0.9941962061744342,1,0.9999883146448387,1,0.9999967918081946,1,1.0,1,0.9970127097590186,1,0.9998213648796082,1,0.9999897198162568
03-01-03-02-01-02-16.wav,16,female,happy,1,1,1.0,1,0.99989766903097,1,0.9999999902783128,1,0.9999974239439061,1,1.0,1,0.9966910548930548,1,0.9994901418685913,1,0.9999897049655586
03-01-03-02-02-01-16.wav,16,female,happy,1,0,0.0,1,0.9948668368816771,1,0.9999880798727563,1,0.9999983294706364,1,1.0,1,0.9957321890753277,1,0.9986110925674438,1,0.9999903455258091
03-01-03-02-02-02-16.wav,16,female,happy,1,0,0.0,1,0.9826188921294361,1,0.9935595422232611,1,0.9999962938514029,1,1.0,1,0.9936112648638281,1,0.9996433258056641,1,0.9999909126547104
03-01-04-01-01-01-16.wav,16,female,sad,1,1,1.0,1,0.5654275129012951,0,0.6914664664081195,0,0.7876303202262179,1,0.89,1,0.8853652614800047,1,0.9588433504104614,1,0.8695545924118065
03-01-04-01-01-02-16.wav,16,female,sad,1,1,1.0,1,0.5822108575051712,0,0.6982519438898751,0,0.1267960072950368,1,0.74,1,0.8118236966338755,1,0.7584414482116699,1,0.9947812500485939
03-01-04-01-02-01-16.wav,16,female,sad,1,1,1.0,1,0.6560861854506955,0,0.7907276019105931,1,0.9242572563100249,1,0.62,1,0.5434918712214754,0,0.3512119650840759,0,0.40547253624984064
03-01-04-01-02-02-16.wav,16,female,sad,1,0,0.0,1,0.7746711201280997,1,0.8768514952772171,1,0.9570606326985054,1,0.82,1,0.9444728519173968,1,0.9576914310455322,1,0.9996944586596975
03-01-04-02-01-01-16.wav,16,female,sad,1,1,1.0,1,0.6743693807925893,1,0.8363576056493693,0,0.42825216232587293,1,0.68,1,0.7739145107820246,0,0.08640871942043304,0,0.026830859022495174
03-01-04-02-01-02-16.wav,16,female,sad,1,1,1.0,1,0.6921224577606676,1,0.8745716112298811,0,0.5864024696977022,1,0.95,1,0.9611798342362042,1,0.9940264225006104,1,0.9995945529367682
03-01-04-02-02-01-16.wav,16,female,sad,1,0,0.0,1,0.6989034913008767,1,0.852414730789803,1,0.9894987072032272,1,0.91,1,0.9605375234030358,1,0.9983705878257751,1,0.9999662431195026
03-01-04-02-02-02-16.wav,16,female,sad,1,0,0.0,1,0.7402805664065865,1,0.8963508345522185,1,0.9967484955123935,1,0.92,1,0.9611444480201459,1,0.997612714767456,1,0.9997131768106495
03-01-05-01-01-01-16.wav,16,female,angry,1,0,0.0,1,0.9980238479743387,1,0.9999976818167481,1,0.9999963529800924,1,0.99,1,0.9968706947276166,1,0.9993265867233276,1,0.9999670502829469
03-01-05-01-01-02-16.wav,16,female,angry,1,1,1.0,1,0.9995206945548362,1,0.9999997876308465,1,0.999996726844548,1,1.0,1,0.9967847616150056,1,0.99947589635849,1,0.9999679796756373
03-01-05-01-02-01-16.wav,16,female,angry,1,1,1.0,1,0.9968698593322811,1,0.9999964727287308,1,0.9999981311441228,1,1.0,1,0.9966776115004976,1,0.9990370273590088,1,0.9999639728249918
03-01-05-01-02-02-16.wav,16,female,angry,1,1,1.0,1,0.9995946610058022,1,0.9999999288535747,1,0.999999311034922,1,1.0,1,0.9967132911766307,1,0.9980881810188293,1,0.9999629271374257
03-01-05-02-01-01-16.wav,16,female,angry,1,0,0.0,1,0.9999977082763749,1,0.9999999999981659,1,0.9999993641830016,1,1.0,1,0.9975606793739511,1,0.9995444416999817,1,0.999989750236652
03-01-05-02-01-02-16.wav,16,female,angry,1,0,0.0,1,0.9999999995248727,1,0.9999999999999699,1,0.9999961917061032,1,1.0,1,0.9975606793739511,1,0.999606192111969,1,0.9999897544605895
03-01-05-02-02-01-16.wav,16,female,angry,1,1,1.0,1,0.9999999530786496,1,0.9999999999999699,1,0.9999987047077677,1,1.0,1,0.9974793218827076,1,0.9992992877960205,1,0.9999874361440856
03-01-05-02-02-02-16.wav,16,female,angry,1,1,1.0,1,0.999999152115039,1,0.9999999999998618,1,0.9999984907409435,1,1.0,1,0.997684024277172,1,0.9992985725402832,1,0.9999878493196341
03-01-06-01-01-01-16.wav,16,female,fearful,1,1,1.0,1,0.9321284358793572,1,0.9581469618427969,1,0.8450284991959849,1,1.0,1,0.9936394292212664,1,0.9992780089378357,1,0.9999583148207778
03-01-06-01-01-02-16.wav,16,female,fearful,1,0,0.0,1,0.9622629423950437,1,0.9756082804220375,1,0.9776347804040717,1,0.96,1,0.9855567952989213,1,0.9982385635375977,1,0.999915244709691
03-01-06-01-02-01-16.wav,16,female,fearful,1,0,0.0,1,0.9504456345705551,1,0.9816106205898706,1,0.996957567277178,1,0.98,1,0.9833759816338725,1,0.9990679621696472,1,0.9999481319743699
03-01-06-01-02-02-16.wav,16,female,fearful,1,1,1.0,1,0.9869883341269103,1,0.9961172185136207,1,0.9999944696873448,1,1.0,1,0.9953732055057997,1,0.9997450709342957,1,0.9999895769642663
03-01-06-02-01-01-16.wav,16,female,fearful,1,1,1.0,1,0.9999960831853367,1,0.9999999999875695,1,0.9999998287302441,1,1.0,1,0.9927152864179808,1,0.9991517066955566,1,0.999970214684162
03-01-06-02-01-02-16.wav,16,female,fearful,1,1,1.0,1,0.9999999968097149,1,0.9999999999999699,1,0.9999991419042394,1,1.0,1,0.9952175088216592,1,0.9996953010559082,1,0.999984361287639
03-01-06-02-02-01-16.wav,16,female,fearful,1,0,0.0,1,0.9999997852604089,1,0.9999999999999699,1,0.9999998400504974,1,1.0,1,0.9967393713872916,1,0.9998401403427124,1,0.9999912899682353
03-01-06-02-02-02-16.wav,16,female,fearful,1,0,0.0,1,0.9999999008392827,1,0.9999999999999699,1,0.9999998348053237,1,1.0,1,0.997699741089944,1,0.9996342658996582,1,0.9999912899682353
03-01-07-01-01-01-16.wav,16,female,disgust,1,0,0.0,1,0.9856492102001544,1,0.9946585699559616,1,0.9999990373566578,1,1.0,1,0.9916216592121003,1,0.9999434947967529,1,0.9999727818117162
03-01-07-01-01-02-16.wav,16,female,disgust,1,1,1.0,1,0.9807479949380236,1,0.9903186705529973,1,0.9999979747914371,1,1.0,1,0.9961320128909763,1,0.9999485015869141,1,0.9999842911942552
03-01-07-01-02-01-16.wav,16,female,disgust,1,1,1.0,1,0.9773238630405403,1,0.9932618243679244,1,0.9999826029853848,1,1.0,1,0.9931326301436656,1,0.999900221824646,1,0.9999904377623698
03-01-07-01-02-02-16.wav,16,female,disgust,1,1,1.0,1,0.9830803502755516,1,0.9880185083579818,1,0.9974221644361936,1,1.0,1,0.9909979659797465,1,0.999825656414032,1,0.9999887915433371
03-01-07-02-01-01-16.wav,16,female,disgust,1,1,1.0,1,0.9764702657317814,1,0.9869636580239679,1,0.999999147033873,1,1.0,1,0.9968786294636844,1,0.9998927116394043,1,0.9999903557578722
03-01-07-02-01-02-16.wav,16,female,disgust,1,0,0.0,1,0.9863929162794816,1,0.9911825725123178,1,0.9999928612546896,1,0.99,1,0.9944760148209447,1,0.9988133907318115,1,0.999965275993412
03-01-07-02-02-01-16.wav,16,female,disgust,1,0,0.0,1,0.9948029453541385,1,0.9999873864463309,1,0.9999996489088929,1,1.0,1,0.9923762741964575,1,0.9998756647109985,1,0.9999914548411052
03-01-07-02-02-02-16.wav,16,female,disgust,1,0,0.0,1,0.9933196047782993,1,0.9967885667711471,1,0.9999995220350842,1,1.0,1,0.9964035295549828,1,0.9995360374450684,1,0.9999850748891892
03-01-08-01-01-01-16.wav,16,female,surprised,1,0,0.0,1,0.9046250692807224,1,0.9604455905374053,1,0.9832758638348245,1,1.0,1,0.9934366969142949,1,0.9994638562202454,1,0.9999706189870572
03-01-08-01-01-02-16.wav,16,female,surprised,1,1,1.0,1,0.9808269841849304,1,0.9905904850762138,1,0.9999893456249402,1,1.0,1,0.995615426523495,1,0.9995032548904419,1,0.9999911997932973
03-01-08-01-02-01-16.wav,16,female,surprised,1,1,1.0,1,0.9966435039130411,1,0.9999990978196373,1,0.9999997291135249,1,1.0,1,0.9971903675958957,1,0.9998871088027954,1,0.9999913953236174
03-01-08-01-02-02-16.wav,16,female,surprised,1,0,0.0,1,0.997022775128736,1,0.9999883318465995,1,0.9999900706676744,1,1.0,1,0.9971903675958957,1,0.9998695850372314,1,0.999991282120734
03-01-08-02-01-01-16.wav,16,female,surprised,1,0,0.0,1,0.9188987262967551,1,0.9515292903131333,1,0.9054355837960649,1,1.0,1,0.9950048869745627,1,0.9993069171905518,1,0.999962474766116
03-01-08-02-01-02-16.wav,16,female,surprised,1,1,1.0,1,0.9880887108056803,1,0.9936285599813889,1,0.9999964967098266,1,1.0,1,0.9958179062642875,1,0.9997394680976868,1,0.9999858794846942
03-01-08-02-02-01-16.wav,16,female,surprised,1,1,1.0,1,0.9992887473716721,1,0.99999986012746,1,0.9999987081744166,1,1.0,1,0.9971872939718509,1,0.9998809099197388,1,0.999991282010536
03-01-08-02-02-02-16.wav,16,female,surprised,1,1,1.0,1,0.9963629417520483,1,0.9999967933328416,1,0.9999995199050788,1,1.0,1,0.9958179062642875,1,0.9998227953910828,1,0.999991282120734
03-01-01-01-01-01-17.wav,17,male,neutral,0,1,1.0,0,0.030493392830133522,0,0.11003241721979226,0,0.11012959500726892,0,0.14,0,0.45243571717178677,0,0.013020225800573826,0,0.0036799816017225114
03-01-01-01-01-02-17.wav,17,male,neutral,0,1,1.0,0,0.3198283485497357,0,0.5077744770078895,0,0.5545928184373311,0,0.36,0,0.37751781923972205,0,0.006847687531262636,0,0.011247064026467463
03-01-01-01-02-01-17.wav,17,male,neutral,0,1,1.0,0,0.03136250516761549,0,0.10029721763947427,0,0.1541684245003647,0,0.36,0,0.3994368807491045,0,0.26405537128448486,0,0.27698310735913056
03-01-01-01-02-02-17.wav,17,male,neutral,0,1,1.0,0,0.36298468521770705,0,0.5655465544478114,0,0.25394164915780887,0,0.23,0,0.38079577094695694,0,0.013633660972118378,0,0.3959184193636926
03-01-02-01-01-01-17.wav,17,male,calm,0,1,1.0,0,0.015898164527833242,0,0.08875585164677101,0,0.30939726856378374,0,0.09,0,0.3060023994872057,0,0.0007011967827565968,0,0.0002428997617767748
03-01-02-01-01-02-17.wav,17,male,calm,0,0,0.0,0,0.23302670441847362,0,0.5078868062932226,0,0.26929144252596643,1,0.76,1,0.9396316483551603,1,0.9935867190361023,1,0.9668579034369411
03-01-02-01-02-01-17.wav,17,male,calm,0,1,1.0,0,0.03496199663933703,0,0.18368550480341744,0,0.3537856591968114,0,0.16,0,0.040263219485859376,0,0.009385081939399242,0,0.000822272968038255
03-01-02-01-02-02-17.wav,17,male,calm,0,1,1.0,0,0.03045612879313363,0,0.1739053895134698,0,0.37447576102176333,0,0.24,0,0.06808261569040425,0,0.006983965169638395,0,0.0008931337368569207
03-01-02-02-01-01-17.wav,17,male,calm,0,0,0.0,0,0.02021624651234978,0,0.10954382663645275,0,0.18682412481546573,0,0.16,0,0.04470885096861315,0,0.0018734220648184419,0,0.0004859469926601978
03-01-02-02-01-02-17.wav,17,male,calm,0,0,0.0,0,0.008162018882582646,0,0.05401779717543972,0,0.2801751737208374,0,0.25,1,0.6849682164562257,0,0.014300285838544369,0,0.001195936807521658
03-01-02-02-02-01-17.wav,17,male,calm,0,1,1.0,0,0.03648027243256836,0,0.2089881411596142,0,0.23977561494931693,0,0.1,0,0.036771522594166675,0,0.00663726357743144,0,0.0009923189630803065
03-01-02-02-02-02-17.wav,17,male,calm,0,1,1.0,0,0.005146753542331866,0,0.034707630493843136,0,0.394753784284531,1,0.83,1,0.975964565351395,1,0.9258073568344116,1,0.9990640615477149
03-01-03-01-01-01-17.wav,17,male,happy,1,1,1.0,1,0.7635021028453081,1,0.8986182423156776,1,0.8424217851065674,1,0.91,1,0.9014857468309545,1,0.9844383597373962,1,0.9725294128937177
03-01-03-01-01-02-17.wav,17,male,happy,1,1,1.0,1,0.8554367987574868,1,0.9445493553424661,1,0.9588227748252728,1,0.93,1,0.958884852350682,1,0.9923924207687378,1,0.9980203485632589
03-01-03-01-02-01-17.wav,17,male,happy,1,1,1.0,1,0.976781544511445,1,0.9914975106719712,1,0.9850077167246863,1,0.99,1,0.9878175204445829,1,0.9988409876823425,1,0.9999578089039717
03-01-03-01-02-02-17.wav,17,male,happy,1,1,1.0,1,0.9016874913200404,1,0.9597138610644024,1,0.9666861556050341,1,0.97,1,0.9663677523747135,1,0.995093822479248,1,0.9998123977008254
03-01-03-02-01-01-17.wav,17,male,happy,1,1,1.0,1,0.9997615324349477,1,0.9999999884844724,1,0.9999997817105585,1,1.0,1,0.994837346971914,1,0.999792754650116,1,0.9999746599750313
03-01-03-02-01-02-17.wav,17,male,happy,1,1,1.0,1,0.9999995712297969,1,0.9999999999999699,1,0.9999999461353392,1,0.99,1,0.9960670430736932,1,0.9998530149459839,1,0.9999566870434788
03-01-03-02-02-01-17.wav,17,male,happy,1,0,0.0,1,0.9973242250761893,1,0.9999988083533695,1,0.9972477868133445,1,0.98,1,0.9900684377214759,1,0.9990280866622925,1,0.9999601043596757
03-01-03-02-02-02-17.wav,17,male,happy,1,0,0.0,1,0.9985502436861537,1,0.9999993881700185,1,0.99590186058524,1,0.99,1,0.9891974895812267,1,0.9972084164619446,1,0.9996253558056682
03-01-04-01-01-01-17.wav,17,male,sad,1,1,1.0,0,0.3482817974531813,0,0.6237347121552658,0,0.2971210872381357,1,0.76,1,0.9325650571526203,1,0.8962734937667847,1,0.9972826916014235
03-01-04-01-01-02-17.wav,17,male,sad,1,1,1.0,1,0.6451712708196815,1,0.8183383225664964,0,0.6009855824994083,1,0.83,1,0.9344095725503792,0,0.3218856453895569,1,0.9810584914231931
03-01-04-01-02-01-17.wav,17,male,sad,1,1,1.0,1,0.5538666459332795,0,0.7469245740156331,0,0.6603139496013247,0,0.5,1,0.825613409775685,0,0.2860034108161926,1,0.9163960860396858
03-01-04-01-02-02-17.wav,17,male,sad,1,0,0.0,1,0.7766416554966452,1,0.9058815968661059,1,0.8810195605866734,1,0.98,1,0.9636319218988857,1,0.993433952331543,1,0.9997372502380977
03-01-04-02-01-01-17.wav,17,male,sad,1,1,1.0,1,0.9280581881254175,1,0.969013900912029,1,0.9431579614160891,1,0.97,1,0.9751321970370713,1,0.9977343082427979,1,0.99986457190653
03-01-04-02-01-02-17.wav,17,male,sad,1,1,1.0,1,0.8980741234611251,1,0.9604095342137933,1,0.8311940480668208,1,0.99,1,0.969434662442253,1,0.9949701428413391,1,0.9998752972784362
03-01-04-02-02-01-17.wav,17,male,sad,1,0,0.0,1,0.8179921387885716,1,0.8641894251177505,1,0.8400080878083884,1,0.95,1,0.9746476600466183,1,0.9985665678977966,1,0.9997281310826526
03-01-04-02-02-02-17.wav,17,male,sad,1,0,0.0,1,0.8816900248414384,1,0.9281948373992095,1,0.977782535363751,1,1.0,1,0.9786394599790567,1,0.9992724061012268,1,0.9999690086316914
03-01-05-01-01-01-17.wav,17,male,angry,1,0,0.0,1,0.6533683140956211,1,0.8162832590321214,1,0.8602760467238144,1,0.91,1,0.9719453502058992,1,0.9302735924720764,1,0.9939616000861837
03-01-05-01-01-02-17.wav,17,male,angry,1,1,1.0,1,0.610378604352732,0,0.7810879782743062,1,0.9689738635559483,1,0.86,1,0.9787938082189578,1,0.9759547114372253,1,0.9997134426158343
03-01-05-01-02-01-17.wav,17,male,angry,1,1,1.0,1,0.9285479443840953,1,0.9704267187118156,1,0.997151075203061,1,1.0,1,0.9934512586347242,1,0.9996284246444702,1,0.9999639953466325
03-01-05-01-02-02-17.wav,17,male,angry,1,1,1.0,1,0.7228161220032712,1,0.8723864901576531,1,0.9950034731044044,1,0.96,1,0.9901494833565044,1,0.9990690350532532,1,0.9999583002242481
03-01-05-02-01-01-17.wav,17,male,angry,1,0,0.0,1,0.9999959247863712,1,0.9999999999971978,1,0.9999996364571219,1,1.0,1,0.993389787448967,1,0.9987221360206604,1,0.9999820935973253
03-01-05-02-01-02-17.wav,17,male,angry,1,0,0.0,1,0.9999999986195978,1,0.9999999999999699,1,0.9999993588734191,1,1.0,1,0.993389787448967,1,0.9996174573898315,1,0.9999825165811107
03-01-05-02-02-01-17.wav,17,male,angry,1,1,1.0,1,0.9999962588629188,1,0.9999999999975195,1,0.9999996762039224,1,1.0,1,0.9928547398235552,1,0.9992241859436035,1,0.9999508869433201
03-01-05-02-02-02-17.wav,17,male,angry,1,1,1.0,1,0.999996343416333,1,0.9999999999988577,1,0.9999999028544431,1,1.0,1,0.9927847374613025,1,0.9996660947799683,1,0.9999806384390627
03-01-06-01-01-01-17.wav,17,male,fearful,1,1,1.0,1,0.9628107627143195,1,0.9862173871606779,1,0.9834933082243807,1,0.98,1,0.9562891212347423,1,0.9952983260154724,1,0.9999496509624191
03-01-06-01-01-02-17.wav,17,male,fearful,1,0,0.0,1,0.9915861697529533,1,0.995460213407211,1,0.9939359013704914,1,0.98,1,0.9756971690045401,1,0.9971619844436646,1,0.9997068219753122
03-01-06-01-02-01-17.wav,17,male,fearful,1,0,0.0,1,0.9914553833837838,1,0.9901726729718376,1,0.994599697920891,1,0.93,1,0.9727980641891851,1,0.9960024952888489,1,0.9995264965253906
03-01-06-01-02-02-17.wav,17,male,fearful,1,1,1.0,1,0.9999988099977567,1,0.9999999999993783,1,0.9999993866270571,1,0.98,1,0.992330111363203,1,0.9974691867828369,1,0.9999316842594287
03-01-06-02-01-01-17.wav,17,male,fearful,1,1,1.0,1,0.9999999996804023,1,0.9999999999999699,1,0.9999989271305404,1,0.99,1,0.9956718477086369,1,0.9990196228027344,1,0.9999875147311373
03-01-06-02-01-02-17.wav,17,male,fearful,1,1,1.0,1,0.9999979413730828,1,0.9999999999984629,1,0.9999992392897955,1,0.99,1,0.9940408270608868,1,0.9975124597549438,1,0.9999832171241704
03-01-06-02-02-01-17.wav,17,male,fearful,1,0,0.0,1,0.9999994848114523,1,0.9999999999999184,1,0.9999999222756142,1,1.0,1,0.9940651497745273,1,0.9998326301574707,1,0.9999829786811236
03-01-06-02-02-02-17.wav,17,male,fearful,1,0,0.0,1,0.9999855766524192,1,0.9999999999253082,1,0.9999993062000663,1,0.99,1,0.9931489113841221,1,0.9996092915534973,1,0.9999885852601635
03-01-07-01-01-01-17.wav,17,male,disgust,1,0,0.0,1,0.998156870048098,1,0.9628677441259773,1,0.9933250532036129,1,0.92,1,0.9959617888589222,1,0.9996888637542725,1,0.9998466932275821
03-01-07-01-01-02-17.wav,17,male,disgust,1,1,1.0,1,0.9988438625316803,1,0.9733376721796275,1,0.9933210829016201,1,0.96,1,0.9928178848708707,1,0.997868537902832,1,0.9999454768944965
03-01-07-01-02-01-17.wav,17,male,disgust,1,1,1.0,1,0.9948714874351556,1,0.9958512483983506,1,0.999996931707155,1,1.0,1,0.9951316172625883,1,0.9998562335968018,1,0.9999666495291674
03-01-07-01-02-02-17.wav,17,male,disgust,1,1,1.0,1,0.9513551490139049,1,0.9794502708484539,1,0.9999837211352036,1,1.0,1,0.996543556654726,1,0.9999626874923706,1,0.9999899472124323
03-01-07-02-01-01-17.wav,17,male,disgust,1,1,1.0,1,0.999916663049398,1,0.9999999923322396,1,0.9999986144066907,1,0.99,1,0.9977830473989473,1,0.9999195337295532,1,0.9999832278973869
03-01-07-02-01-02-17.wav,17,male,disgust,1,0,0.0,1,0.999397258045996,1,0.999999523292884,1,0.9999999723018748,1,1.0,1,0.9977830473989473,1,0.9998989105224609,1,0.9999893528550077
03-01-07-02-02-01-17.wav,17,male,disgust,1,0,0.0,1,0.9999759624720652,1,0.9999995857640692,1,0.9934548134691752,1,1.0,1,0.9977574923307773,1,0.9999419450759888,1,0.9999842125853069
03-01-07-02-02-02-17.wav,17,male,disgust,1,0,0.0,1,0.9999822986821734,1,0.9999998070747642,1,0.9934637957064725,1,1.0,1,0.9977548402502074,1,0.9999297857284546,1,0.999984633000106
03-01-08-01-01-01-17.wav,17,male,surprised,1,0,0.0,1,0.9810100496830491,1,0.9922912672336454,1,0.9969877855417068,1,1.0,1,0.9836618275563112,1,0.9994319081306458,1,0.9999764344703772
03-01-08-01-01-02-17.wav,17,male,surprised,1,1,1.0,1,0.9829566798103634,1,0.9944312292859735,1,0.9999973450077262,1,0.92,1,0.9964307587576601,1,0.9977594614028931,1,0.999971478804953
03-01-08-01-02-01-17.wav,17,male,surprised,1,1,1.0,1,0.9706277058771389,1,0.9876290546906187,1,0.9999911342518178,1,1.0,1,0.9966529393618793,1,0.9999126195907593,1,0.9998946927749293
03-01-08-01-02-02-17.wav,17,male,surprised,1,0,0.0,1,0.9847057030077525,1,0.9943958651094863,1,0.9999870283538629,1,0.99,1,0.99725832864877,1,0.9999459981918335,1,0.9999783255047181
03-01-08-02-01-01-17.wav,17,male,surprised,1,0,0.0,1,0.9987385138149093,1,0.9999991569601853,1,0.9999999463645501,1,0.98,1,0.9973660201285252,1,0.9998908042907715,1,0.9999586819176728
03-01-08-02-01-02-17.wav,17,male,surprised,1,1,1.0,1,0.9977817128362558,1,0.999998663781988,1,0.9999979308330945,1,0.95,1,0.9971660376560061,1,0.9995028972625732,1,0.999971797137212
03-01-08-02-02-01-17.wav,17,male,surprised,1,1,1.0,1,0.9999624814419048,1,0.9999999993715875,1,0.9999999106267783,1,1.0,1,0.998185738730755,1,0.9999281167984009,1,0.9999902338539581
03-01-08-02-02-02-17.wav,17,male,surprised,1,1,1.0,1,0.9998276315324108,1,0.9999999876379797,1,0.9999999703339455,1,1.0,1,0.9980641359704876,1,0.9999496936798096,1,0.9999681451403003
03-01-01-01-01-01-18.wav,18,female,neutral,0,1,1.0,0,0.029813445494296677,0,0.08950825684213265,0,0.1550371689622606,1,0.74,0,0.4782103034154791,1,0.753966212272644,1,0.6674218316684066
03-01-01-01-01-02-18.wav,18,female,neutral,0,1,1.0,0,0.061580482402528655,0,0.15046225121785245,0,0.28290905094389224,0,0.49,0,0.4275065637121021,1,0.7603898048400879,1,0.7042952072720963
03-01-01-01-02-01-18.wav,18,female,neutral,0,1,1.0,0,0.002503410226887678,0,0.011812179108113384,0,0.21053017198030563,0,0.03,0,0.09174481317968898,0,0.05419914424419403,0,0.0009624860580601241
03-01-01-01-02-02-18.wav,18,female,neutral,0,1,1.0,0,0.08776620827535435,0,0.16374839184058623,0,0.10055195999123365,1,0.51,0,0.42863955876954596,0,0.1575005203485489,1,0.5482003591847475
03-01-02-01-01-01-18.wav,18,female,calm,0,1,1.0,0,0.007851626489337423,0,0.045110859546033624,0,0.05610144845705602,0,0.22,0,0.06647196246080471,0,0.004812800791114569,0,0.13333662964813606
03-01-02-01-01-02-18.wav,18,female,calm,0,0,0.0,0,0.009533476860643025,0,0.05642475141116067,0,0.08100138365928045,0,0.0,0,0.009570613570746487,0,2.551733450673055e-05,0,6.1660261329228e-05
03-01-02-01-02-01-18.wav,18,female,calm,0,1,1.0,0,0.013524154375801756,0,0.07106484101338739,0,0.07245241779319214,0,0.01,0,0.011977334450453379,0,0.00017387689149472862,0,5.1299870627027806e-05
03-01-02-01-02-02-18.wav,18,female,calm,0,1,1.0,0,0.017390288818563665,0,0.0869337576758508,0,0.060413211835888825,0,0.01,0,0.0167196958913314,0,0.00026656073168851435,0,5.7478849446702554e-05
03-01-02-02-01-01-18.wav,18,female,calm,0,0,0.0,0,0.008338579412790141,0,0.04068843861187437,0,0.3791719869673337,0,0.01,0,0.009731088060089368,0,8.312820864375681e-05,0,5.77865904787144e-05
03-01-02-02-01-02-18.wav,18,female,calm,0,0,0.0,0,0.005606490125324718,0,0.026354040322275174,0,0.1925931385480387,0,0.0,0,0.01595547406759427,0,0.0003875444526784122,0,0.00013544225293606605
03-01-02-02-02-01-18.wav,18,female,calm,0,1,1.0,0,0.016005323655487125,0,0.07448816314605196,0,0.06933185226614529,0,0.0,0,0.020420454598041506,0,0.000308671296807006,0,0.0006438303359764951
03-01-02-02-02-02-18.wav,18,female,calm,0,1,1.0,0,0.01643260244863236,0,0.08882286182090463,0,0.07935047465351516,0,0.0,0,0.013614175857232383,0,0.00014346354873850942,0,4.862703116990664e-05
03-01-03-01-01-01-18.wav,18,female,happy,1,1,1.0,1,0.759369249349604,1,0.9165987327647726,1,0.972374339609691,1,0.99,1,0.9716049049888681,1,0.8955837488174438,1,0.9919495402003914
03-01-03-01-01-02-18.wav,18,female,happy,1,1,1.0,1,0.5891904037243713,1,0.8363083935501794,1,0.9348897006687932,1,0.93,1,0.9708957418411659,1,0.9888624548912048,1,0.9984960152353113
03-01-03-01-02-01-18.wav,18,female,happy,1,1,1.0,1,0.550990240995421,0,0.7718497895103883,0,0.47885803449709424,1,0.6,1,0.8040234220753286,0,0.055262885987758636,0,0.40409656297185004
03-01-03-01-02-02-18.wav,18,female,happy,1,1,1.0,1,0.7376492168340235,1,0.8828524197163784,0,0.8227665941465645,1,0.77,1,0.9194096347506612,1,0.7140739560127258,1,0.9610478842006284
03-01-03-02-01-01-18.wav,18,female,happy,1,1,1.0,1,0.9999999929222325,1,0.9999999999999699,1,0.9999992124881643,1,1.0,1,0.9954066593629778,1,0.9997876286506653,1,0.9999866065727165
03-01-03-02-01-02-18.wav,18,female,happy,1,1,1.0,1,0.9999991200764824,1,0.9999999999999699,1,0.9999999503102519,1,1.0,1,0.9956323353273068,1,0.9994943141937256,1,0.9999692679763839
03-01-03-02-02-01-18.wav,18,female,happy,1,0,0.0,1,0.9999468331980507,1,0.9999999998782992,1,0.999999892496993,1,1.0,1,0.996158792583163,1,0.9992849230766296,1,0.9999868334005907
03-01-03-02-02-02-18.wav,18,female,happy,1,0,0.0,1,0.9999999955534637,1,0.9999999999999699,1,0.9999991440094177,1,0.96,1,0.9894539656774727,1,0.9953709244728088,1,0.9999772668647299
03-01-04-01-01-01-18.wav,18,female,sad,1,1,1.0,0,0.2223228137004505,0,0.5,0,0.480957570180227,1,0.83,1,0.8177669865605589,1,0.8573817610740662,1,0.9549294500235034
03-01-04-01-01-02-18.wav,18,female,sad,1,1,1.0,0,0.4675283403321472,0,0.7386559446356562,0,0.7753600861562929,1,0.97,1,0.9024111186513136,1,0.9930484294891357,1,0.9996650699390396
03-01-04-01-02-01-18.wav,18,female,sad,1,1,1.0,0,0.009316436534260853,0,0.052722481121758764,0,0.08921119182108217,0,0.01,0,0.027580306142997956,0,0.0023911520838737488,0,0.00013242068648516072
03-01-04-01-02-02-18.wav,18,female,sad,1,0,0.0,0,0.21342844512642176,0,0.4123482467340653,0,0.19292099828229042,1,0.56,1,0.836469537369165,0,0.11747189611196518,1,0.5587903862186266
03-01-04-02-01-01-18.wav,18,female,sad,1,1,1.0,1,0.9873637897148975,1,0.9972804531532139,1,0.9999924908582272,1,1.0,1,0.9943291654722292,1,0.9991331696510315,1,0.9999854300007187
03-01-04-02-01-02-18.wav,18,female,sad,1,1,1.0,1,0.9986318558247441,1,0.9999998187921482,1,0.999999802321658,1,1.0,1,0.993922956097257,1,0.9989963173866272,1,0.9999866078424755
03-01-04-02-02-01-18.wav,18,female,sad,1,0,0.0,1,0.9890841746760418,1,0.9999953907131071,1,0.9970860332701141,1,1.0,1,0.9906686032670978,1,0.9992091059684753,1,0.9999840776427117
03-01-04-02-02-02-18.wav,18,female,sad,1,0,0.0,1,0.9904337067101322,1,0.9999889216045087,1,0.9999848564798363,1,1.0,1,0.9934380390129829,1,0.9995822310447693,1,0.9999822926691894
03-01-05-01-01-01-18.wav,18,female,angry,1,0,0.0,1,0.9613935159679291,1,0.9894993305271415,1,0.9999954530886997,1,0.99,1,0.9951398187222801,1,0.9981459379196167,1,0.999971367282112
03-01-05-01-01-02-18.wav,18,female,angry,1,1,1.0,1,0.9459550712486725,1,0.9835932616546794,1,0.9999962957374519,1,0.99,1,0.9907980120755144,1,0.9991464614868164,1,0.9999855513830486
03-01-05-01-02-01-18.wav,18,female,angry,1,1,1.0,1,0.9885730708120132,1,0.9999839452051036,1,0.996737744719734,1,1.0,1,0.99639397140435,1,0.9995290040969849,1,0.9999891672326255
03-01-05-01-02-02-18.wav,18,female,angry,1,1,1.0,1,0.9024419689186823,1,0.9748758765173723,1,0.9999852482887923,1,1.0,1,0.9892337355310044,1,0.9986587762832642,1,0.9999802585785672
03-01-05-02-01-01-18.wav,18,female,angry,1,0,0.0,1,0.9999999999960858,1,0.9999999999999699,1,0.9973270746141518,1,1.0,1,0.9973334870109284,1,0.9995928406715393,1,0.9999882872573725
03-01-05-02-01-02-18.wav,18,female,angry,1,0,0.0,1,0.9999999999999931,1,0.9999999999999699,1,0.9957924192936946,1,1.0,1,0.9954749082926426,1,0.9997802376747131,1,0.9999891081472643
03-01-05-02-02-01-18.wav,18,female,angry,1,1,1.0,1,0.9999999999981082,1,0.9999999999999699,1,0.9967933708361244,1,1.0,1,0.9970054906811828,1,0.9996641874313354,1,0.999985823517541
03-01-05-02-02-02-18.wav,18,female,angry,1,1,1.0,1,0.9999999999999849,1,0.9999999999999699,1,0.9963068659408975,1,1.0,1,0.9975401683490629,1,0.9997419714927673,1,0.9999910603962883
03-01-06-01-01-01-18.wav,18,female,fearful,1,1,1.0,1,0.9314963498597515,1,0.9809011288681388,1,0.9999959277402205,1,1.0,1,0.9937372907370506,1,0.9996402263641357,1,0.9999850038675199
03-01-06-01-01-02-18.wav,18,female,fearful,1,0,0.0,1,0.8048322140767241,1,0.9350041807380435,1,0.9951552960118603,1,0.99,1,0.9890684965824985,1,0.9978207349777222,1,0.9999102649830581
03-01-06-01-02-01-18.wav,18,female,fearful,1,0,0.0,1,0.710193346595788,1,0.8727998708247766,1,0.9954967399715348,1,0.99,1,0.9847249247792154,1,0.9981854557991028,1,0.9999292908991584
03-01-06-01-02-02-18.wav,18,female,fearful,1,1,1.0,1,0.888951177218377,1,0.942275978744117,1,0.990828778769453,1,0.99,1,0.9966309203669451,1,0.999778687953949,1,0.999979715684945
03-01-06-02-01-01-18.wav,18,female,fearful,1,1,1.0,1,0.9998796430848014,1,0.999999999327898,1,0.999999995582985,1,1.0,1,0.9979173532640828,1,0.9999656677246094,1,0.9999908673711331
03-01-06-02-01-02-18.wav,18,female,fearful,1,1,1.0,1,0.9999992710502679,1,0.9999999999999699,1,0.9999995366109035,1,1.0,1,0.997807538464908,1,0.9998533725738525,1,0.999990952233924
03-01-06-02-02-01-18.wav,18,female,fearful,1,0,0.0,1,0.9968086524471172,1,0.9999977383188445,1,0.9999999966522228,1,1.0,1,0.9980761543483607,1,0.9999722242355347,1,0.9999906939547251
03-01-06-02-02-02-18.wav,18,female,fearful,1,0,0.0,1,0.9997557597465891,1,0.9999999974559055,1,0.9999999638972176,1,1.0,1,0.9969080589364746,1,0.999909520149231,1,0.9999908164842702
03-01-07-01-01-01-18.wav,18,female,disgust,1,0,0.0,1,0.9510011417782,1,0.9689728065953431,1,0.9913486829531241,1,0.95,1,0.9854152660606579,1,0.9971932768821716,1,0.9998275680786772
03-01-07-01-01-02-18.wav,18,female,disgust,1,1,1.0,1,0.9694852100433753,1,0.9856637388433839,1,0.997246438158935,1,1.0,1,0.9967499839641406,1,0.9997819066047668,1,0.9999892600040144
03-01-07-01-02-01-18.wav,18,female,disgust,1,1,1.0,1,0.9945651295401551,1,0.9999958693217166,1,0.99999956463091,1,1.0,1,0.9961581575341115,1,0.9999325275421143,1,0.9999865818575803
03-01-07-01-02-02-18.wav,18,female,disgust,1,1,1.0,1,0.9981259096293139,1,0.999998160741596,1,0.9999999677151447,1,1.0,1,0.9961859611018834,1,0.9999673366546631,1,0.9999847227322521
03-01-07-02-01-01-18.wav,18,female,disgust,1,1,1.0,1,0.999993391533942,1,0.99999999999415,1,0.9999977927373086,1,1.0,1,0.9982644868231297,1,0.9997262358665466,1,0.9999903049689125
03-01-07-02-01-02-18.wav,18,female,disgust,1,0,0.0,1,0.9999310651322095,1,0.9999999990879958,1,0.9999998577283713,1,1.0,1,0.996066505322507,1,0.9994252920150757,1,0.999991336140188
03-01-07-02-02-01-18.wav,18,female,disgust,1,0,0.0,1,0.9999642725726761,1,0.9999999996907236,1,0.9999989391734218,1,1.0,1,0.9982009491928997,1,0.9999384880065918,1,0.9999887002873316
03-01-07-02-02-02-18.wav,18,female,disgust,1,0,0.0,1,0.9999985803889699,1,0.9999999999999047,1,0.9999978443444679,1,1.0,1,0.9982036244247966,1,0.9998792409896851,1,0.9999880936807228
03-01-08-01-01-01-18.wav,18,female,surprised,1,0,0.0,1,0.693733113783525,1,0.8548778021797317,1,0.9538983191802065,1,0.89,1,0.9765171190521398,1,0.9993481040000916,1,0.9998650661360753
03-01-08-01-01-02-18.wav,18,female,surprised,1,1,1.0,1,0.8745764422302098,1,0.9441933894271692,1,0.9906330472457812,1,0.93,1,0.9638299154369706,1,0.9991264939308167,1,0.9992618757278413
03-01-08-01-02-01-18.wav,18,female,surprised,1,1,1.0,1,0.9151755553595184,1,0.9629335095897437,1,0.979909265511767,1,0.96,1,0.9846489234627148,1,0.9994545578956604,1,0.9999850425365038
03-01-08-01-02-02-18.wav,18,female,surprised,1,0,0.0,1,0.7236671525499604,1,0.8092895332518264,1,0.9398790400737336,1,0.95,1,0.9616141826442942,1,0.9990695118904114,1,0.9999460649223796
03-01-08-02-01-01-18.wav,18,female,surprised,1,0,0.0,1,0.9790444017185679,1,0.9934549392010417,1,0.9999984006304148,1,1.0,1,0.994661796422218,1,0.9999223947525024,1,0.9998995800079418
03-01-08-02-01-02-18.wav,18,female,surprised,1,1,1.0,1,0.9647398925990245,1,0.985590993150677,1,0.9999874698554357,1,0.99,1,0.995560859545306,1,0.9997355341911316,1,0.99994281144658
03-01-08-02-02-01-18.wav,18,female,surprised,1,1,1.0,1,0.9758718738633372,1,0.9900933292240989,1,0.9999907389443545,1,1.0,1,0.9973399968324802,1,0.9999415874481201,1,0.9999753518243584
03-01-08-02-02-02-18.wav,18,female,surprised,1,1,1.0,1,0.9800040780739105,1,0.9901745254200085,1,0.9999996942270479,1,1.0,1,0.9976744926314564,1,0.9999247789382935,1,0.9999813034687841
03-01-01-01-01-01-19.wav,19,male,neutral,0,1,1.0,0,0.0802999072757284,0,0.21355942985852142,0,0.11004264733173902,0,0.47,0,0.10216522252635313,0,0.030603567138314247,0,0.008386787026603906
03-01-01-01-01-02-19.wav,19,male,neutral,0,1,1.0,0,0.008885599600876464,0,0.043654843705949464,0,0.08991276011305031,0,0.05,0,0.02789584574295095,0,0.0013674345100298524,0,0.0006706789009760769
03-01-01-01-02-01-19.wav,19,male,neutral,0,1,1.0,0,0.018285778319382825,0,0.08687308536183945,0,0.12725888519397124,0,0.06,0,0.09106487270789378,0,0.0077844904735684395,0,0.0018013743470496224
03-01-01-01-02-02-19.wav,19,male,neutral,0,1,1.0,0,0.06723349572860626,0,0.18445981438233552,0,0.099687912972269,1,0.64,1,0.6321911366590387,1,0.7833895087242126,1,0.9820380567354363
03-01-02-01-01-01-19.wav,19,male,calm,0,1,1.0,0,0.015682814479491873,0,0.11875674938305339,0,0.16283873438636143,0,0.16,0,0.019986374818814587,0,0.001306573860347271,0,0.0001957256688778499
03-01-02-01-01-02-19.wav,19,male,calm,0,0,0.0,0,0.010992112746957544,0,0.0657721557790078,0,0.18304342892472264,0,0.06,0,0.004737771831506763,0,0.006362448912113905,0,0.001447401319792503
03-01-02-01-02-01-19.wav,19,male,calm,0,1,1.0,0,0.01199649581687494,0,0.07252929746570237,0,0.1778038816522709,0,0.29,0,0.14473151494079248,0,0.00468430295586586,0,0.000505869784498283
03-01-02-01-02-02-19.wav,19,male,calm,0,1,1.0,0,0.018309068639523085,0,0.1376402424855127,0,0.38184124275670844,0,0.11,0,0.04501884824310516,0,0.001165004912763834,0,0.00020163065943231448
03-01-02-02-01-01-19.wav,19,male,calm,0,0,0.0,0,0.03365978730168408,0,0.1711859247722213,0,0.15036294047221432,0,0.05,0,0.014210396836885922,0,0.0019024822395294905,0,0.0004968393793656223
03-01-02-02-01-02-19.wav,19,male,calm,0,0,0.0,0,0.01893644260947955,0,0.07710635655359725,0,0.2026591037892007,0,0.03,0,0.01728890468059029,0,0.09171491116285324,0,0.00021627475406506833
03-01-02-02-02-01-19.wav,19,male,calm,0,1,1.0,0,0.022877574019453974,0,0.16332462578073187,0,0.17282262468726436,0,0.12,0,0.02385109605510922,0,0.0006779888062737882,0,7.231897476538814e-05
03-01-02-02-02-02-19.wav,19,male,calm,0,1,1.0,0,0.02233885598545191,0,0.1316938424132727,0,0.2537793076816398,0,0.14,0,0.04292861051443111,0,0.0016681927954778075,0,0.000362063967899475
03-01-03-01-01-01-19.wav,19,male,happy,1,1,1.0,1,0.8964183890398703,1,0.9510985832885044,1,0.9897800604318758,1,0.96,1,0.997613426334124,1,0.9989286065101624,1,0.9999767259971797
03-01-03-01-01-02-19.wav,19,male,happy,1,1,1.0,1,0.936972911573513,1,0.9808611592344365,1,0.9963806209392652,1,0.99,1,0.9878500439304683,1,0.9973996877670288,1,0.9996587664737205
03-01-03-01-02-01-19.wav,19,male,happy,1,1,1.0,1,0.6161944700581928,1,0.8786565994932084,1,0.9694586956172075,1,0.84,1,0.9748563356673445,1,0.9457046389579773,1,0.9348628554376571
03-01-03-01-02-02-19.wav,19,male,happy,1,1,1.0,1,0.6699413667578614,1,0.8216623438736558,1,0.9383532020656097,1,0.84,1,0.9553094671396057,1,0.9975057244300842,1,0.9979548552971307
03-01-03-02-01-01-19.wav,19,male,happy,1,1,1.0,1,0.9372634654345979,1,0.9740099198590474,1,0.9898310830259539,1,0.94,1,0.9935851439482817,1,0.9986170530319214,1,0.9999695316906282
03-01-03-02-01-02-19.wav,19,male,happy,1,1,1.0,1,0.9897431018019772,1,0.9919262358564143,1,0.9999990146136117,1,0.98,1,0.9918767576141102,1,0.9999202489852905,1,0.9999431149040676
03-01-03-02-02-01-19.wav,19,male,happy,1,0,0.0,1,0.9991394366855921,1,0.9999994276732542,1,0.9999863305004207,1,0.95,1,0.990220463428627,1,0.9996059536933899,1,0.999934036905329
03-01-03-02-02-02-19.wav,19,male,happy,1,0,0.0,1,0.9256804967545769,1,0.9632026214143953,1,0.9956122619151029,1,0.96,1,0.983340443076013,1,0.9991711378097534,1,0.9999379622808431
03-01-04-01-01-01-19.wav,19,male,sad,1,1,1.0,0,0.10874407005001831,0,0.33590414662277707,0,0.1534264731101244,1,0.57,1,0.613011068467489,0,0.44379866123199463,1,0.7720624436845687
03-01-04-01-01-02-19.wav,19,male,sad,1,1,1.0,0,0.26256806406139277,0,0.582861375638842,0,0.4283821456788901,0,0.49,0,0.3758953734239191,1,0.8081910610198975,1,0.5190686897511454
03-01-04-01-02-01-19.wav,19,male,sad,1,1,1.0,0,0.011689813972287062,0,0.05831464755049767,0,0.13289750321764832,0,0.02,0,0.1281706815426241,0,0.0020873751491308212,0,0.00013866027819028776
03-01-04-01-02-02-19.wav,19,male,sad,1,0,0.0,0,0.004495622995557582,0,0.02779179793801512,0,0.2547461153945036,0,0.08,0,0.02249951289433722,0,0.0019121106015518308,0,0.00017571137609165424
03-01-04-02-01-01-19.wav,19,male,sad,1,1,1.0,1,0.9924174864310793,1,0.9999877426741438,1,0.9926991140991107,1,0.98,1,0.9946561077461067,1,0.999313473701477,1,0.9999843052312118
03-01-04-02-01-02-19.wav,19,male,sad,1,1,1.0,0,0.44045037004525406,0,0.5777901117558552,1,0.9588871831854123,1,0.86,1,0.9740232904900394,1,0.9910883903503418,1,0.9989498229967034
03-01-04-02-02-01-19.wav,19,male,sad,1,0,0.0,0,0.2228273851541129,0,0.595007706432828,0,0.5717609583477732,1,0.92,1,0.8832146172922756,1,0.9125546216964722,1,0.9883930735113851
03-01-04-02-02-02-19.wav,19,male,sad,1,0,0.0,0,0.30190609826365694,0,0.6590058376768537,0,0.5,1,0.93,1,0.9343774758684095,1,0.9823623299598694,1,0.9990478143154324
03-01-05-01-01-01-19.wav,19,male,angry,1,0,0.0,1,0.9962962358196847,1,0.999995879141133,1,0.9999895478499391,1,1.0,1,0.9962868890909462,1,0.9979621171951294,1,0.99999079023938
03-01-05-01-01-02-19.wav,19,male,angry,1,1,1.0,1,0.9624989062126791,1,0.9790039244508566,1,0.9969008072683636,1,1.0,1,0.9964743775578365,1,0.9993796348571777,1,0.9999735148639607
03-01-05-01-02-01-19.wav,19,male,angry,1,1,1.0,1,0.985497386875804,1,0.995892580524358,1,0.9934897241384467,1,1.0,1,0.9971780075589927,1,0.9995763897895813,1,0.9999733702719301
03-01-05-01-02-02-19.wav,19,male,angry,1,1,1.0,1,0.9853845641848538,1,0.9922545901647416,1,0.9968679011101008,1,1.0,1,0.9966826595661249,1,0.9997863173484802,1,0.9999786802114039
03-01-05-02-01-01-19.wav,19,male,angry,1,0,0.0,1,0.9999994704098807,1,0.9999999999999699,1,0.9970297672659241,1,0.99,1,0.9958911748068452,1,0.9981011748313904,1,0.9998727981798523
03-01-05-02-01-02-19.wav,19,male,angry,1,0,0.0,1,0.9999999998345497,1,0.9999999999999699,1,0.9957149130536419,1,1.0,1,0.9973098813960811,1,0.9995276927947998,1,0.9999896760038557
03-01-05-02-02-01-19.wav,19,male,angry,1,1,1.0,1,0.9999999999998985,1,0.9999999999999699,1,0.9905073199333414,1,1.0,1,0.9956592841389824,1,0.9997038245201111,1,0.9999800413915931
03-01-05-02-02-02-19.wav,19,male,angry,1,1,1.0,1,0.9999996004677891,1,0.9999999999999699,1,0.9999847593899298,1,1.0,1,0.996907894127963,1,0.9996453523635864,1,0.9999916246407117
03-01-06-01-01-01-19.wav,19,male,fearful,1,1,1.0,1,0.9066309567910635,1,0.9695650673257051,1,0.9916090392122249,1,0.93,1,0.9095067922063713,1,0.9771649241447449,1,0.969629474820047
03-01-06-01-01-02-19.wav,19,male,fearful,1,0,0.0,1,0.7295654203135854,1,0.9100934253734491,1,0.9140460496594445,1,0.94,1,0.9272858078689125,1,0.9952793121337891,1,0.9989514347386325
03-01-06-01-02-01-19.wav,19,male,fearful,1,0,0.0,1,0.9765443919232987,1,0.9945332447786692,1,0.9966594118996708,1,1.0,1,0.9922139487988332,1,0.9991515874862671,1,0.9992925684118089
03-01-06-01-02-02-19.wav,19,male,fearful,1,1,1.0,1,0.7947730860152395,1,0.9228591083147921,1,0.997119152731548,1,1.0,1,0.9944780857879976,1,0.9999240636825562,1,0.9999409003991393
03-01-06-02-01-01-19.wav,19,male,fearful,1,1,1.0,1,0.9995243699048445,1,0.9999999815332572,1,0.9972607484484269,1,1.0,1,0.9958327199390246,1,0.9996616840362549,1,0.9999873231244605
03-01-06-02-01-02-19.wav,19,male,fearful,1,1,1.0,1,0.999997847425893,1,0.9999999999995236,1,0.9972564845719465,1,1.0,1,0.9964545301474211,1,0.9996662139892578,1,0.9999891145780071
03-01-06-02-02-01-19.wav,19,male,fearful,1,0,0.0,1,0.9999593102617208,1,0.9999999998015644,1,0.9973911928607186,1,1.0,1,0.9970175124702504,1,0.9998663663864136,1,0.9999910259967882
03-01-06-02-02-02-19.wav,19,male,fearful,1,0,0.0,1,0.999995779101473,1,0.9999999999990442,1,0.9968263218042291,1,1.0,1,0.9970175124702504,1,0.9998254179954529,1,0.9999910259967882
03-01-07-01-01-01-19.wav,19,male,disgust,1,0,0.0,1,0.7727463443002276,1,0.8165822658194976,1,0.989902658258784,1,0.88,1,0.9854864623133975,1,0.9980596899986267,1,0.9999428403018829
03-01-07-01-01-02-19.wav,19,male,disgust,1,1,1.0,1,0.9797494764459934,1,0.996645234690404,1,0.9999979515629093,1,1.0,1,0.9959957410235168,1,0.9999207258224487,1,0.9999862658793133
03-01-07-01-02-01-19.wav,19,male,disgust,1,1,1.0,1,0.9858989220349295,1,0.9967219635316689,1,0.9999914326650904,1,0.99,1,0.9964573737948114,1,0.9997460246086121,1,0.999969724476247
03-01-07-01-02-02-19.wav,19,male,disgust,1,1,1.0,1,0.9924213667078466,1,0.9999916758437948,1,0.9999950383528784,1,0.99,1,0.9963948994101243,1,0.999875545501709,1,0.999985497813517
03-01-07-02-01-01-19.wav,19,male,disgust,1,1,1.0,1,0.998710126006323,1,0.9999992431160616,1,0.9999964373177415,1,1.0,1,0.9982611030531623,1,0.9999263286590576,1,0.9999912751547455
03-01-07-02-01-02-19.wav,19,male,disgust,1,0,0.0,1,0.9997423666074003,1,0.9999999596072563,1,0.9999958984219792,1,1.0,1,0.9982753744749401,1,0.9998893737792969,1,0.9999913742672192
03-01-07-02-02-01-19.wav,19,male,disgust,1,0,0.0,1,0.9999979099921942,1,0.9999999999996121,1,0.9903712963670106,1,0.96,1,0.9978069382710791,1,0.9998552799224854,1,0.9999913742672192
03-01-07-02-02-02-19.wav,19,male,disgust,1,0,0.0,1,0.9999651744001086,1,0.9999999996113391,1,0.9999978982122992,1,0.99,1,0.9969054997301127,1,0.9998612403869629,1,0.9999910393153871
03-01-08-01-01-01-19.wav,19,male,surprised,1,0,0.0,1,0.8135752000426889,1,0.8777369724782871,1,0.9669992102688251,1,0.82,1,0.9861268108917599,1,0.9988930821418762,1,0.9999369185556828
03-01-08-01-01-02-19.wav,19,male,surprised,1,1,1.0,1,0.5903606449262027,1,0.845218473723939,1,0.9206636942644245,1,0.9,1,0.7947219588106788,1,0.8348528146743774,1,0.9835917156305534
03-01-08-01-02-01-19.wav,19,male,surprised,1,1,1.0,1,0.8462047824254864,1,0.9727195355642622,1,0.9929965716590858,1,0.94,1,0.9637636719343786,1,0.9944986701011658,1,0.9992208657874313
03-01-08-01-02-02-19.wav,19,male,surprised,1,0,0.0,1,0.9694701900964804,1,0.9999875962742872,1,0.9947375784030709,1,0.85,1,0.8431559463747236,1,0.957444965839386,1,0.9747155503287707
03-01-08-02-01-01-19.wav,19,male,surprised,1,0,0.0,1,0.9110404992827575,1,0.9847764932287448,1,0.9600618769745959,1,0.95,1,0.9901731967656584,1,0.9975690245628357,1,0.9997730522685551
03-01-08-02-01-02-19.wav,19,male,surprised,1,1,1.0,1,0.9634332703224741,1,0.9946298565439515,1,0.972729666705353,1,0.92,1,0.9566582262432394,1,0.9901851415634155,1,0.9920455740555283
03-01-08-02-02-01-19.wav,19,male,surprised,1,1,1.0,1,0.8799333749669037,1,0.9668789603431659,1,0.9910735730572762,1,0.98,1,0.9933258933022483,1,0.9991658926010132,1,0.999976073957048
03-01-08-02-02-02-19.wav,19,male,surprised,1,1,1.0,1,0.9383276920348113,1,0.9938449276702844,1,0.9911937348276644,1,0.97,1,0.9812125307859993,1,0.9959816932678223,1,0.9998740513843685
03-01-01-01-01-01-20.wav,20,female,neutral,0,1,1.0,1,0.6524704887873652,1,0.8287109145272975,0,0.7960424984441342,0,0.5,1,0.6337951901931788,0,0.19657312333583832,0,0.1015367649961701
03-01-01-01-01-02-20.wav,20,female,neutral,0,1,1.0,1,0.780088870275178,1,0.903380282540503,1,0.8903460611167389,1,0.77,1,0.8284048254740279,1,0.9756582379341125,1,0.6274562634499196
03-01-01-01-02-01-20.wav,20,female,neutral,0,1,1.0,1,0.6423357962369001,1,0.857091133990071,1,0.8422438661065792,1,0.68,0,0.44483642411627444,0,0.2809959053993225,1,0.5871835057981554
03-01-01-01-02-02-20.wav,20,female,neutral,0,1,1.0,0,0.43503696477581166,0,0.6906086979168877,0,0.5394305482354858,1,0.62,1,0.5342432312204993,0,0.02895023114979267,0,0.03301337686564129
03-01-02-01-01-01-20.wav,20,female,calm,0,1,1.0,0,0.03719805265307421,0,0.21517911226695086,0,0.16888147484784044,0,0.13,0,0.06091175028291038,0,0.005697683896869421,0,0.0008034090836726515
03-01-02-01-01-02-20.wav,20,female,calm,0,1,1.0,0,0.09044422994432219,0,0.359431914433931,0,0.12957335121415722,0,0.43,0,0.47766822794444447,0,0.3311291038990021,0,0.1616256222860685
03-01-02-01-02-01-20.wav,20,female,calm,0,1,1.0,0,0.03392065029966829,0,0.24077563532319404,0,0.13249830887191558,0,0.1,0,0.032653449606914554,0,0.0006292258622124791,0,0.0003155175721700869
03-01-02-01-02-02-20.wav,20,female,calm,0,0,0.0,0,0.020831629193761615,0,0.16520053751213926,0,0.47902798963288257,0,0.09,0,0.04022192984325661,0,0.005601650103926659,0,0.0009713577379210509
03-01-02-02-01-01-20.wav,20,female,calm,0,1,1.0,0,0.05058399204960214,0,0.4167627894087234,0,0.0661369653714855,0,0.12,0,0.02884612888013884,0,0.00156692904420197,0,0.0005860479192289943
03-01-02-02-01-02-20.wav,20,female,calm,0,1,1.0,0,0.05105775805734745,0,0.4275357511742109,0,0.4780459220101955,0,0.16,0,0.027787166188194688,0,0.003465807531028986,0,0.0003467749196303623
03-01-02-02-02-01-20.wav,20,female,calm,0,1,1.0,0,0.020691390790208722,0,0.21786364359726243,0,0.39785377559334295,0,0.06,0,0.04944127371698754,0,0.00032230862416327,0,0.0004581896533839915
03-01-02-02-02-02-20.wav,20,female,calm,0,1,1.0,0,0.06665009110000365,0,0.5274129706699744,0,0.10556540572083024,0,0.15,0,0.02093225607886707,0,0.0002265043294755742,0,0.00022520338960496287
03-01-03-01-01-01-20.wav,20,female,happy,1,1,1.0,1,0.981017235252285,1,0.9904985109176431,1,0.9999980504071311,1,1.0,1,0.996857734406447,1,0.9997729659080505,1,0.9999851729812153
03-01-03-01-01-02-20.wav,20,female,happy,1,1,1.0,1,0.9104316421619805,1,0.9497410009209118,1,0.9895275440090774,1,0.96,1,0.9852480635694799,1,0.997591495513916,1,0.9999831774560508
03-01-03-01-02-01-20.wav,20,female,happy,1,1,1.0,1,0.8279044984072725,1,0.9062566095101448,1,0.9379906987525365,1,0.96,1,0.964283005905562,1,0.9974800944328308,1,0.995302089768663
03-01-03-01-02-02-20.wav,20,female,happy,1,1,1.0,1,0.7284041372172858,1,0.9105198515938608,1,0.9025775659910144,1,0.92,1,0.7225282934831463,1,0.9573637843132019,1,0.9990143147225642
03-01-03-02-01-01-20.wav,20,female,happy,1,1,1.0,1,0.9987568939529293,1,0.9999994694908714,1,0.9999996326160802,1,1.0,1,0.9966839055941831,1,0.9998326301574707,1,0.9999860005937315
03-01-03-02-01-02-20.wav,20,female,happy,1,0,0.0,1,0.9961983818402692,1,0.9999868439573133,1,0.9999975800627781,1,1.0,1,0.9971618223187491,1,0.9992018342018127,1,0.9999772249376375
03-01-03-02-02-01-20.wav,20,female,happy,1,1,1.0,1,0.9999659768835887,1,0.9999999992862293,1,0.9999997968438588,1,1.0,1,0.9969023674474531,1,0.9987886548042297,1,0.9999784493700027
03-01-03-02-02-02-20.wav,20,female,happy,1,1,1.0,1,0.9999971880542184,1,0.999999999990885,1,0.9999994255560923,1,1.0,1,0.9886824538080026,1,0.998145341873169,1,0.9999834310696847
03-01-04-01-01-01-20.wav,20,female,sad,1,1,1.0,1,0.5291345234693211,1,0.8920098625460168,1,0.8295070658369177,1,0.91,1,0.8995151991275144,1,0.9784917831420898,1,0.9977641823397148
03-01-04-01-01-02-20.wav,20,female,sad,1,0,0.0,1,0.5718810392546096,1,0.8968217757266367,0,0.8010571944470953,1,0.73,1,0.8626180193440176,1,0.9329326748847961,1,0.9684571136598913
03-01-04-01-02-01-20.wav,20,female,sad,1,1,1.0,1,0.7963135168710759,1,0.9710845385933277,1,0.8767346546689767,1,0.86,1,0.7850710858360432,1,0.8530246019363403,1,0.9987367736022265
03-01-04-01-02-02-20.wav,20,female,sad,1,1,1.0,1,0.6552827581314046,1,0.9442956206375454,0,0.7146239048422228,1,0.67,1,0.8276498560608213,1,0.7066066861152649,1,0.9786661298415588
03-01-04-02-01-01-20.wav,20,female,sad,1,0,0.0,0,0.22807319052112318,0,0.44752467392011885,0,0.24212237420877278,1,0.85,1,0.8212143668305263,1,0.9770888686180115,1,0.9862844016011341
03-01-04-02-01-02-20.wav,20,female,sad,1,0,0.0,1,0.9987478276069406,1,0.9999954529061842,1,0.999989918774115,1,0.96,1,0.9950924052091205,1,0.9997461438179016,1,0.999970795067497
03-01-04-02-02-01-20.wav,20,female,sad,1,0,0.0,0,0.3515867197730296,0,0.7098121508334644,1,0.84927022235988,1,0.91,1,0.9771556536656376,1,0.9982507824897766,1,0.9999629841324326
03-01-04-02-02-02-20.wav,20,female,sad,1,1,1.0,1,0.9373968670780657,1,0.9549941442600143,1,0.9999970531841612,1,1.0,1,0.9965588921087762,1,0.9996881484985352,1,0.9999800367397064
03-01-05-01-01-01-20.wav,20,female,angry,1,1,1.0,1,0.7529596768442378,1,0.8883811793754126,1,0.9347827231538811,1,0.92,1,0.981291604798485,1,0.9942440390586853,1,0.9998877750001092
03-01-05-01-01-02-20.wav,20,female,angry,1,1,1.0,1,0.9762951605390596,1,0.9847044712974325,1,0.9999995485135178,1,1.0,1,0.9927446663966689,1,0.9999514818191528,1,0.9999889282399224
03-01-05-01-02-01-20.wav,20,female,angry,1,1,1.0,1,0.9032584992783337,1,0.9526187424084819,1,0.9999900267198664,1,0.98,1,0.9777343902992817,1,0.9977017045021057,1,0.999915108653645
03-01-05-01-02-02-20.wav,20,female,angry,1,1,1.0,1,0.9909298725009916,1,0.9968006371786783,1,0.9999947782410414,1,1.0,1,0.9967724880329418,1,0.99974125623703,1,0.9999901777776719
03-01-05-02-01-01-20.wav,20,female,angry,1,1,1.0,1,0.9999801778006497,1,0.9999999998922886,1,0.9999997482794725,1,1.0,1,0.9982023581469135,1,0.9997019171714783,1,0.9999892512694382
03-01-05-02-01-02-20.wav,20,female,angry,1,0,0.0,1,0.9999999999973288,1,0.9999999999999699,1,0.9971649139635609,1,1.0,1,0.9982023581469135,1,0.9995782971382141,1,0.9999839166291961
03-01-05-02-02-01-20.wav,20,female,angry,1,1,1.0,1,0.9999999999999984,1,0.9999999999999699,1,0.9940897800077503,1,1.0,1,0.9980081298720266,1,0.9993383288383484,1,0.9999901974107178
03-01-05-02-02-02-20.wav,20,female,angry,1,1,1.0,1,0.999952525443105,1,0.9999999983848683,1,0.999999638822585,1,1.0,1,0.9967724880329418,1,0.9997373223304749,1,0.9999901777776719
03-01-06-01-01-01-20.wav,20,female,fearful,1,1,1.0,1,0.9257554564042648,1,0.9620585218960935,1,0.9968880363938672,1,0.99,1,0.9932348576361395,1,0.9992908239364624,1,0.9999700796299932
03-01-06-01-01-02-20.wav,20,female,fearful,1,1,1.0,1,0.992238621564588,1,0.9965445428530254,1,0.9933001484705083,1,1.0,1,0.9990539429494217,1,0.9999593496322632,1,0.9999868297642805
03-01-06-01-02-01-20.wav,20,female,fearful,1,1,1.0,1,0.92331168558359,1,0.9715962198504463,1,0.9942045398947148,1,0.93,1,0.732612238376404,1,0.7120318412780762,1,0.9986501188799347
03-01-06-01-02-02-20.wav,20,female,fearful,1,1,1.0,1,0.538665873021144,0,0.7671332166822542,1,0.9175934568268183,1,0.95,1,0.9853006257844901,1,0.9989556074142456,1,0.999934199047444
03-01-06-02-01-01-20.wav,20,female,fearful,1,1,1.0,1,0.9999999999873905,1,0.9999999999999699,1,0.9999914848765924,1,1.0,1,0.9987340648805039,1,0.9996882677078247,1,0.9999890239668269
03-01-06-02-01-02-20.wav,20,female,fearful,1,1,1.0,1,0.999999999977528,1,0.9999999999999699,1,0.9999857487505386,1,1.0,1,0.9986068844318966,1,0.9992479681968689,1,0.9999890787454063
03-01-06-02-02-01-20.wav,20,female,fearful,1,1,1.0,1,0.9999999999998848,1,0.9999999999999699,1,0.9953940384307215,1,1.0,1,0.9936926965271484,1,0.9994081258773804,1,0.9999862406427862
03-01-06-02-02-02-20.wav,20,female,fearful,1,1,1.0,1,1.0,1,0.9999999999999699,1,0.9941878992569451,1,1.0,1,0.9942792040984813,1,0.9994388222694397,1,0.9999905134702121
03-01-07-01-01-01-20.wav,20,female,disgust,1,0,0.0,1,0.9700293429283411,1,0.9883997826964448,1,0.9964152171235047,1,0.98,1,0.9969337664840775,1,0.9998968839645386,1,0.9999885004064932
03-01-07-01-01-02-20.wav,20,female,disgust,1,1,1.0,1,0.9991020753220808,1,0.9900884588714218,1,0.9935241331501126,1,0.94,1,0.9758159672075247,1,0.9985122084617615,1,0.9999156573232026
03-01-07-01-02-01-20.wav,20,female,disgust,1,1,1.0,1,0.9962694263095795,1,0.9657670837582589,1,0.9934016888678957,1,0.96,1,0.9500862763169916,1,0.996110737323761,1,0.9991837746282306
03-01-07-01-02-02-20.wav,20,female,disgust,1,0,0.0,1,0.9817188292928679,1,0.9958530745687525,1,0.9999857821436521,1,0.92,1,0.9496228530338934,1,0.9894893765449524,1,0.999577424400026
03-01-07-02-01-01-20.wav,20,female,disgust,1,1,1.0,1,0.9863807966145691,1,0.9939814753580425,1,0.9999920209833633,1,0.98,1,0.9972790104079136,1,0.9999270439147949,1,0.9999869422562604
03-01-07-02-01-02-20.wav,20,female,disgust,1,0,0.0,1,0.996990732767861,1,0.9999865294954359,1,0.9999986732273098,1,0.98,1,0.9919987262589959,1,0.999903678894043,1,0.9999852167636488
03-01-07-02-02-01-20.wav,20,female,disgust,1,1,1.0,1,0.9993023773745292,1,0.9999985072889102,1,0.9965689181816787,1,1.0,1,0.9973328770720514,1,0.9998847246170044,1,0.9999882818562319
03-01-07-02-02-02-20.wav,20,female,disgust,1,0,0.0,1,0.9955736497085236,1,0.9999857668269462,1,0.9999856381159036,1,1.0,1,0.9973483889582551,1,0.9998884201049805,1,0.9999913634968353
03-01-08-01-01-01-20.wav,20,female,surprised,1,1,1.0,1,0.9552560895663781,1,0.9829709385011499,1,0.991796776151058,1,0.91,1,0.9874320242571024,1,0.9985378980636597,1,0.9999662665750324
03-01-08-01-01-02-20.wav,20,female,surprised,1,0,0.0,1,0.9755007854783047,1,0.9907726582283783,1,0.9999819816267267,1,0.99,1,0.9970499857872106,1,0.9998766183853149,1,0.9999373474497092
03-01-08-01-02-01-20.wav,20,female,surprised,1,1,1.0,1,0.8228189932677681,1,0.9323863118579567,1,0.9963036369434976,1,1.0,1,0.9864053452691807,1,0.9996644258499146,1,0.9999674751869342
03-01-08-01-02-02-20.wav,20,female,surprised,1,0,0.0,1,0.8677305189956191,1,0.9699007334907842,1,0.9569685065548802,1,0.95,1,0.9910594952522724,1,0.9991829991340637,1,0.9999524244800178
03-01-08-02-01-01-20.wav,20,female,surprised,1,1,1.0,1,0.9970571593413363,1,0.9999938298663342,1,0.9999996201368008,1,1.0,1,0.9976815571412847,1,0.9998830556869507,1,0.9999890888015296
03-01-08-02-01-02-20.wav,20,female,surprised,1,1,1.0,1,0.9726088750239521,1,0.9945123026218372,1,0.999981881624854,1,0.96,1,0.9959934777725399,1,0.9995794892311096,1,0.9999631434659667
03-01-08-02-02-01-20.wav,20,female,surprised,1,0,0.0,1,0.9969478350292967,1,0.9999941380159341,1,0.9999995465466278,1,1.0,1,0.9888900962983289,1,0.9994850158691406,1,0.9999883989708878
03-01-08-02-02-02-20.wav,20,female,surprised,1,1,1.0,1,0.9052098760124853,1,0.9549509477147303,1,0.999992439969596,1,1.0,1,0.9941110094341271,1,0.9991061091423035,1,0.9999809773009619
03-01-01-01-01-01-21.wav,21,male,neutral,0,0,0.0,1,0.7407496964072509,0,0.7991793681809427,0,0.65205954716132,0,0.43,0,0.3526323093168401,0,0.06429088860750198,0,0.021217991425062026
03-01-01-01-01-02-21.wav,21,male,neutral,0,1,1.0,1,0.8407233762503454,1,0.897208214321045,1,0.9057165476768376,1,0.68,0,0.36542481978304914,0,0.11173658818006516,0,0.19295590354809317
03-01-01-01-02-01-21.wav,21,male,neutral,0,1,1.0,1,0.6727705886498497,1,0.8595490111137833,0,0.6425497950780322,1,0.66,0,0.41125046950798505,0,0.13921180367469788,0,0.19551100155100107
03-01-01-01-02-02-21.wav,21,male,neutral,0,1,1.0,1,0.6451781333145661,1,0.8269945353267727,0,0.5751065144608268,0,0.33,0,0.3885546279100161,0,0.013739063404500484,0,0.010119433622150122
03-01-02-01-01-01-21.wav,21,male,calm,0,1,1.0,0,0.031001968993270925,0,0.11366443394766484,0,0.3158870865392437,0,0.29,0,0.02924229863689205,0,0.008868311531841755,0,0.006931236037601549
03-01-02-01-01-02-21.wav,21,male,calm,0,1,1.0,0,0.026905102721877194,0,0.09122380062720481,0,0.12063528608658813,0,0.24,0,0.16544467718663788,0,0.034968454390764236,0,0.0032557614668344975
03-01-02-01-02-01-21.wav,21,male,calm,0,1,1.0,0,0.06205091219764384,0,0.31272275376111,0,0.17027940900040914,0,0.09,0,0.03898098690987499,0,0.0030388941522687674,0,0.000416079976622355
03-01-02-01-02-02-21.wav,21,male,calm,0,1,1.0,0,0.059106930708065955,0,0.27597309175553075,0,0.18102931115019602,0,0.25,0,0.012371416847768359,0,0.0072061712853610516,0,0.0018978068261568276
03-01-02-02-01-01-21.wav,21,male,calm,0,1,1.0,0,0.07252192696033787,0,0.2680011761360757,0,0.15226928739430168,0,0.07,0,0.045723466298055064,0,0.0006088257650844753,0,0.00013064047216992605
03-01-02-02-01-02-21.wav,21,male,calm,0,1,1.0,0,0.061373615902317914,0,0.264753062040638,0,0.1550593430598576,0,0.16,0,0.013053865302647863,0,0.0011424251133576035,0,0.0006410895949873876
03-01-02-02-02-01-21.wav,21,male,calm,0,1,1.0,0,0.037655530805135,0,0.15076067925087402,0,0.17171832232702697,0,0.28,0,0.05099017180763917,0,0.029175259172916412,0,0.07825375967329742
03-01-02-02-02-02-21.wav,21,male,calm,0,0,0.0,0,0.029616058941661975,0,0.17390223378310912,0,0.1297588306592945,0,0.15,0,0.02609571516952112,0,0.0008178833522833884,0,0.0002655711047863254
03-01-03-01-01-01-21.wav,21,male,happy,1,1,1.0,1,0.8245173906084653,1,0.9139037177145999,0,0.8421381704945091,1,0.95,1,0.9555506878322283,1,0.9955834746360779,1,0.9884422000888401
03-01-03-01-01-02-21.wav,21,male,happy,1,1,1.0,1,0.8998281707137383,1,0.960983981640315,1,0.9403160444250835,1,0.98,1,0.9935436515565643,1,0.9910140633583069,1,0.9999180383621292
03-01-03-01-02-01-21.wav,21,male,happy,1,0,0.0,1,0.9571093053937952,1,0.9878870671863056,1,0.9920612260105609,1,0.98,1,0.9457611547563212,1,0.9977498650550842,1,0.9999454895888084
03-01-03-01-02-02-21.wav,21,male,happy,1,1,1.0,1,0.9222895948838307,1,0.9703174689340622,1,0.9703803122374911,1,0.99,1,0.9677563379592741,1,0.999268114566803,1,0.9990956635523347
03-01-03-02-01-01-21.wav,21,male,happy,1,1,1.0,1,0.998415279265676,1,0.9999991430838437,1,0.9999997385741415,1,1.0,1,0.9951276486927622,1,0.9998583793640137,1,0.9999754844625659
03-01-03-02-01-02-21.wav,21,male,happy,1,1,1.0,1,0.9995864787204017,1,0.9999999342715064,1,0.9999966523405378,1,0.99,1,0.9971817943856226,1,0.9983066320419312,1,0.9999757359873789
03-01-03-02-02-01-21.wav,21,male,happy,1,1,1.0,1,0.9939087758039217,1,0.9973060351238487,1,0.991123012767674,1,0.99,1,0.9903190437264687,1,0.996174156665802,1,0.9999783874510206
03-01-03-02-02-02-21.wav,21,male,happy,1,1,1.0,1,0.9997433490456255,1,0.9999999920491401,1,0.9999999546289037,1,1.0,1,0.9940843417151709,1,0.9997656941413879,1,0.9999635324601814
03-01-04-01-01-01-21.wav,21,male,sad,1,1,1.0,0,0.08806583193673703,0,0.31524587563696144,0,0.20714055631250325,1,0.64,1,0.6040679645354458,0,0.2619345784187317,0,0.0010770727886876702
03-01-04-01-01-02-21.wav,21,male,sad,1,1,1.0,0,0.45749533075313403,0,0.793841529775491,1,0.8845945525509675,1,0.91,1,0.8918009870601111,1,0.9968739748001099,1,0.9994635573949248
03-01-04-01-02-01-21.wav,21,male,sad,1,1,1.0,0,0.09073225850458365,0,0.4119846730816512,0,0.1030036609909624,0,0.42,1,0.6993781942731395,0,0.10533224791288376,0,0.005488469224894255
03-01-04-01-02-02-21.wav,21,male,sad,1,1,1.0,0,0.09399821526992397,0,0.4011930636128924,0,0.15773296983417529,0,0.36,0,0.05561913757088092,0,0.21359224617481232,0,0.06698790767193635
03-01-04-02-01-01-21.wav,21,male,sad,1,1,1.0,1,0.985048342785922,1,0.999988142857514,1,0.9999826497331332,1,0.98,1,0.9826009432885082,1,0.9967623949050903,1,0.9998848103011241
03-01-04-02-01-02-21.wav,21,male,sad,1,1,1.0,1,0.9829819312437273,1,0.9942926177975123,1,0.9900089649451905,1,0.98,1,0.9844697272561992,1,0.9855924248695374,1,0.9991889061246496
03-01-04-02-02-01-21.wav,21,male,sad,1,1,1.0,1,0.9173140361860049,1,0.9706615222604837,1,0.9877585266972593,1,0.93,1,0.9832832546245369,1,0.9993590712547302,1,0.9995149810565158
03-01-04-02-02-02-21.wav,21,male,sad,1,1,1.0,1,0.7176589775341217,1,0.9050886017538775,0,0.7254742019486081,1,0.95,1,0.9777802313992823,1,0.9992234706878662,1,0.9995193865387981
03-01-05-01-01-01-21.wav,21,male,angry,1,0,0.0,1,0.9999945798856751,1,0.9999999999905309,1,0.9999999355029285,1,0.99,1,0.9957782092297052,1,0.999259889125824,1,0.9999862173255343
03-01-05-01-01-02-21.wav,21,male,angry,1,1,1.0,1,0.9999731610273097,1,0.9999999996993337,1,0.9999998159723479,1,1.0,1,0.996285806716228,1,0.9987006187438965,1,0.9999839641611021
03-01-05-01-02-01-21.wav,21,male,angry,1,1,1.0,1,0.999999634944962,1,0.9999999999999699,1,0.9999996971609717,1,1.0,1,0.9965179385363028,1,0.998874843120575,1,0.9999687576090982
03-01-05-01-02-02-21.wav,21,male,angry,1,1,1.0,1,0.9999966245017313,1,0.999999999997581,1,0.9999993724201022,1,1.0,1,0.9973964265419917,1,0.9988196492195129,1,0.9999724455950794
03-01-05-02-01-01-21.wav,21,male,angry,1,1,1.0,1,0.9999999999956295,1,0.9999999999999699,1,0.9999914411821001,1,1.0,1,0.996285806716228,1,0.9989635944366455,1,0.9999719769658624
03-01-05-02-01-02-21.wav,21,male,angry,1,1,1.0,1,0.9999999997691325,1,0.9999999999999699,1,0.999997424476084,1,1.0,1,0.996818058203406,1,0.9998807907104492,1,0.9999913412898448
03-01-05-02-02-01-21.wav,21,male,angry,1,0,0.0,1,0.9999999968513351,1,0.9999999999999699,1,0.9999993688760037,1,1.0,1,0.9965179385363028,1,0.9993361830711365,1,0.9999774608491294
03-01-05-02-02-02-21.wav,21,male,angry,1,0,0.0,1,0.9999999997090274,1,0.9999999999999699,1,0.9999989852677686,1,1.0,1,0.9962010692308221,1,0.9999109506607056,1,0.9999920917905073
03-01-06-01-01-01-21.wav,21,male,fearful,1,1,1.0,1,0.9525471732552913,1,0.9824301509696438,1,0.9892534787101867,1,0.88,1,0.9055103922591627,1,0.9228814244270325,1,0.9845324656602628
03-01-06-01-01-02-21.wav,21,male,fearful,1,0,0.0,1,0.9391313461625812,1,0.9629562562630326,1,0.9577639542425711,1,0.84,1,0.9015101365805687,1,0.8471092581748962,1,0.8179787736290475
03-01-06-01-02-01-21.wav,21,male,fearful,1,1,1.0,1,0.9587098989849695,1,0.9792070864746967,1,0.9969904424874856,1,0.97,1,0.9727289756535613,1,0.9995384216308594,1,0.9981178521398885
03-01-06-01-02-02-21.wav,21,male,fearful,1,1,1.0,1,0.9817405812818006,1,0.9920935251412876,1,0.996857353011543,1,0.95,1,0.9723303538343429,1,0.9913259148597717,1,0.9985282364713299
03-01-06-02-01-01-21.wav,21,male,fearful,1,1,1.0,1,0.9998207057378501,1,0.9999999529120749,1,0.999999533133864,1,1.0,1,0.993000213374093,1,0.9995056390762329,1,0.9999797593499525
03-01-06-02-01-02-21.wav,21,male,fearful,1,0,0.0,1,0.9997366812314894,1,0.9999999201274781,1,0.9999998900246625,1,1.0,1,0.9919218450750122,1,0.9996720552444458,1,0.9999681471805484
03-01-06-02-02-01-21.wav,21,male,fearful,1,1,1.0,1,0.9986662302154199,1,0.9999992139958405,1,0.9999995253160546,1,1.0,1,0.992017383865374,1,0.9998179078102112,1,0.999981614359753
03-01-06-02-02-02-21.wav,21,male,fearful,1,1,1.0,1,0.9970948491591457,1,0.999995394867073,1,0.9999953175323378,1,1.0,1,0.9658420751913234,1,0.9989808201789856,1,0.9999482682334048
03-01-07-01-01-01-21.wav,21,male,disgust,1,1,1.0,1,0.9878841868941465,1,0.9917770817051704,1,0.9928478462980479,1,1.0,1,0.9944450712736841,1,0.9990148544311523,1,0.9999889592441207
03-01-07-01-01-02-21.wav,21,male,disgust,1,1,1.0,1,0.995490342944728,1,0.9999832667299127,1,0.9999931124228111,1,1.0,1,0.9974337936349369,1,0.9989917874336243,1,0.9999889592441207
03-01-07-01-02-01-21.wav,21,male,disgust,1,1,1.0,1,0.982429705449173,1,0.9913105934527895,1,0.9999986970162007,1,1.0,1,0.9968630580210204,1,0.9987046718597412,1,0.9999786096575035
03-01-07-01-02-02-21.wav,21,male,disgust,1,1,1.0,1,0.9743976893489046,1,0.988601559752294,1,0.9999975523365136,1,1.0,1,0.9942064718114653,1,0.99954754114151,1,0.9999541882571165
03-01-07-02-01-01-21.wav,21,male,disgust,1,1,1.0,1,0.9860552317863633,1,0.9930540207094596,1,0.9999839927145353,1,1.0,1,0.9969328737410144,1,0.9993133544921875,1,0.9999827016451891
03-01-07-02-01-02-21.wav,21,male,disgust,1,1,1.0,1,0.9956899446937848,1,0.9999935393701372,1,0.9999916967929114,1,0.99,1,0.9972196904857052,1,0.9994364380836487,1,0.9999704522501706
03-01-07-02-02-01-21.wav,21,male,disgust,1,1,1.0,1,0.989870331769084,1,0.9968295593252632,1,0.9999999918256538,1,0.99,1,0.9977455380701772,1,0.9997063279151917,1,0.9999749657184764
03-01-07-02-02-02-21.wav,21,male,disgust,1,1,1.0,1,0.989649217040714,1,0.9969218650512924,1,0.9999999944380834,1,0.98,1,0.9977524641385136,1,0.999903678894043,1,0.9999910046513765
03-01-08-01-01-01-21.wav,21,male,surprised,1,1,1.0,1,0.8523051773762504,1,0.8918203246294112,1,0.9328152453289313,1,0.87,1,0.9626939135167034,1,0.9173672795295715,1,0.9999614421345093
03-01-08-01-01-02-21.wav,21,male,surprised,1,1,1.0,1,0.8993010651907277,1,0.9295851931170009,1,0.9539059487409605,1,0.9,1,0.9765263997139386,1,0.9138258695602417,1,0.9999638469086183
03-01-08-01-02-01-21.wav,21,male,surprised,1,0,0.0,1,0.8771706838570709,1,0.9395710338130796,1,0.9907577498697778,1,0.96,1,0.9912088622142975,1,0.9958662986755371,1,0.9999846264279216
03-01-08-01-02-02-21.wav,21,male,surprised,1,1,1.0,1,0.9969813541122485,1,0.9999983085885614,1,0.9999999606135193,1,0.99,1,0.9951230560155067,1,0.9989495873451233,1,0.9999791755331665
03-01-08-02-01-01-21.wav,21,male,surprised,1,1,1.0,1,0.9976645065054538,1,0.9999949201517416,1,0.9999990280265288,1,1.0,1,0.9932975466935178,1,0.9983782768249512,1,0.999984214595592
03-01-08-02-01-02-21.wav,21,male,surprised,1,1,1.0,1,0.9885627711076737,1,0.9927192359947462,1,0.999988452145099,1,0.98,1,0.9962582551432525,1,0.9988768696784973,1,0.9999870831151563
03-01-08-02-02-01-21.wav,21,male,surprised,1,1,1.0,1,0.9645149500678238,1,0.980728088644543,1,0.9999880443114793,1,0.98,1,0.9845870767274184,1,0.9967862367630005,1,0.9997523926116787
03-01-08-02-02-02-21.wav,21,male,surprised,1,1,1.0,1,0.9878137634412201,1,0.9954825182626185,1,0.9999993207571228,1,1.0,1,0.9923260830918865,1,0.9945129156112671,1,0.9999823059095413
03-01-01-01-01-01-22.wav,22,female,neutral,0,0,0.0,0,0.03383017879830253,0,0.17385390507610587,0,0.10877831729408992,0,0.1,0,0.05903026918158295,0,0.0009712392347864807,0,0.002938016486424672
03-01-01-01-01-02-22.wav,22,female,neutral,0,1,1.0,0,0.2814291906700004,0,0.6259383367903714,0,0.344896181974152,0,0.41,1,0.5237069582202996,0,0.24843469262123108,0,0.12374349320036156
03-01-01-01-02-01-22.wav,22,female,neutral,0,1,1.0,0,0.280951649066157,0,0.6180547118913143,0,0.3639854779841967,1,0.55,1,0.5080773480990289,0,0.03636740893125534,0,0.21149358932946546
03-01-01-01-02-02-22.wav,22,female,neutral,0,1,1.0,0,0.028343879690091934,0,0.18044326295686716,0,0.08663532138926444,0,0.02,0,0.015773751885013662,0,0.00038109096931293607,0,0.00010218572607508345
03-01-02-01-01-01-22.wav,22,female,calm,0,1,1.0,0,0.0417927407395311,0,0.24699154372064913,0,0.08187621170737042,0,0.02,0,0.03906125599258392,0,0.00037301069824025035,0,8.775133790291429e-05
03-01-02-01-01-02-22.wav,22,female,calm,0,1,1.0,0,0.018812946300079212,0,0.10140997000899689,0,0.09749980310077638,0,0.06,0,0.027080604649437238,0,0.0010923565132543445,0,0.00023658107602540364
03-01-02-01-02-01-22.wav,22,female,calm,0,1,1.0,0,0.022828279005139947,0,0.14649329030614386,0,0.10711406558832728,0,0.06,0,0.021472644846370476,0,0.00012143311323598027,0,0.0003057200024090832
03-01-02-01-02-02-22.wav,22,female,calm,0,1,1.0,0,0.04980403040490833,0,0.2750397098985379,0,0.19498078617351428,0,0.03,0,0.026811220097469467,0,0.0030698019545525312,0,0.00011746531224112021
03-01-02-02-01-01-22.wav,22,female,calm,0,1,1.0,0,0.028772941588294326,0,0.1746955876810404,0,0.17462428717289172,0,0.02,0,0.03654807225790207,0,0.002434101887047291,0,0.0002987688019566767
03-01-02-02-01-02-22.wav,22,female,calm,0,1,1.0,0,0.021966611854276084,0,0.11005499661567351,0,0.13629520472690848,0,0.07,0,0.01833601939141009,0,0.0006323544657789171,0,0.000128882775303411
03-01-02-02-02-01-22.wav,22,female,calm,0,1,1.0,0,0.025859973742494307,0,0.21088009223393606,0,0.07895055507026913,0,0.04,0,0.1170802293732392,0,0.002929374109953642,0,0.001781404578716729
03-01-02-02-02-02-22.wav,22,female,calm,0,0,0.0,0,0.044559943261908826,0,0.3153721217697831,0,0.14400768349785614,0,0.03,0,0.0241928309322036,0,0.0003732091863639653,0,8.71403051206256e-05
03-01-03-01-01-01-22.wav,22,female,happy,1,1,1.0,1,0.7934001866198013,1,0.8966088621086438,1,0.9454055248161934,1,0.78,1,0.861123887283437,1,0.9589757919311523,1,0.9826241313704112
03-01-03-01-01-02-22.wav,22,female,happy,1,1,1.0,1,0.7761801808591665,1,0.9393167647472965,1,0.969718174187917,1,0.95,1,0.903776387600189,1,0.9922770261764526,1,0.9995889035345502
03-01-03-01-02-01-22.wav,22,female,happy,1,0,0.0,1,0.7633536611080467,1,0.8981274212043584,1,0.9396179690134894,1,0.84,1,0.8363178141673719,1,0.6207954287528992,0,0.46570963139822014
03-01-03-01-02-02-22.wav,22,female,happy,1,1,1.0,1,0.5875130850389392,0,0.7729025815279834,0,0.7126200589735431,1,0.68,1,0.812678272793903,0,0.13821761310100555,0,0.24595983194231053
03-01-03-02-01-01-22.wav,22,female,happy,1,1,1.0,1,0.9980646117717062,1,0.9999987952459268,1,0.9999998098036121,1,1.0,1,0.9950131071419666,1,0.9999197721481323,1,0.9999798731729963
03-01-03-02-01-02-22.wav,22,female,happy,1,1,1.0,1,0.9924185416453989,1,0.9974352632914598,1,0.9999994912170342,1,1.0,1,0.9967855607652966,1,0.9999409914016724,1,0.9999907129040646
03-01-03-02-02-01-22.wav,22,female,happy,1,1,1.0,1,0.9968778919314694,1,0.999992992629785,1,0.9999942960944802,1,1.0,1,0.9961417067927634,1,0.999316930770874,1,0.9999905826896549
03-01-03-02-02-02-22.wav,22,female,happy,1,1,1.0,1,0.9877687195862392,1,0.995428387065704,1,0.9970351528211108,1,1.0,1,0.991809094323433,1,0.9998347759246826,1,0.9999601296970292
03-01-04-01-01-01-22.wav,22,female,sad,1,1,1.0,0,0.014185535801644762,0,0.08657232092921315,0,0.14736153261866597,0,0.11,0,0.08597611065915264,0,0.0032993489876389503,0,0.0013030418987745956
03-01-04-01-01-02-22.wav,22,female,sad,1,1,1.0,0,0.056312178641712396,0,0.21854468608227645,0,0.13466867296081447,1,0.57,1,0.5536145200693731,0,0.028440065681934357,0,0.14370945075286673
03-01-04-01-02-01-22.wav,22,female,sad,1,1,1.0,0,0.10363112046836348,0,0.3485053398481678,0,0.24051900646423008,1,0.62,1,0.5913158526866574,1,0.9769839644432068,1,0.5901261869598777
03-01-04-01-02-02-22.wav,22,female,sad,1,1,1.0,0,0.23452623256631427,0,0.6222622373997487,0,0.536503223140108,1,0.68,1,0.8981549061654599,1,0.8868644833564758,1,0.972780265840371
03-01-04-02-01-01-22.wav,22,female,sad,1,1,1.0,0,0.19628110607679874,0,0.42988382914269385,0,0.3646621315988914,1,0.84,1,0.9196556310804941,1,0.9932153224945068,1,0.994147198236033
03-01-04-02-01-02-22.wav,22,female,sad,1,1,1.0,0,0.23181100905421728,0,0.4677231742605159,0,0.48771129762301957,1,0.87,1,0.9196556310804941,1,0.9957730174064636,1,0.8540566564839689
03-01-04-02-02-01-22.wav,22,female,sad,1,1,1.0,0,0.20679217908415526,0,0.505975614971412,0,0.7711666071460388,1,0.88,1,0.9487474327409479,1,0.9847328066825867,1,0.9946300692015074
03-01-04-02-02-02-22.wav,22,female,sad,1,1,1.0,1,0.7843392382582577,1,0.9007184315455727,1,0.9940740993513665,1,0.94,1,0.986898593307719,1,0.9988734126091003,1,0.9998229370159439
03-01-05-01-01-01-22.wav,22,female,angry,1,0,0.0,1,0.6077728006509934,0,0.7465638900447245,1,0.9671293697981503,1,0.96,1,0.979573460010721,1,0.9917581677436829,1,0.9860971560538853
03-01-05-01-01-02-22.wav,22,female,angry,1,1,1.0,1,0.5659111994317182,0,0.7453589129627273,1,0.9638471384921675,1,0.93,1,0.9752384666952493,1,0.99398273229599,1,0.9998624444605998
03-01-05-01-02-01-22.wav,22,female,angry,1,1,1.0,1,0.8871199182958854,1,0.9655713563337329,1,0.9809297216837415,1,0.9,1,0.938899671282828,1,0.9995748400688171,1,0.9974168904559788
03-01-05-01-02-02-22.wav,22,female,angry,1,1,1.0,1,0.9140617535818979,1,0.9580894615619063,1,0.9883203057834057,1,0.98,1,0.9913795504662665,1,0.9985539317131042,1,0.9999377632858883
03-01-05-02-01-01-22.wav,22,female,angry,1,1,1.0,1,0.9989560241410655,1,0.9999994804086758,1,0.99999929234273,1,1.0,1,0.9950089342467199,1,0.9997068047523499,1,0.9999908430783265
03-01-05-02-01-02-22.wav,22,female,angry,1,1,1.0,1,0.9994421294539747,1,0.9999998933774082,1,0.999999810301237,1,1.0,1,0.9949716900972461,1,0.9998101592063904,1,0.9999907388057865
03-01-05-02-02-01-22.wav,22,female,angry,1,0,0.0,1,0.999996693937285,1,0.9999999999953737,1,0.9999996803848804,1,1.0,1,0.995827594561417,1,0.9993278980255127,1,0.9999907152741242
03-01-05-02-02-02-22.wav,22,female,angry,1,0,0.0,1,0.9999873567836653,1,0.999999999959279,1,0.9999997919167797,1,1.0,1,0.995827594561417,1,0.9996166229248047,1,0.9999907152741242
03-01-06-01-01-01-22.wav,22,female,fearful,1,1,1.0,1,0.812234413613067,1,0.9125930801471968,1,0.9740402160507108,1,0.99,1,0.9676983967577811,1,0.9873203039169312,1,0.9106512248907985
03-01-06-01-01-02-22.wav,22,female,fearful,1,0,0.0,1,0.9005313275737129,1,0.9553855327812593,1,0.9953930621601133,1,1.0,1,0.98762977121826,1,0.9972364902496338,1,0.9996575092445464
03-01-06-01-02-01-22.wav,22,female,fearful,1,1,1.0,1,0.8811363082777609,1,0.9420871229103348,1,0.9971325312124568,1,0.97,1,0.9890840002937057,1,0.999688982963562,1,0.9999392851314135
03-01-06-01-02-02-22.wav,22,female,fearful,1,1,1.0,1,0.8990722730638534,1,0.947028841219615,1,0.9953695655412838,1,0.98,1,0.9900375744280032,1,0.9994615912437439,1,0.9999181443557512
03-01-06-02-01-01-22.wav,22,female,fearful,1,1,1.0,1,0.9972760702019158,1,0.9999948076976011,1,0.9999994084548198,1,1.0,1,0.9962957269650151,1,0.9999711513519287,1,0.9999882630808479
03-01-06-02-01-02-22.wav,22,female,fearful,1,0,0.0,1,0.998277015839877,1,0.9999984027719632,1,0.9999997474094872,1,1.0,1,0.9958813733589427,1,0.9999580383300781,1,0.9999903289750305
03-01-06-02-02-01-22.wav,22,female,fearful,1,1,1.0,1,0.9984659379841885,1,0.999997126665731,1,0.9999997324502746,1,1.0,1,0.9962883368660653,1,0.9999257326126099,1,0.9999911783995694
03-01-06-02-02-02-22.wav,22,female,fearful,1,1,1.0,1,0.9993412335806876,1,0.9999995231055573,1,0.9999997606441362,1,1.0,1,0.9965429228192835,1,0.9999185800552368,1,0.9999912319023806
03-01-07-01-01-01-22.wav,22,female,disgust,1,1,1.0,1,0.9319197184101438,1,0.9687142057301142,1,0.994625773779256,1,0.98,1,0.9951828222020663,1,0.9998249411582947,1,0.9999801797744399
03-01-07-01-01-02-22.wav,22,female,disgust,1,1,1.0,1,0.9931455611659544,1,0.9114300865776129,1,0.9932982201701355,1,0.93,1,0.9873987584439226,1,0.9960512518882751,1,0.9999554368700382
03-01-07-01-02-01-22.wav,22,female,disgust,1,1,1.0,1,0.9355508468506546,1,0.9694801866345322,1,0.9916696703277981,1,0.95,1,0.9890364219592248,1,0.9997764229774475,1,0.999975607341675
03-01-07-01-02-02-22.wav,22,female,disgust,1,1,1.0,1,0.839284018554502,1,0.9328141758766464,1,0.9902228998008739,1,0.98,1,0.9839678260306941,1,0.999103844165802,1,0.9999528566808457
03-01-07-02-01-01-22.wav,22,female,disgust,1,1,1.0,1,0.9829799805106425,1,0.9910890850940319,1,0.9999982244328626,1,0.99,1,0.9951749588330903,1,0.9997419714927673,1,0.9999761243444455
03-01-07-02-01-02-22.wav,22,female,disgust,1,1,1.0,1,0.9756057459568321,1,0.9841817657961558,1,0.9969688966353502,1,1.0,1,0.9949098991181172,1,0.9997538924217224,1,0.9999794551976787
03-01-07-02-02-01-22.wav,22,female,disgust,1,1,1.0,1,0.999843543389537,1,0.999987358924356,1,0.9934823492338366,1,1.0,1,0.9964337470938904,1,0.9998984336853027,1,0.9999920979188561
03-01-07-02-02-02-22.wav,22,female,disgust,1,1,1.0,1,0.9524641213695215,1,0.9785792749796443,1,0.9958995923145645,1,0.99,1,0.9927847374613025,1,0.9993448853492737,1,0.9999506155755647
03-01-08-01-01-01-22.wav,22,female,surprised,1,1,1.0,1,0.9422034954667391,1,0.9820785307492559,1,0.9969835585071364,1,1.0,1,0.9962276084186777,1,0.999923586845398,1,0.9999867545058783
03-01-08-01-01-02-22.wav,22,female,surprised,1,1,1.0,1,0.9852641503526637,1,0.9956775419234076,1,0.999999701296669,1,1.0,1,0.9965925221226972,1,0.9999498128890991,1,0.9999879691390019
03-01-08-01-02-01-22.wav,22,female,surprised,1,0,0.0,1,0.9757360037007938,1,0.9909612935913062,1,0.999994823581302,1,0.99,1,0.9965429319079537,1,0.9999262094497681,1,0.9999864429884812
03-01-08-01-02-02-22.wav,22,female,surprised,1,1,1.0,1,0.9991650482394207,1,0.9999998987632088,1,0.9956920838659651,1,1.0,1,0.9969769176754116,1,0.999955415725708,1,0.9999903572707136
03-01-08-02-01-01-22.wav,22,female,surprised,1,1,1.0,1,0.9970828958366151,1,0.999998425062477,1,0.9999999125099746,1,1.0,1,0.9963273476013594,1,0.9999403953552246,1,0.9999831340496421
03-01-08-02-01-02-22.wav,22,female,surprised,1,1,1.0,1,0.9976172845818756,1,0.999997601176998,1,0.9999999469263997,1,1.0,1,0.9965383187006243,1,0.9999746084213257,1,0.9999903289750305
03-01-08-02-02-01-22.wav,22,female,surprised,1,1,1.0,1,0.9986804274431825,1,0.9999993054380528,1,0.9967512778132045,1,1.0,1,0.9943746082201779,1,0.9997910857200623,1,0.9999893709661333
03-01-08-02-02-02-22.wav,22,female,surprised,1,1,1.0,1,0.9963089426218652,1,0.9999945751855602,1,0.9999972122733631,1,1.0,1,0.9926684352183802,1,0.9989450573921204,1,0.9999813631702588
03-01-01-01-01-01-23.wav,23,male,neutral,0,0,0.0,1,0.6240263313917158,1,0.808806168343479,0,0.8458429497712913,1,0.94,1,0.9799620211918788,1,0.9776752591133118,1,0.9994334203009845
03-01-01-01-01-02-23.wav,23,male,neutral,0,1,1.0,1,0.6240320098340385,1,0.8103693002791489,1,0.8722185719741887,1,0.83,1,0.967320339361089,1,0.936737060546875,1,0.996253097134482
03-01-01-01-02-01-23.wav,23,male,neutral,0,1,1.0,1,0.7554803708720705,1,0.893629950301551,1,0.9529062106981326,1,0.91,1,0.9397665190042698,1,0.9989205598831177,1,0.9998728397277121
03-01-01-01-02-02-23.wav,23,male,neutral,0,1,1.0,1,0.6986848692629158,1,0.8397507589610056,1,0.8871047676477076,1,0.89,1,0.939278365219356,1,0.9949163198471069,1,0.9996301281030916
03-01-02-01-01-01-23.wav,23,male,calm,0,1,1.0,0,0.16837576899983034,0,0.4510703807909127,0,0.2789238110921408,0,0.31,0,0.11136220958195102,0,0.15831975638866425,1,0.8279266918556584
03-01-02-01-01-02-23.wav,23,male,calm,0,1,1.0,0,0.3231096455836505,0,0.64671923712861,0,0.6035404504184884,0,0.35,1,0.6782472172563514,1,0.834467351436615,1,0.9635538278040928
03-01-02-01-02-01-23.wav,23,male,calm,0,1,1.0,1,0.5293101884483303,1,0.8447499161773325,1,0.971273478195992,0,0.4,0,0.16019455827639467,0,0.22521798312664032,1,0.8479555134307037
03-01-02-01-02-02-23.wav,23,male,calm,0,1,1.0,0,0.4102255349437905,0,0.7888665226220154,1,0.9525265702267292,0,0.42,0,0.12263137412823637,0,0.2329145073890686,1,0.8798091124077108
03-01-02-02-01-01-23.wav,23,male,calm,0,1,1.0,0,0.31792277983888834,0,0.7131968721549706,0,0.768130639391928,0,0.17,0,0.04313843663215932,0,0.005802633706480265,0,0.0013448839039331873
03-01-02-02-01-02-23.wav,23,male,calm,0,1,1.0,0,0.28589706351126315,0,0.6588429766565783,0,0.827162051765577,0,0.32,0,0.03222177863294826,0,0.02432803437113762,0,0.0008679310489639599
03-01-02-02-02-01-23.wav,23,male,calm,0,1,1.0,0,0.3808041470624639,0,0.7067073260280199,1,0.900149387162569,0,0.22,0,0.05317945017705764,0,0.011928183026611805,0,0.00046547136495139974
03-01-02-02-02-02-23.wav,23,male,calm,0,0,0.0,1,0.6079295314534626,1,0.8850336681447876,1,0.9782629216179111,0,0.42,0,0.05477786009995276,0,0.009537077508866787,0,0.0008999633567564496
03-01-03-01-01-01-23.wav,23,male,happy,1,1,1.0,1,0.8267263360550189,1,0.9405550981100569,1,0.9950154285667691,1,0.95,1,0.9806528709846475,1,0.9841398000717163,1,0.99950453777301
03-01-03-01-01-02-23.wav,23,male,happy,1,1,1.0,1,0.9740315867513606,1,0.9938393721987812,1,0.9999990835645662,1,1.0,1,0.9869817394281559,1,0.9973721504211426,1,0.9999603663487946
03-01-03-01-02-01-23.wav,23,male,happy,1,0,0.0,1,0.8952006697775514,1,0.9595493177240665,1,0.9999947244822981,1,0.99,1,0.9929986667928968,1,0.9998043179512024,1,0.9999669858572157
03-01-03-01-02-02-23.wav,23,male,happy,1,1,1.0,1,0.930790477843542,1,0.9700379117341573,1,0.9999961507050381,1,1.0,1,0.9886564303537024,1,0.9999213218688965,1,0.999979154167642
03-01-03-02-01-01-23.wav,23,male,happy,1,1,1.0,1,0.9996769271842129,1,0.9999999945722065,1,0.9999999975419966,1,1.0,1,0.9923638490717375,1,0.9999542236328125,1,0.9999888126596775
03-01-03-02-01-02-23.wav,23,male,happy,1,1,1.0,1,0.9997302082607473,1,0.9999999955276354,1,0.999999999251336,1,1.0,1,0.9960346915514776,1,0.9999538660049438,1,0.9999901613350181
03-01-03-02-02-01-23.wav,23,male,happy,1,1,1.0,1,0.9996274409219434,1,0.9999999893855982,1,0.9999999984608914,1,1.0,1,0.9933068818527339,1,0.999618411064148,1,0.9999891696862125
03-01-03-02-02-02-23.wav,23,male,happy,1,1,1.0,1,0.9927496702841044,1,0.9999926515315646,1,0.9999995887694237,1,0.99,1,0.9939744398168816,1,0.999659538269043,1,0.9999867255856054
03-01-04-01-01-01-23.wav,23,male,sad,1,1,1.0,0,0.1389716343633305,0,0.39882853623677283,0,0.203423292386166,0,0.39,0,0.3716895315614196,0,0.05106145143508911,0,0.024271708866780265
03-01-04-01-01-02-23.wav,23,male,sad,1,1,1.0,0,0.2139263372006492,0,0.5157353213154445,0,0.3336444517314623,1,0.76,1,0.8857268669289162,1,0.9625568389892578,1,0.9898823690595528
03-01-04-01-02-01-23.wav,23,male,sad,1,1,1.0,1,0.5829589534528833,1,0.8761607315579497,1,0.9896802491286689,1,0.85,1,0.9278109117597197,1,0.9942050576210022,1,0.9993110336428859
03-01-04-01-02-02-23.wav,23,male,sad,1,1,1.0,0,0.45707290550369634,1,0.8542765800800094,1,0.9887463392312754,1,0.94,1,0.9784211368586939,1,0.9962888956069946,1,0.9997532971269157
03-01-04-02-01-01-23.wav,23,male,sad,1,1,1.0,1,0.9336398362558503,1,0.9577862279398931,1,0.9787675182531399,1,0.95,1,0.9787412685887984,1,0.9984887838363647,1,0.9996577652149213
03-01-04-02-01-02-23.wav,23,male,sad,1,1,1.0,1,0.9733458413512821,1,0.9833496139757941,1,0.9949485714814427,1,0.91,1,0.9797348408220001,1,0.9982665181159973,1,0.9983602744596065
03-01-04-02-02-01-23.wav,23,male,sad,1,1,1.0,1,0.8758167899706959,1,0.9506967044111608,1,0.9999994315269892,1,0.82,1,0.9688725122570832,1,0.9987043142318726,1,0.9999731521401303
03-01-04-02-02-02-23.wav,23,male,sad,1,1,1.0,1,0.9730169149702189,1,0.985751947508369,1,0.9972056633200769,1,0.97,1,0.9866490692290604,1,0.9997013211250305,1,0.9998382615641599
03-01-05-01-01-01-23.wav,23,male,angry,1,0,0.0,1,0.9983688575049167,1,0.9999997569349078,1,0.999999998899449,1,1.0,1,0.9939275285862661,1,0.9994977712631226,1,0.9999864707113267
03-01-05-01-01-02-23.wav,23,male,angry,1,1,1.0,1,0.9981749782195097,1,0.9999997015622194,1,0.999999996817515,1,1.0,1,0.9939275285862661,1,0.9993563294410706,1,0.9999811637774552
03-01-05-01-02-01-23.wav,23,male,angry,1,1,1.0,1,0.9963800262416873,1,0.9999982619377706,1,0.999999984027207,1,1.0,1,0.9925315623703025,1,0.9960477948188782,1,0.999961665893003
03-01-05-01-02-02-23.wav,23,male,angry,1,1,1.0,1,0.9979229913683347,1,0.9999993387580733,1,0.9999999957193765,1,1.0,1,0.9954930917041835,1,0.9995433688163757,1,0.9999827115440395
03-01-05-02-01-01-23.wav,23,male,angry,1,1,1.0,1,0.9999999224744833,1,0.9999999999999699,1,0.9999999192326916,1,0.99,1,0.9935313941925521,1,0.9997439980506897,1,0.9999696763880024
03-01-05-02-01-02-23.wav,23,male,angry,1,1,1.0,1,0.9999998790753573,1,0.9999999999999699,1,0.9999999464456626,1,1.0,1,0.9943471354281803,1,0.9997912049293518,1,0.9999882547863623
03-01-05-02-02-01-23.wav,23,male,angry,1,0,0.0,1,0.99999999999109,1,0.9999999999999699,1,0.999994656975593,1,1.0,1,0.9957103663020629,1,0.9997337460517883,1,0.9999882458810324
03-01-05-02-02-02-23.wav,23,male,angry,1,0,0.0,1,0.9999999997585074,1,0.9999999999999699,1,0.9999984135275248,1,1.0,1,0.9947838719015172,1,0.9990719556808472,1,0.9999730807192031
03-01-06-01-01-01-23.wav,23,male,fearful,1,1,1.0,1,0.9145968902730214,1,0.9729442859818679,1,0.9999880641142781,1,1.0,1,0.9872002691041288,1,0.9998186230659485,1,0.9999839500825694
03-01-06-01-01-02-23.wav,23,male,fearful,1,0,0.0,0,0.4865841523865175,0,0.7648037743271905,1,0.8879063918246707,1,0.89,1,0.9511735642350895,1,0.9899279475212097,1,0.996726673304063
03-01-06-01-02-01-23.wav,23,male,fearful,1,1,1.0,1,0.7486780885832393,1,0.8961628925186048,1,0.9707561296510906,1,0.89,1,0.9728877146753802,1,0.9791777729988098,1,0.992500306924593
03-01-06-01-02-02-23.wav,23,male,fearful,1,1,1.0,1,0.6592833169876504,1,0.8128382444802432,1,0.9535721164710131,1,0.91,1,0.9847839558317777,1,0.9989678859710693,1,0.9998869780108183
03-01-06-02-01-01-23.wav,23,male,fearful,1,1,1.0,1,0.9825714032408329,1,0.9963127584807409,1,0.9999997963753153,1,1.0,1,0.9953685723756973,1,0.9998692274093628,1,0.9999674320497292
03-01-06-02-01-02-23.wav,23,male,fearful,1,0,0.0,1,0.9872300890504925,1,0.9967888491084304,1,0.9999999152609743,1,1.0,1,0.9958311605469792,1,0.9999344348907471,1,0.9999728742298528
03-01-06-02-02-01-23.wav,23,male,fearful,1,1,1.0,1,0.9996525846786651,1,0.9999999862219721,1,0.9999999999788125,1,0.99,1,0.9950761523211207,1,0.9999243021011353,1,0.9999887698031932
03-01-06-02-02-02-23.wav,23,male,fearful,1,1,1.0,1,0.9936221793620106,1,0.9999930825773304,1,0.9999999975764022,1,1.0,1,0.9917818729517812,1,0.9999171495437622,1,0.999983301179128
03-01-07-01-01-01-23.wav,23,male,disgust,1,1,1.0,1,0.9774660748793906,1,0.9921379026354956,1,0.9999999426217833,1,0.99,1,0.9924083308706182,1,0.9999724626541138,1,0.9999692658791369
03-01-07-01-01-02-23.wav,23,male,disgust,1,1,1.0,1,0.973579618567882,1,0.9912840324714787,1,0.9999996935648766,1,0.95,1,0.9821459356786832,1,0.9997871518135071,1,0.9998842672575621
03-01-07-01-02-01-23.wav,23,male,disgust,1,1,1.0,1,0.9998674146949785,1,0.9999970272174323,1,0.9967576546217591,1,0.99,1,0.9932280559351622,1,0.999954104423523,1,0.9999826856775603
03-01-07-01-02-02-23.wav,23,male,disgust,1,1,1.0,1,0.9521296333446218,1,0.9860902641575761,1,0.9999945675401908,1,0.98,1,0.9860246588131386,1,0.9997808337211609,1,0.9999658240335463
03-01-07-02-01-01-23.wav,23,male,disgust,1,1,1.0,1,0.999957752338085,1,0.9999999992511088,1,0.999999135993145,1,1.0,1,0.9958202964226669,1,0.9998651742935181,1,0.9999046459870866
03-01-07-02-01-02-23.wav,23,male,disgust,1,1,1.0,1,0.998997909029278,1,0.9999996057896308,1,0.9999999951222045,1,1.0,1,0.9962276679094362,1,0.9999308586120605,1,0.9999918934157093
03-01-07-02-02-01-23.wav,23,male,disgust,1,1,1.0,1,0.9992787699281667,1,0.999999820497064,1,0.9999999992991399,1,1.0,1,0.9977561132794811,1,0.9999638795852661,1,0.9999916215515603
03-01-07-02-02-02-23.wav,23,male,disgust,1,1,1.0,1,0.9993588534867904,1,0.9999999064309552,1,0.9999999997802058,1,1.0,1,0.9984114581859912,1,0.9999709129333496,1,0.9999893136849313
03-01-08-01-01-01-23.wav,23,male,surprised,1,1,1.0,1,0.9982002881661627,1,0.9999995353099226,1,0.9999999819281354,1,1.0,1,0.9964618834275856,1,0.9998244643211365,1,0.9999879325126932
03-01-08-01-01-02-23.wav,23,male,surprised,1,1,1.0,1,0.9911774723319718,1,0.9973951791014201,1,0.9999999888341196,1,0.99,1,0.9925893936366218,1,0.9996359348297119,1,0.9999904521837814
03-01-08-01-02-01-23.wav,23,male,surprised,1,0,0.0,1,0.9887820253470299,1,0.9999905543970123,1,0.9999996798989181,1,0.99,1,0.99432530758136,1,0.9995794892311096,1,0.999958509876242
03-01-08-01-02-02-23.wav,23,male,surprised,1,1,1.0,1,0.9998682970402133,1,0.9999999983734122,1,0.9999999967404456,1,0.97,1,0.9918423066319012,1,0.9991436004638672,1,0.9999836503922644
03-01-08-02-01-01-23.wav,23,male,surprised,1,1,1.0,1,0.9999441992687474,1,0.9999999998939022,1,0.9999999982805358,1,1.0,1,0.9967359492647648,1,0.99994957447052,1,0.9999908760339343
03-01-08-02-01-02-23.wav,23,male,surprised,1,1,1.0,1,0.9992857887715155,1,0.9999999460981781,1,0.9999999989600601,1,1.0,1,0.9964618834275856,1,0.9999127388000488,1,0.999989969218357
03-01-08-02-02-01-23.wav,23,male,surprised,1,1,1.0,1,0.9999473056979155,1,0.999999999883022,1,0.9999999997000464,1,1.0,1,0.9966799941653485,1,0.9999661445617676,1,0.99999082099746
03-01-08-02-02-02-23.wav,23,male,surprised,1,1,1.0,1,0.999694643459591,1,0.9999999933833943,1,0.999999999056398,1,1.0,1,0.9950910984993998,1,0.9998929500579834,1,0.9999866093985397
03-01-01-01-01-01-24.wav,24,female,neutral,0,0,0.0,0,0.26726873845873106,0,0.4392152634388195,0,0.27919228414689834,1,0.52,1,0.6703473433738566,1,0.8070564866065979,1,0.6697706807386556
03-01-01-01-01-02-24.wav,24,female,neutral,0,1,1.0,0,0.4322426790498243,0,0.6178943628905731,0,0.5329743590227339,0,0.4,0,0.12359936084612791,0,0.06500536948442459,0,0.022877065895746916
03-01-01-01-02-01-24.wav,24,female,neutral,0,1,1.0,1,0.5504026186240175,0,0.7640456586410579,0,0.6289449015013681,0,0.48,1,0.6548190522098697,1,0.5684114098548889,1,0.8193023796335989
03-01-01-01-02-02-24.wav,24,female,neutral,0,1,1.0,1,0.5955491337864375,0,0.7754401584124919,0,0.6247079179804497,1,0.72,1,0.6864298634315621,1,0.5110194087028503,1,0.6643507437291272
03-01-02-01-01-01-24.wav,24,female,calm,0,1,1.0,0,0.03035761070114551,0,0.18142145842147325,0,0.09775282082194933,0,0.15,0,0.022173904643460623,0,0.0006425997707992792,0,0.0002192023090130759
03-01-02-01-01-02-24.wav,24,female,calm,0,1,1.0,0,0.016256686752984563,0,0.08676867962842692,0,0.10032613866652018,0,0.21,0,0.044046703429075885,0,0.009338396601378918,0,0.0008948371270277312
03-01-02-01-02-01-24.wav,24,female,calm,0,1,1.0,0,0.033407573942987406,0,0.23720693976665672,0,0.36635496578917665,0,0.34,0,0.12976518237628232,0,0.281057208776474,0,0.0011297009638898143
03-01-02-01-02-02-24.wav,24,female,calm,0,1,1.0,0,0.028532810017599778,0,0.2043079385318211,0,0.27507174824335284,1,0.73,1,0.8330354591024537,0,0.4780109226703644,1,0.9802388865993618
03-01-02-02-01-01-24.wav,24,female,calm,0,1,1.0,0,0.024873186020234413,0,0.13329984277793702,0,0.23538803193111116,0,0.04,0,0.028720483781307867,0,0.0023741936311125755,0,9.279291024830493e-05
03-01-02-02-01-02-24.wav,24,female,calm,0,1,1.0,0,0.039209008084882056,0,0.2236106349618556,0,0.13740258786000162,0,0.18,0,0.018782456265122323,0,0.001401884714141488,0,0.00024505022894059664
03-01-02-02-02-01-24.wav,24,female,calm,0,1,1.0,0,0.04005979626591801,0,0.25358261140357286,0,0.1887824074244958,0,0.05,0,0.03208811689875667,0,0.0021647103130817413,0,0.00032299017644233003
03-01-02-02-02-02-24.wav,24,female,calm,0,0,0.0,0,0.06411378208754469,0,0.3857657548224815,0,0.2574889200073676,0,0.03,0,0.024458880005243336,0,0.0005124549497850239,0,0.00011742422893358741
03-01-03-01-01-01-24.wav,24,female,happy,1,1,1.0,1,0.5659933281750245,0,0.7012164479404327,0,0.6476006791706469,1,0.92,1,0.9426932330127544,1,0.9598327279090881,1,0.9974118230781819
03-01-03-01-01-02-24.wav,24,female,happy,1,1,1.0,1,0.5625294292796147,0,0.7801292615420904,0,0.6039489092171063,1,0.72,1,0.752873052746423,1,0.7235360145568848,1,0.5393656291117768
03-01-03-01-02-01-24.wav,24,female,happy,1,0,0.0,1,0.5294195283081532,0,0.7783930565135468,0,0.6596494417730604,1,0.84,1,0.754536333353727,1,0.8495089411735535,1,0.8822084103725234
03-01-03-01-02-02-24.wav,24,female,happy,1,1,1.0,1,0.8764252075198945,1,0.962103667647534,1,0.973631679847872,1,0.91,1,0.8266117648452652,1,0.9333729147911072,1,0.9962126270090794
03-01-03-02-01-01-24.wav,24,female,happy,1,1,1.0,1,0.9774610420217779,1,0.9861432233801996,1,0.9945083604958787,1,1.0,1,0.9961767159218162,1,0.9986261129379272,1,0.9999728701743007
03-01-03-02-01-02-24.wav,24,female,happy,1,1,1.0,1,0.9749951625818652,1,0.9829625947205333,1,0.9939235182092058,1,0.99,1,0.9913335396207739,1,0.9966657757759094,1,0.9998713980038435
03-01-03-02-02-01-24.wav,24,female,happy,1,1,1.0,1,0.9756864508862425,1,0.990009299227905,1,0.9904800401027422,1,1.0,1,0.9872447250833485,1,0.9929648637771606,1,0.9999713385038413
03-01-03-02-02-02-24.wav,24,female,happy,1,1,1.0,1,0.9979542289616996,1,0.999997795892714,1,0.9937813137180799,1,0.99,1,0.9880224335857316,1,0.9873049855232239,1,0.9999686433465547
03-01-04-01-01-01-24.wav,24,female,sad,1,1,1.0,0,0.05305073062343183,0,0.2559028872570774,0,0.1488187782324848,0,0.06,0,0.04236800974203449,0,0.010915601626038551,0,0.0006790713138236918
03-01-04-01-01-02-24.wav,24,female,sad,1,1,1.0,0,0.00711329501317306,0,0.04417014359853367,0,0.5313332760503802,1,0.74,1,0.9332731568082985,1,0.939816951751709,1,0.9952699345826669
03-01-04-01-02-01-24.wav,24,female,sad,1,1,1.0,0,0.28815851610225435,0,0.5984114751498537,0,0.7278175697012678,1,0.82,1,0.7945398178119775,1,0.9865781664848328,1,0.9993666007527616
03-01-04-01-02-02-24.wav,24,female,sad,1,1,1.0,0,0.0845079356987414,0,0.44288749469930816,0,0.2708338292172342,0,0.14,0,0.03868371168237457,0,0.006065028719604015,0,0.0005126930351162478
03-01-04-02-01-01-24.wav,24,female,sad,1,1,1.0,1,0.9918886841950757,1,0.9999825482274951,1,0.9923196166220298,1,0.93,1,0.9874897144325276,1,0.9990471005439758,1,0.9998989838032838
03-01-04-02-01-02-24.wav,24,female,sad,1,1,1.0,1,0.9215157148692005,1,0.9570470977559803,1,0.8898040838142656,1,0.96,1,0.9887247452708344,1,0.9947927594184875,1,0.9991056050894124
03-01-04-02-02-01-24.wav,24,female,sad,1,1,1.0,1,0.918870913148864,1,0.9814629260320088,1,0.9891094480571461,1,0.91,1,0.9381023165556805,1,0.9395178556442261,1,0.999621477863753
03-01-04-02-02-02-24.wav,24,female,sad,1,1,1.0,1,0.5932294724398351,1,0.8518171039225517,1,0.9533302403615773,1,0.92,1,0.9324461449229566,1,0.9907624125480652,1,0.9996659689134486
03-01-05-01-01-01-24.wav,24,female,angry,1,0,0.0,1,0.9972057462817565,1,0.9999941359023128,1,0.9999904013039109,1,1.0,1,0.993235413641997,1,0.9980631470680237,1,0.9999127550007099
03-01-05-01-01-02-24.wav,24,female,angry,1,1,1.0,1,0.9973382792593497,1,0.9999918915110514,1,0.9999956426949648,1,1.0,1,0.9962528227147579,1,0.9988787770271301,1,0.9999729164610034
03-01-05-01-02-01-24.wav,24,female,angry,1,1,1.0,1,0.991920591260413,1,0.9962847577169279,1,0.9962891672729123,1,0.99,1,0.9924903649258134,1,0.9990881681442261,1,0.9997739130812023
03-01-05-01-02-02-24.wav,24,female,angry,1,1,1.0,1,0.9971892769788859,1,0.9999967973176069,1,0.9970893178750293,1,0.98,1,0.9919343338280057,1,0.9993170499801636,1,0.9999102818960808
03-01-05-02-01-01-24.wav,24,female,angry,1,1,1.0,1,0.9999984144712722,1,0.9999999999997872,1,0.9999856896797402,1,1.0,1,0.9976943715730049,1,0.9990660548210144,1,0.9999862688496185
03-01-05-02-01-02-24.wav,24,female,angry,1,1,1.0,1,0.9999576637157712,1,0.9999999992821232,1,0.9999978643562958,1,1.0,1,0.9976453562200297,1,0.9995970129966736,1,0.9999914637227532
03-01-05-02-02-01-24.wav,24,female,angry,1,0,0.0,1,0.9983643093948281,1,0.9999983039646632,1,0.9961229269548265,1,1.0,1,0.9971780055454573,1,0.999656081199646,1,0.9999904680098409
03-01-05-02-02-02-24.wav,24,female,angry,1,0,0.0,1,0.9998563988832622,1,0.9999999873476337,1,0.9963248322608554,1,1.0,1,0.9970060313113014,1,0.9998261332511902,1,0.9999825690835887
03-01-06-01-01-01-24.wav,24,female,fearful,1,1,1.0,1,0.9931301299269828,1,0.9969332087847179,1,0.9923094728412564,1,1.0,1,0.9921128807868448,1,0.9990434050559998,1,0.9999819569176489
03-01-06-01-01-02-24.wav,24,female,fearful,1,0,0.0,1,0.9950986812393693,1,0.9999889777164904,1,0.9970192955873063,1,1.0,1,0.9954526814903395,1,0.9984616041183472,1,0.9999848291849406
03-01-06-01-02-01-24.wav,24,female,fearful,1,1,1.0,1,0.9963995484050823,1,0.9999933001363149,1,0.9964331731572058,1,1.0,1,0.9960658515272024,1,0.9998828172683716,1,0.9999910259967882
03-01-06-01-02-02-24.wav,24,female,fearful,1,1,1.0,1,0.9938352217445768,1,0.999985960465861,1,0.9999813217587701,1,1.0,1,0.994829249625501,1,0.9999167919158936,1,0.9999911841533777
03-01-06-02-01-01-24.wav,24,female,fearful,1,1,1.0,1,0.999998925349276,1,0.9999999999997251,1,0.9969275410328479,1,1.0,1,0.995985450404179,1,0.999288022518158,1,0.9999883035960895
03-01-06-02-01-02-24.wav,24,female,fearful,1,0,0.0,1,0.9998694021983804,1,0.9999999789740496,1,0.996841048325967,1,1.0,1,0.9854875053196432,1,0.9980506896972656,1,0.9999808970665535
03-01-06-02-02-01-24.wav,24,female,fearful,1,1,1.0,1,0.9999990239020178,1,0.9999999999998277,1,0.9949541905961099,1,1.0,1,0.9947725912855583,1,0.9995228052139282,1,0.9999881832938143
03-01-06-02-02-02-24.wav,24,female,fearful,1,1,1.0,1,0.9999997137728311,1,0.9999999999999637,1,0.9963171803154754,1,1.0,1,0.9967545523407401,1,0.9997857213020325,1,0.9999910259967882
03-01-07-01-01-01-24.wav,24,female,disgust,1,1,1.0,1,0.9519401652476083,1,0.9839928630752561,1,0.9610971729978343,1,0.95,1,0.9972352930876256,1,0.9998550415039062,1,0.9999877944880151
03-01-07-01-01-02-24.wav,24,female,disgust,1,1,1.0,1,0.9681629659365311,1,0.9814213933647559,1,0.9942233148585632,1,0.99,1,0.9925774332504332,1,0.9992620348930359,1,0.9999835432695783
03-01-07-01-02-01-24.wav,24,female,disgust,1,1,1.0,1,0.9593961057381613,1,0.9886523991400115,1,0.9956394566690061,1,0.98,1,0.9631122848845877,1,0.994699239730835,1,0.9998856611823929
03-01-07-01-02-02-24.wav,24,female,disgust,1,1,1.0,1,0.960265329517806,1,0.994034515829293,1,0.950245344236446,1,0.98,1,0.9973445870657016,1,0.9998470544815063,1,0.9999819966246508
03-01-07-02-01-01-24.wav,24,female,disgust,1,1,1.0,1,0.9068367921784254,1,0.9590156139494208,1,0.9795345845396914,1,0.97,1,0.9915744707250099,1,0.9987635612487793,1,0.9999875607147133
03-01-07-02-01-02-24.wav,24,female,disgust,1,1,1.0,1,0.997411467678299,1,0.9999960755220162,1,0.9924449117966754,1,1.0,1,0.9971522427122455,1,0.9993032217025757,1,0.999991461189984
03-01-07-02-02-01-24.wav,24,female,disgust,1,1,1.0,1,0.9963295475338693,1,0.9999952016035911,1,0.9963672318847238,1,1.0,1,0.9959583018728586,1,0.9993276596069336,1,0.9999902478293227
03-01-07-02-02-02-24.wav,24,female,disgust,1,1,1.0,1,0.9895504001647439,1,0.9951823164347441,1,0.996533892763733,1,1.0,1,0.9944826323570006,1,0.9984318614006042,1,0.9999801760626181
03-01-08-01-01-01-24.wav,24,female,surprised,1,1,1.0,1,0.9330108394758821,1,0.980390539546027,1,0.9813678709102358,1,0.97,1,0.9743037861359818,1,0.9985092282295227,1,0.9999550900626408
03-01-08-01-01-02-24.wav,24,female,surprised,1,1,1.0,1,0.9844252481264373,1,0.9957239191989085,1,0.9968346263317102,1,1.0,1,0.9967641228841285,1,0.9997045397758484,1,0.999971821257708
03-01-08-01-02-01-24.wav,24,female,surprised,1,0,0.0,1,0.9792441830397155,1,0.9950091972871289,1,0.9973680392964333,1,1.0,1,0.9978445478064691,1,0.9998810291290283,1,0.9999907272850971
03-01-08-01-02-02-24.wav,24,female,surprised,1,1,1.0,1,0.9877471070173011,1,0.9967089497478363,1,0.9908609139528245,1,1.0,1,0.9886350362559704,1,0.9990758895874023,1,0.9999826881821723
03-01-08-02-01-01-24.wav,24,female,surprised,1,1,1.0,1,0.9939014894942937,1,0.9999969192506419,1,0.9918063273955541,1,1.0,1,0.9965491733306008,1,0.998278021812439,1,0.9999844985037724
03-01-08-02-01-02-24.wav,24,female,surprised,1,1,1.0,1,0.9871413457142557,1,0.9999821748002953,1,0.9915051128255966,1,0.99,1,0.996781903703491,1,0.9982737302780151,1,0.999981997646507
03-01-08-02-02-01-24.wav,24,female,surprised,1,1,1.0,1,0.9991481981707889,1,0.9999999140850568,1,0.999982279135655,1,1.0,1,0.9949397414496455,1,0.9991095662117004,1,0.9999729212534603
03-01-08-02-02-02-24.wav,24,female,surprised,1,1,1.0,1,0.999493479492834,1,0.9999999850441859,1,0.9999917542170854,1,1.0,1,0.9963053297999591,1,0.999006450176239,1,0.9999825587285575
